symbol,longName,category,fundFamily,totalAssets,yield,threeYearAverageReturn,fiveYearAverageReturn,netAssets,navPrice,previousClose,open,marketCap,volume,averageVolume,trailingPE,forwardPE,dividendYield,lastDividendValue
AAA,Alternative Access First Priority CLO Bond ETF,Ultrashort Bond,Alternative Access Funds,42301280.0,0.0592,0.062602,,42301280.0,24.98,24.955,24.9951,,4269,18392,,,5.92,
AAAU,Goldman Sachs Physical Gold ETF,Commodities Focused,Goldman Sachs,1503129728.0,0.0,0.2171374,0.139214,1503129730.0,33.02,32.495,33.14,,2973796,2131577,,,0.0,
AADR,AdvisorShares Dorsey Wright ADR ETF,Foreign Large Growth,AdvisorShares,38806268.0,0.0123000005,0.1474686,0.1254817,38806268.0,79.2408,79.57,78.91,,1395,8841,15.261313,,1.23,
AAPB,GraniteShares 2x Long AAPL Daily ETF,Trading--Leveraged Equity,Graniteshares,18188076.0,0.0,,,18188076.0,18.5,19.74,18.26,,468904,223707,,,0.0,
AAPD,Direxion Daily AAPL Bear 1X Shares,Trading--Inverse Equity,Direxion Funds,35389956.0,0.0374,,,35389956.0,18.475,17.93,18.63,,2796234,1847798,,,3.74,
AAPR,Innovator Equity Defined Protection ETF - 2 Yr To April 2026,Defined Outcome,Innovator ETFs,60218808.0,0.0,,,60218808.0,26.602,26.7675,26.62,,133,13946,24.544579,,0.0,
AAPU,Direxion Daily AAPL Bull 2X Shares,Trading--Leveraged Equity,Direxion Funds,84997824.0,0.2326,,,84997824.0,20.222,21.57,19.91,,5970735,1766595,28.13925,,23.26,
AAPW,Roundhill AAPL WeeklyPay ETF,Trading--Miscellaneous,Roundhill Investments,2383701.0,,,,2383701.0,36.4886,36.4704,35.35,,7703,5377,,,,
AAPX,T-Rex 2X Long Apple Daily Target ETF,Trading--Leveraged Equity,"Tuttle Capital Management, LLC",6486448.0,0.0,,,6486448.0,17.42,18.61,17.16,,221558,127858,28.139694,,0.0,
AAPY,Kurv Yield Premium Strategy Apple ETF,Derivative Income,Kurv Investment Management Inc.,4001061.0,0.2039,,,4001061.0,20.6361,21.2134,20.54,,2575,5204,,,20.39,
AAVM,Alpha Architect Global Factor Equity ETF,,,,,,,,,25.67,25.7001,,210,3482,13.735183,,,
AAXJ,iShares MSCI All Country Asia ex Japan ETF,Pacific/Asia ex-Japan Stk,iShares,2446040576.0,0.018099999,0.0608271,0.0654387,2446040580.0,78.64979,78.35,78.1,,197346,505544,15.05597,,1.81,
ABCS,Alpha Blue Capital US Small-Mid Cap Dynamic ETF,Mid-Cap Value,ALPHA BLUE CAPITAL,9595112.0,0.014199999,,,9595112.0,27.6264,27.7221,27.5173,,5252,4693,14.860704,,1.42,
ABEQ,Absolute Select Value ETF,Large Value,Absolute Investment Advisers,100063640.0,0.0138,0.078611106,0.1059818,100063640.0,33.95,33.78,33.76,,6873,10893,18.33708,,1.38,
ABFL,Abacus FCF Leaders ETF,Large Blend,FCF Funds,656618304.0,0.0082,0.142533,0.1640907,656618300.0,67.6845,67.6,66.78,,8410,26196,32.72244,,0.82,
ABHY,Abacus FCF ETF Trust - Abacus Tactical High Yield ETF,,,,,,,,,19.4107,19.29,,211,838,,,,
ABIG,Argent Large Cap ETF,,,,,,,,,28.6946,28.28,,11231,22340,27.167576,,,
ABLD,Abacus FCF ETF Trust - Abacus FCF Real Assets Leaders ETF,,,,,,,,,27.8949,27.7,,2385,30728,,,,
ABLG,Abacus FCF ETF Trust - Abacus FCF International Leaders ETF,,,,,,,,,30.4005,30.28,,616,56601,,,,
ABLS,Abacus FCF Small Cap Leaders ETF,Small Blend,FCF Funds,1114215.0,,,,1114215.0,23.0989,23.2248,23.0428,,702,100,20.850079,,,
ABNY,,Derivative Income,YieldMax ETFs,28452800.0,,,,28452800.0,11.8066,11.92,11.75,,12321,14523,,,,
ABOT,Abacus FCF ETF Trust - Abacus FCF Innovation Leaders ETF,,,,,,,,,36.6695,36.46,,587,1415,,,,
ACES,ALPS Clean Energy ETF,Miscellaneous Sector,ALPS,85849360.0,0.012999999,-0.20283939,-0.0594149,85849360.0,24.51,24.35,24.02,,48136,75642,23.28544,,1.3,
ACGR,American Century ETF Trust - American Century Large Cap Growth ETF,,,,,,,,,56.057,55.28,,1231,1012,,,,
ACIO,Aptus Collared Investment Opportunity ETF,Equity Hedged,APTUS ETFs,1748457856.0,0.0045,0.119088896,0.112467095,1748457860.0,39.7349,39.86,39.55,,87822,174795,25.869562,,0.45,
ACLC,American Century ETF Trust - American Century Large Cap Equity ETF,,,,,,,,,68.35,67.71,,5727,27117,,,,
ACLO,TCW AAA CLO ETF,,,,,,,,,50.295,50.25,,1682,29941,,,,
ACSI,American Customer Satisfaction ETF,Large Blend,Exponential ETFs,90918000.0,0.0072000003,0.13188191,0.1512524,90918000.0,60.4746,59.6448,61.2,,163,463,22.93388,,0.72,
ACTV,LeaderShares Activist Leaders ETF,Small Value,"Redwood Investment Management, LLC",16363260.0,0.0088,-0.0108453,,16363260.0,30.18,30.3036,30.065,,2925,30460,22.695463,,0.88,
ACVF,American Conservative Values ETF,Large Blend,ACV ETFs,116540544.0,0.0062,0.1494304,,116540544.0,44.5,44.67,44.3227,,1469,8433,25.878109,,0.62,
ACVT,Advent Convertible Bond ETF,Convertibles,Advent Funds,501250.0,,,,501250.0,25.4995,25.54,25.56,,563,56672,,,,
ACWI,iShares MSCI ACWI ETF,Global Large-Stock Blend,iShares,20268957696.0,0.0171,0.13042599,0.138551,20268957700.0,122.27611,122.68,121.29,,2790632,3436849,21.160702,,1.71,
ACWV,iShares MSCI Global Min Vol Factor ETF,Global Large-Stock Blend,iShares,3396768000.0,0.0217,0.0905696,0.088368595,3396768000.0,118.05773,117.78,117.49,6089316352.0,1006265,224987,19.514112,,2.17,
ACWX,iShares MSCI ACWI ex U.S. ETF,Foreign Large Blend,iShares,6012743168.0,0.0272,0.0999088,0.1106563,6012743200.0,59.47797,59.26,58.86,,1008545,1780653,16.29084,,2.72,
ADBG,Leverage Shares 2X Long ADBE Daily ETF,,,,,,,,,16.34,15.8,,2575,5060,,,,
ADFI,Anfield Dynamic Fixed Income ETF,Intermediate Core-Plus Bond,Anfield,46950532.0,0.032899998,0.018925,,46950532.0,8.38,8.395,8.37,,19672,15460,,,3.29,
ADIV,SmartETFs Asia Pacific Dividend Builder ETF,Pacific/Asia ex-Japan Stk,SmartETFs,8968701.0,0.0497,0.096976005,0.1184394,8968701.0,16.3984,16.4468,16.53,,1001,6384,12.373825,,4.97,
ADME,Aptus Drawdown Managed Equity ETF,Equity Hedged,APTUS ETFs,222463824.0,0.0047,0.08769339,0.0843074,222463824.0,45.6303,45.8423,45.5091,,6214,18647,26.129742,,0.47,
ADPV,Adaptiv Select ETF,Mid-Cap Blend,Adaptive ETF,121372824.0,0.0069,,,121372824.0,33.9909,34.03,33.56,,19338,25734,19.341599,,0.69,
ADVE,Matthews Asia Dividend Active ETF,Diversified Pacific/Asia,Matthews Asia Funds,3273666.0,0.0558,,,3273666.0,34.325,34.2564,34.16,,657,730,14.273913,,5.58,
AESR,Anfield U.S. Equity Sector Rotation ETF,Large Blend,Anfield,127653968.0,0.0018000001,0.1521439,0.1530496,127653968.0,17.65,17.7514,17.64,,16005,25226,23.449617,,0.18,
AETH,Bitwise Trendwise Ethereum & Treasuries Rotation Strategy ETF,Digital Assets,Bitwise Investments,5465847.0,0.1997,,,5465847.0,38.996,40.0931,39.26,,1938,1990,,,19.97,
AFIF,Anfield Universal Fixed Income ETF,Multisector Bond,Regents Park Funds,134015312.0,0.048299998,0.0635827,0.025502801,134015312.0,9.21,9.24,9.22,,7788,30760,,,4.83,
AFIX,Allspring Broad Market Core Bond ETF,Intermediate Core Bond,Allspring Global Investments,157329184.0,,,,157329184.0,24.4723,24.4456,24.47,,1252,12387,,,,
AFK,VanEck Africa Index ETF,Miscellaneous Region,VanEck,43657672.0,0.0,0.0194426,0.0752587,43657672.0,18.8,18.83,18.75,,17272,20115,9.631028,,0.0,
AFLG,First Trust Active Factor Large Cap ETF,Large Blend,First Trust,252390320.0,0.0069999998,0.1450351,0.15227419,252390320.0,34.49,34.7,34.32,,421426,99753,20.963335,,0.7,
AFMC,First Trust Active Factor Mid Cap ETF,Mid-Cap Blend,First Trust,56920116.0,0.0086,0.1238591,0.14937,56920116.0,30.97,31.09,30.77,,14506,25100,15.101353,,0.86,
AFSC,abrdn Focused U.S. Small Cap Active ETF,,,,,,,,,27.4345,27.36,,85319,7646,18.370665,,,
AFSM,First Trust Active Factor Small Cap ETF,Small Blend,First Trust,33048544.0,0.0073,0.0832927,0.1328216,33048544.0,28.65,28.6772,28.49,,1504,9949,14.183377,,0.73,
AGEM,abrdn Emerging Markets Dividend Active ETF,,,,,,,,,31.2997,31.1686,,3198,2101,13.810132,,,
AGG,iShares Core U.S. Aggregate Bond ETF,Intermediate Core Bond,iShares,123929354240.0,0.0375,0.0143005,-0.0106246,123929354000.0,97.13057,97.1,97.34,55679623168.0,5191138,8802177,124.03061,,3.75,
AGGA,Astoria Dynamic Core US Fixed Income ETF,,,,,,,,,24.87,24.88,,27998,96581,,,,
AGGH,Simplify Aggregate Bond ETF,Intermediate Core Bond,Simplify Asset Management,318069184.0,0.0793,0.01517,,318069184.0,19.9474,19.78,19.86,,63847,156057,,,7.93,
AGGS,Harbor Disciplined Bond ETF,Intermediate Core-Plus Bond,Harbor,27735720.0,,,,27735720.0,40.39297,40.3,40.389,,1240,293,,,,
AGGY,WisdomTree Yield Enhanced U.S. Aggregate Bond Fund,Intermediate Core Bond,WisdomTree,831981824.0,0.044699997,0.018500201,-0.0117184995,831981820.0,42.735,42.69,42.76,,110619,120723,,,4.47,
AGIH,iShares Inflation Hedged U.S. Aggregate Bond ETF,Inflation-Protected Bond,iShares,2483618.0,0.0366,,,2483618.0,24.49593,24.885,24.5,,3,117,,,3.66,
AGIX,KraneShares Artificial Intelligence and Technology ETF,Technology,KraneShares,21784480.0,,,,21784480.0,28.6,28.83,28.12,,14616,15769,33.239964,,,
AGMI,Themes Silver Miners ETF,Equity Precious Metals,Themes ETF Trust,612328.0,,,,612328.0,32.1349,31.6474,31.67,,1174,652,23.104654,,,
AGNG,Global X Aging Population ETF,Health,Global X Funds,57622508.0,0.008,0.070075996,0.064089596,57622508.0,31.04,30.99,30.8,,3539,6488,26.550081,,0.8,
AGOX,Adaptive Alpha Opportunities ETF,Tactical Allocation,Adaptive ETF,294325568.0,0.0,0.1015608,0.121722296,294325568.0,27.84342,27.91,27.78,,13224,54414,26.295725,,0.0,
AGQ,ProShares Ultra Silver,Trading--Leveraged Commodities,ProShares,570972608.0,0.0,0.1304844,0.0877883,570972610.0,41.508,40.38,40.88,,1515764,2080447,,,0.0,
AGQI,First Trust Active Global Quality Income ETF,Global Large-Stock Value,First Trust,53734732.0,0.027999999,0.0317937,0.0686369,53734732.0,14.86,14.79,14.69,,4493,8538,16.04114,,2.8,
AGRH,iShares Interest Rate Hedged U.S. Aggregate Bond ETF,Ultrashort Bond,iShares,7738710.0,0.0494,,,7738710.0,25.77895,25.745,25.75,,1653,30314,,,4.94,
AGRW,Allspring LT Large Growth ETF,Large Growth,Allspring Global Investments,113763416.0,,,,113763416.0,25.9333,26.1783,26.02,,10154,129951,34.747227,,,
AGZ,iShares Agency Bond ETF,Short Government,iShares,615167168.0,0.0353,0.0249976,0.0026508002,615167170.0,108.61216,108.74,108.98,,17192,42252,,,3.53,
AGZD,WisdomTree Interest Rate Hedged U.S. Aggregate Bond Fund,Nontraditional Bond,WisdomTree,126615608.0,0.0416,0.0565771,0.0380332,126615608.0,22.301,22.36,22.16,,36818,58693,,,4.16,
AHLT,American Beacon AHL Trend ETF,Systematic Trend,American Beacon,46121100.0,0.0,,,46121100.0,21.79,21.7,21.6,,9968,12858,,,0.0,
AHYB,American Century Select High Yield ETF,High Yield Bond,American Century Investments,34121808.0,0.0592,0.0664575,,34121808.0,45.6414,45.7151,45.6484,,32346,2533,,,5.92,
AIA,iShares Asia 50 ETF,Pacific/Asia ex-Japan Stk,iShares,632943040.0,0.026800001,0.0936094,0.0797043,632943040.0,76.20324,76.26,75.65,,64247,70534,13.813126,,2.68,
AIBD,Direxion Daily AI And Big Data Bear 2X Shares,Trading--Inverse Equity,Direxion Funds,1982896.0,,,,1982896.0,13.038,12.6997,13.24,,15233,11479,,,,
AIBU,Direxion Daily AI And Big Data Bull 2X Shares,Trading--Leveraged Equity,Direxion Funds,10353365.0,,,,10353365.0,32.994,33.76,32.77,,12870,17711,39.611805,,,
AIEQ,Amplify AI Powered Equity ETF,Mid-Cap Blend,Amplify ETFs,102225056.0,0.0029,0.0696573,0.087995596,102225056.0,39.693,40.0208,39.33,,3761,6823,15.926288,,0.29,
AIFD,TCW Artificial Intelligence ETF,Technology,TCW ETF,52299592.0,0.0,0.20787479,0.13899499,52299592.0,27.64465,27.68,27.47,,8492,15717,38.647297,,0.0,
AINP,Allspring Income Plus ETF,Multisector Bond,Allspring Global Investments,210379760.0,,,,210379760.0,24.6591,24.7034,24.69,,2303,30065,7.3283205,,,
AIPI,REX AI Equity Premium Income ETF,Derivative Income,Rex,266266848.0,,,,266266848.0,41.71,41.95,41.52,,118437,128893,37.217125,,,
AIQ,Global X Artificial Intelligence & Technology ETF,Technology,Global X Funds,2886075648.0,0.0014,0.22743349,0.16378081,2886075650.0,39.92,40.3,39.66,,483075,676607,27.507914,,0.14,
AIRL,Themes Airlines ETF,Miscellaneous Sector,Themes ETF Trust,811983.0,0.0149,,,811983.0,30.465,30.6223,30.6555,,30,261,8.794286,,1.49,
AIRR,First Trust RBA American Industrial RenaissanceTM ETF,Industrials,First Trust,3142241536.0,0.003,0.2539372,0.28440532,3142241540.0,75.67,75.42,74.09,,451951,493346,21.67893,,0.3,
AIS,VistaShares Artificial Intelligence Supercycle ETF,,,,,,,,,24.3088,24.0288,,5767,13463,,,,
AIVC,Amplify Bloomberg AI Value Chain ETF,,,,,,,,,47.4323,47.03,,744,1276,,,,
AIVI,WisdomTree International Al Enhanced Value Fund,Foreign Large Value,WisdomTree,50838128.0,0.0405,0.1160746,0.12555669,50838128.0,47.568,47.4166,47.50931,,2611,6838,14.596934,,4.05,
AIVL,WisdomTree U.S. Al Enhanced Value Fund,Mid-Cap Value,WisdomTree,374156672.0,0.0201,0.0736618,0.1178936,374156672.0,108.769,108.83,108.25,,1678,3403,18.205875,,2.01,
AIYY,YieldMax AI Option Income Strategy ETF,Derivative Income,YieldMax ETFs,86639040.0,1.2923,,,86639040.0,4.5218,4.52,4.48,,298649,455003,,,129.23,
AJAN,Innovator Equity Defined Protection ETF - 2 Yr To January 2026,Defined Outcome,Innovator ETFs,49264504.0,0.0,,,49264504.0,26.591,26.59,26.55,,242,9592,24.42791,,0.0,
AJUL,Innovator Equity Defined Protection ETF - 2 Yr to July 2026,Defined Outcome,Innovator ETFs,67632720.0,,,,67632720.0,27.1951,27.2559,27.12,,5270,13120,24.512733,,,
ALAI,Alger AI Enablers & Adopters ETF,Technology,Alger,28751986.0,0.0073,,,28751986.0,27.132,27.242,26.87,,6283,9898,34.315678,,0.73,
ALIL,Argent Focused Small Cap ETF,,,,,,,,,27.7129,27.57,,5913,11312,21.413582,,,
ALLW,SPDR Bridgewater ALL Weather ETF,Tactical Allocation,State Street Global Advisors,184491024.0,,,,184491024.0,25.10953,25.04,25.0,,77006,271951,18.84756,,,
ALTL,Pacer Lunt Large Cap Alternator ETF,Large Value,Pacer,129167520.0,0.0150999995,-0.0568741,,129167520.0,33.8826,33.819,33.76,,12095,17769,23.88804,,1.51,
ALTY,Global X Alternative Income ETF,Global Moderate Allocation,Global X Funds,31961162.0,0.08180001,0.060352802,0.0981131,31961162.0,11.37,11.3506,11.27,,8403,17633,19.3758,,8.18,
AMAX,Adaptive Hedged Multi-Asset Income ETF,Nontraditional Bond,Adaptive ETF,21718802.0,0.083900005,0.0507729,0.0221787,21718802.0,7.79887,7.875,7.8,,321,8288,26.757462,,8.39,
AMDD,Direxion Daily AMD Bear 1X Shares,Trading--Inverse Equity,Direxion Funds,2552681.0,,,,2552681.0,22.41,22.2999,22.725,,6500,4666,,,,
AMDG,Themes ETF Trust - Leverage Shares 2X Long AMD Daily ETF,,,,,,,,,10.41,9.71,,28672,46317,,,,
AMDL,GraniteShares 2x Long AMD Daily ETF,Trading--Leveraged Equity,Graniteshares,219312496.0,0.0,,,219312496.0,5.31,5.35,5.095,,26275016,21080201,,,0.0,
AMDS,Graniteshares 1x Short AMD Daily ETF,Trading--Inverse Equity,Graniteshares,2437686.0,0.0,,,2437686.0,15.27,15.23,15.6,,60011,39501,,,0.0,
AMDY,YieldMax AMD Option Income Strategy ETF,Derivative Income,YieldMax ETFs,129591184.0,0.96129996,,,129591184.0,7.5651,7.59,7.44,,266642,433622,,,96.13,
AMID,Argent Mid Cap ETF,Mid-Cap Blend,Argent,89900976.0,0.0036000002,,,89900976.0,32.2559,32.6,32.139,,10844,21968,23.470047,,0.36,
AMLP,Alerian MLP ETF,Energy Limited Partnership,ALPS,10101899264.0,0.0788,0.16878879,0.2284478,10101899300.0,48.43,48.06,47.82,,1115425,1430698,12.896699,,7.88,
AMOM,QRAFT AI-Enhanced U.S. Large Cap Momentum ETF,Large Growth,Exchange Traded Concepts,26698194.0,0.0,0.17195009,0.1372435,26698194.0,41.85,41.7649,41.3,,484,14152,33.89585,,0.0,
AMUU,Direxion Daily AMD Bull 2X Shares,Trading--Leveraged Equity,Direxion Funds,3765816.0,,,,3765816.0,21.116,21.3015,20.2,,17854,53377,,,,
AMZA,InfraCap MLP ETF,Energy Limited Partnership,Virtus,394651072.0,0.078099996,0.2157705,0.2854526,394651072.0,42.50269,42.1,42.06,,24604,39887,13.6327505,,7.81,
AMZD,Direxion Daily AMZN Bear 1X Shares,Trading--Inverse Equity,Direxion Funds,3940094.0,0.0404,,,3940094.0,11.989,11.86,12.13,,185499,334976,,,4.04,
AMZP,Kurv Yield Premium Strategy Amazon ETF,Derivative Income,Kurv Investment Management Inc.,11638572.0,0.23030001,,,11638572.0,27.0284,27.2385,26.935,,9396,13541,,,23.03,
AMZU,Direxion Daily AMZN Bull 2X Shares,Trading--Leveraged Equity,Direxion Funds,192615216.0,0.0378,,,192615216.0,31.465,32.17,30.78,,1112669,1486300,38.964577,,3.78,
AMZY,YieldMax AMZN Option Income Strategy ETF,Derivative Income,YieldMax ETFs,235083600.0,0.55689996,,,235083600.0,15.6201,15.78,15.53,,171851,221182,,,55.69,
AMZZ,GraniteShares 2x Long AMZN Daily ETF,Trading--Leveraged Equity,Graniteshares,35475436.0,0.0,,,35475436.0,26.28,26.89,25.6,,247036,387465,,,0.0,
ANEW,ProShares MSCI Transformational Changes ETF,Large Growth,ProShares,8041242.0,0.0104,0.1346152,,8041242.0,47.7146,47.5654,47.69,,0,725,29.073938,,1.04,
ANGL,VanEck Fallen Angel High Yield Bond ETF,High Yield Bond,VanEck,2802005248.0,0.0642,0.063164905,0.059917998,2802005250.0,28.46,28.45,28.39,,332308,1436609,59.50693,,6.42,
AOA,iShares Core 80/20 Aggressive Allocation ETF,Global Aggressive Allocation,iShares,2181670144.0,0.0231,0.105680704,0.1107404,2181670140.0,79.24904,79.29,78.86,,45993,112100,20.329903,,2.31,
AOCT,Innovator Equity Defined Protection ETF - 2 Yr to October 2026,Defined Outcome,Innovator ETFs,84823328.0,,,,84823328.0,25.1743,25.2154,25.2,,66670,15201,24.211369,,,
AOHY,Angel Oak High Yield Opportunities ETF,High Yield Bond,Angel Oak,114362120.0,0.066599995,0.0763814,0.070528,114362120.0,10.9446,10.97,10.97,,30070,52406,2.3323972,,6.66,
AOK,iShares Core 30/70 Conservative Allocation ETF,Global Conservative Allocation,iShares,639606080.0,0.033,0.053439498,0.0388962,639606080.0,37.87052,37.92,37.81,,58622,143353,19.733557,,3.3,
AOM,iShares Core 40/60 Moderate Allocation ETF,Global Moderately Conservative Allocation,iShares,1477836800.0,0.0313,0.063161895,0.053116396,1477836800.0,44.34482,44.32,44.31,,114405,147639,19.889832,,3.13,
AOR,iShares Core 60/40 Balanced Allocation ETF,Global Moderate Allocation,iShares,2308317440.0,0.0269,0.0839901,0.0818888,2308317440.0,58.92433,59.04,58.56,,132563,260304,20.07546,,2.69,
AOTG,AOT Growth and Innovation ETF,Technology,AOT Invest LLC,46998180.0,0.0,,,46998180.0,44.9926,45.6849,45.0062,,71,2071,39.386898,,0.0,
APCB,ActivePassive Core Bond ETF,Intermediate Core-Plus Bond,Active Passive Funds,819299392.0,0.044099998,,,819299390.0,29.0608,29.07,29.11,,138397,95331,,,4.41,
APED,STKd 100% MSTR & 100% COIN ETF,Derivative Income,Quantify Funds,929844.0,,,,929844.0,25.3783,25.485,23.745,,2309,2601,,,,
APIE,ActivePassive International Equity ETF,Foreign Large Blend,Active Passive Funds,881396864.0,0.0196,,,881396860.0,32.0198,32.1,31.51,,132927,85626,16.074606,,1.96,
APLU,Allspring Core Plus ETF,Intermediate Core-Plus Bond,Allspring Global Investments,207946304.0,,,,207946304.0,24.3582,24.3606,24.39,,2979,27807,7.2337413,,,
APLY,YieldMax AAPL Option Income Strategy ETF,Derivative Income,YieldMax ETFs,119292344.0,0.3,,,119292344.0,12.6182,13.0,12.58,,127706,86341,,,30.0,
APMU,ActivePassive Intermediate Municipal Bond ETF,Muni National Interm,Active Passive Funds,161999456.0,0.0254,,,161999456.0,24.5074,24.53,24.57,,45635,23777,,,2.54,
APOC,Innovator Equity Defined Protection ETF - 6 Mo Apr/Oct,Defined Outcome,Innovator ETFs,72873608.0,,,,72873608.0,25.2905,25.33,25.31,,1041,36861,24.493544,,,
APPX,Tradr 2X Long APP Daily ETF,,,,,,,,,41.21,38.77,,62154,101471,,,,
APRH,Innovator Premium Income 20 Barrier ETF - April,Defined Outcome,Innovator ETFs,26739912.0,0.066300005,,,26739912.0,24.6464,24.7489,24.63,,1152,9639,24.142567,,6.63,
APRJ,Innovator Premium Income 30 Barrier ETF - April,Defined Outcome,Innovator ETFs,37768140.0,0.0574,,,37768140.0,24.598,24.6422,24.65,,2653,9879,24.050154,,5.74,
APRP,PGIM S&P 500 Buffer 12 ETF - Apr,Defined Outcome,PGIM Investments,8728903.0,0.0,,,8728903.0,27.12,27.4712,27.5,,0,3676,24.777061,,0.0,
APRT,AllianzIM U.S. Large Cap Buffer10 Apr ETF,Defined Outcome,AllianzIM,42258760.0,0.0,0.1154261,,42258760.0,37.9366,37.8967,37.7301,,3725,6566,24.785217,,0.0,
APRW,AllianzIM U.S. Large Cap Buffer20 Apr ETF,Defined Outcome,AllianzIM,172803440.0,0.0,0.0799142,,172803440.0,32.623,32.57,32.47,,7995,33912,24.533636,,0.0,
APRZ,TrueShares Structured Outcome (April) ETF,Defined Outcome,TrueShares,24903948.0,0.029000001,0.1315168,,24903948.0,33.7659,34.3986,33.97,,34,10861,25.553263,,2.9,
APUE,ActivePassive U.S. Equity ETF,Large Blend,Active Passive Funds,1642860416.0,0.0084,,,1642860420.0,35.1283,35.37,34.89,,161884,149553,22.857384,,0.84,
APXM,,Defined Outcome,First Trust,5207143.0,,,,5207143.0,29.91,29.9478,29.945,,250,9172,24.283546,,,
AQLT,iShares MSCI Global Quality Factor ETF,Global Large-Stock Growth,iShares,182958752.0,,,,182958752.0,24.2226,24.4566,24.141,,13005,16328,25.071358,,,
AQWA,Global X Clean Water ETF,Natural Resources,Global X Funds,10369253.0,0.013200001,0.1102312,,10369253.0,18.17,18.2294,18.22,,1493,2553,21.291052,,1.32,
ARB,AltShares Merger Arbitrage ETF,Event Driven,AltShares,81959888.0,0.011,0.047396597,0.046903502,81959888.0,28.27,28.29,28.33,,19041,12120,,,1.1,
ARCM,Arrow Reserve Capital Management ETF,Ultrashort Bond,ArrowShares,46089820.0,0.047199998,0.0427493,0.0233599,46089820.0,100.41,100.385,100.53,,1226,1187,,,4.72,
AREA,Harbor AlphaEdge Next Generation REITs ETF,Real Estate,Harbor,1805496.0,,,,1805496.0,17.78766,19.0343,18.27,,3,103,25.519684,,,
ARGT,Global X MSCI Argentina ETF,Miscellaneous Region,Global X Funds,982632192.0,0.0136,0.48312512,0.3505249,982632190.0,92.97,93.37,92.27,,163076,344998,13.723693,,1.36,
ARKA,ARK 21Shares Active Bitcoin Futures Strategy ETF,Digital Assets,21Shares US LLC,8890234.0,0.29569998,,,8890234.0,68.2842,68.32,68.29,,380,2409,,,29.57,
ARKB,ARK 21Shares Bitcoin ETF,Digital Assets,21Shares US LLC,4717901824.0,0.0,,,4717901800.0,108.658,110.99,108.52,,730988,1086298,,,0.0,
ARKD,ARK 21Shares Digital Asset and Blockchain Strategy ETF,Digital Assets,21Shares US LLC,3984693.0,0.1458,,,3984693.0,47.7927,49.1257,48.24,,4167,5553,28.713356,,14.58,
ARKF,ARK Fintech Innovation ETF,Technology,ARK ETF Trust,904306304.0,0.0,0.3083319,0.0811068,904306300.0,40.569,40.95,40.09,,170625,384950,31.925146,,0.0,
ARKG,ARK Genomic Revolution ETF,Health,ARK ETF Trust,953877952.0,0.0,-0.1371027,-0.15595931,953877950.0,20.917,20.82,20.32,,1786031,3203844,,,0.0,
ARKK,ARK Innovation ETF,Mid-Cap Growth,ARK ETF Trust,5089136128.0,0.0,0.09988011,-0.0174658,5089136100.0,56.001,56.38,55.06,,7583307,13080742,35.680096,,0.0,
ARKQ,ARK Autonomous Technology & Robotics ETF,Technology,ARK ETF Trust,853496768.0,0.0,0.14213939,0.1306106,853496770.0,78.157,77.93,77.1,,218020,148936,30.239143,,0.0,
ARKW,ARK Next Generation Internet ETF,Technology,ARK ETF Trust,1497224576.0,0.0,0.30054042,0.1081779,1497224580.0,118.811,120.02,117.41,,210963,210879,34.666084,,0.0,
ARKX,ARK Space Exploration & Innovation ETF,Mid-Cap Growth,ARK ETF Trust,264333936.0,0.0,0.1185052,,264333936.0,20.352,20.38,20.02,,46637,83333,26.946386,,0.0,
ARKZ,ARK 21Shares Active Ethereum Futures Strategy ETF,Digital Assets,21Shares US LLC,4213347.0,0.0538,,,4213347.0,27.3791,28.1227,27.46,,51693,3898,,,5.38,
ARLU,AllianzIM U.S. Equity Buffer15 Uncapped Apr ETF,Defined Outcome,AllianzIM,37240056.0,0.0,,,37240056.0,26.5674,26.5749,26.48,,3287,15758,24.88318,,0.0,
ARMG,Themes ETF Trust - Leverage Shares 2X Long ARM Daily ETF,,,,,,,,,10.3,9.79,,36733,79328,,,,
ARMH,Precidian ETFs Trust - Arm Holdings PLC ADRhedged,,,,,,,,,57.0879,54.0,,103,491,,,,
ARMU,T-Rex 2X Long ARM Daily Target ETF,Trading--Leveraged Equity,"Tuttle Capital Management, LLC",582535.0,,,,582535.0,23.5473,24.3744,22.879,,1200,5841,,,,
ARP,Pmv Adaptive Risk Parity ETF,Tactical Allocation,PMV CAPITAL,39360008.0,0.0523,,,39360008.0,27.96,27.8608,27.97,,8628,11528,18.498022,,5.23,
ARTY,iShares Future AI & Tech ETF,Technology,iShares,788096064.0,0.0058,0.0934404,0.0711667,788096060.0,36.10327,36.36,35.86,,304698,325331,33.051266,,0.58,
ARVR,First Trust Indxx Metaverse ETF,Technology,First Trust,1964743.0,0.007900001,0.151366,,1964743.0,41.84,42.2423,41.95,,200,471,28.688658,,0.79,
ASEA,Global X FTSE Southeast Asia ETF,Pacific/Asia ex-Japan Stk,Global X Funds,61253404.0,0.0357,0.076994,0.11629599,61253404.0,16.88,16.76,16.84,,16067,30184,12.380829,,3.57,
ASET,FlexShares Real Assets Allocation Index Fund,Global Large-Stock Value,Flexshares Trust,7074238.0,0.035099998,0.0218414,0.0842486,7074238.0,32.0014,31.89,31.78,,400,1346,18.547178,,3.51,
ASHR,Xtrackers Harvest CSI 300 China A-Shares ETF,China Region,Xtrackers,1859936768.0,0.0116,-0.0265777,0.0136895,1859936770.0,26.964,27.06,26.89,,4497697,11055649,14.410227,,1.16,
ASHS,Xtrackers Harvest CSI 500 China A-Shares Small Cap ETF,China Region,Xtrackers,26426012.0,0.0069,-0.0368362,0.0155953,26426012.0,28.291,28.15,28.01,,4166,17215,20.573847,,0.69,
ASIA,Matthews Pacific Tiger Active ETF,Pacific/Asia ex-Japan Stk,Matthews Asia Funds,35241160.0,0.0058,,,35241160.0,27.96,27.789,27.7,,582,13707,16.614422,,0.58,
ASLV,Allspring Special Large Value ETF,Large Value,Allspring Global Investments,181617168.0,,,,181617168.0,24.874,24.9319,24.81,,1101,193609,18.415543,,,
ASMF,,Systematic Trend,Virtus,30092008.0,,,,30092008.0,22.44337,22.3741,22.1,,1792,19626,15.805523,,,
ASMG,Themes ETF Trust - Leverage Shares 2X Long ASML Daily ETF,,,,,,,,,14.06,13.29,,8453,27276,,,,
ASMH,Precidian ETFs Trust - ASML Holding NV ADRhedged,,,,,,,,,53.1587,51.09,,154,846,,,,
ATFV,Alger 35 ETF,Large Growth,Alger,25248098.0,0.0018000001,0.2217698,,25248098.0,26.223,26.2006,26.15,,3605,7880,38.341354,,0.18,
AUGM,FT Vest U.S. Equity Max Buffer ETF - August,Defined Outcome,First Trust,19795510.0,,,,19795510.0,32.17,32.3764,32.22,,0,3403,24.183926,,,
AUGP,PGIM S&P 500 Buffer 12 ETF - Aug,Defined Outcome,PGIM Investments,5015783.0,,,,5015783.0,27.178,27.3236,27.23,,100,14565,25.69979,,,
AUGT,AllianzIM U.S. Large Cap Buffer10 Aug ETF,Defined Outcome,AllianzIM,30077512.0,0.0,,,30077512.0,31.2122,31.2306,31.04,,411,2825,24.764053,,0.0,
AUGU,AllianzIM U.S. Equity Buffer15 Uncapped Aug ETF,Defined Outcome,AllianzIM,24557104.0,,,,24557104.0,25.9202,26.2359,25.9,,28,10088,24.704529,,,
AUGW,AllianzIM U.S. Large Cap Buffer20 Aug ETF,Defined Outcome,AllianzIM,162639328.0,0.0,,,162639328.0,29.5956,29.6011,29.52,,863,77892,24.573242,,0.0,
AUGZ,TrueShares Structured Outcome (August) ETF,Defined Outcome,TrueShares,59403004.0,0.0423,0.118159704,,59403004.0,38.4259,39.1798,39.07,,18,39173,,,4.23,
AUMI,Themes Gold Miners ETF,Equity Precious Metals,Themes ETF Trust,10897141.0,0.0125,,,10897141.0,54.9272,53.63,54.46,,5866,12250,17.478367,,1.25,
AUSF,Global X Adaptive U.S. Factor ETF,Mid-Cap Value,Global X Funds,486844352.0,0.028499998,0.1603207,0.1981268,486844352.0,43.09,43.35,42.85,,20663,66884,15.240874,,2.85,
AVDE,Avantis International Equity ETF,Foreign Large Blend,Avantis Investors,6449195008.0,0.0293,0.1163219,0.1373087,6449195000.0,72.1295,71.87,71.53,,467189,499665,14.899877,,2.93,
AVDS,Avantis International Small Cap Equity ETF,Foreign Small/Mid Blend,Avantis Investors,88228800.0,0.028199999,,,88228800.0,59.2255,58.8035,58.93,,2282,19073,13.353927,,2.82,
AVDV,Avantis International Small Cap Value ETF,Foreign Small/Mid Value,Avantis Investors,8277029376.0,0.038599998,0.1286495,0.1643512,8277029400.0,76.3806,75.71,75.69,,584193,575457,10.290843,,3.86,
AVEE,Avantis Emerging Markets Small Cap Equity ETF,Diversified Emerging Mkts,Avantis Investors,34690004.0,0.0325,,,34690004.0,56.8774,56.7791,56.9842,,1443,6796,13.549302,,3.25,
AVEM,Avantis Emerging Markets Equity ETF,Diversified Emerging Mkts,Avantis Investors,8101767680.0,0.0308,0.0874865,0.114891395,8101767700.0,64.6201,64.49,64.43,,539619,974704,12.685781,,3.08,
AVES,Avantis Emerging Markets Value ETF,Diversified Emerging Mkts,Avantis Investors,624920000.0,0.0395,0.0786798,,624920000.0,50.9561,50.7,50.83,,26474,58222,10.3654175,,3.95,
AVGB,Avantis Credit ETF,,,,,,,,,50.385,50.45,,686,819,,,,
AVGE,Avantis All Equity Markets ETF,Global Large-Stock Blend,Avantis Investors,485368416.0,0.0197,,,485368416.0,73.7923,74.01,73.25,,10493,36457,16.312027,,1.97,
AVGG,Leverage Shares 2X Long AVGO Daily ETF,,,,,,,,,14.7055,14.2,,1825,4200,,,,
AVGV,Avantis ALL Equity Markets Value ETF,Global Large-Stock Value,Avantis Investors,126753984.0,0.023699999,,,126753984.0,62.6581,62.8158,61.8,,2968,21228,12.994207,,2.37,
AVGX,Defiance Daily Target 2X Long AVGO ETF,Trading--Leveraged Equity,Defiance ETFs,72292408.0,,,,72292408.0,25.1685,25.56,24.67,,252116,898841,,,,
AVIE,Avantis Inflation Focused Equity ETF,Large Value,Avantis Investors,4875618.0,0.0201,,,4875618.0,59.6999,59.5733,59.56,,2229,455,16.75659,,2.01,
AVIG,Avantis Core Fixed Income ETF,Intermediate Core Bond,Avantis Investors,1076224896.0,0.0454,0.018692799,,1076224900.0,40.7298,40.66,40.78,,274166,132888,,,4.54,
AVIV,Avantis International Large Cap Value ETF,Foreign Large Value,Avantis Investors,686235648.0,0.0307,0.1208771,,686235650.0,61.0218,60.85,60.36,,26966,44833,13.191767,,3.07,
AVL,Direxion Daily AVGO Bull 2X Shares,Trading--Leveraged Equity,Direxion Funds,61932016.0,,,,61932016.0,27.32935,27.75,26.72,,247794,631455,83.33535,,,
AVLC,,Large Blend,Avantis Investors,557194176.0,0.0128999995,,,557194180.0,66.5444,67.0,66.2,,146225,69304,21.705744,,1.29,
AVLV,Avantis US Large Cap Value ETF,Large Value,Avantis Investors,6715826688.0,0.0176,0.1089469,,6715826700.0,64.8269,65.31,64.42,,430743,882492,15.71645,,1.76,
AVMA,Avantis Moderate Allocation ETF,Moderate Allocation,Avantis Investors,27731902.0,0.0229,,,27731902.0,59.4043,59.5025,59.39,,438,3580,16.0133,,2.29,
AVMC,Avantis U.S. Mid Cap Equity ETF,Mid-Cap Blend,Avantis Investors,148955728.0,0.0116,,,148955728.0,63.2875,63.57,62.93,,133159,25231,18.178736,,1.16,
AVMU,Avantis Core Municipal Fixed Income ETF,Muni National Interm,Avantis Investors,150680064.0,0.0348,0.0217469,,150680064.0,44.5274,44.415,44.5,,966,34304,,,3.48,
AVMV,Avantis U.S. Mid Cap Value ETF,Mid-Cap Value,Avantis Investors,164960896.0,0.0148,,,164960896.0,62.311,62.66,62.27,,27401,27626,15.096235,,1.48,
AVNM,Avantis All International Markets Equity ETF,Foreign Large Blend,Avantis Investors,268471072.0,0.0321,,,268471072.0,63.1867,62.89,62.56,,26515,63053,13.008878,,3.21,
AVNV,Avantis All International Markets Value ETF,Foreign Large Value,Avantis Investors,33125820.0,0.0321,,,33125820.0,63.8096,63.4024,63.33,,5076,12638,11.49382,,3.21,
AVRE,Avantis Real Estate ETF,Global Real Estate,Avantis Investors,569295936.0,0.0388,0.0059367,,569295940.0,43.1853,43.08,43.02,,75972,52453,25.439571,,3.88,
AVS,Direxion Daily AVGO Bear 1X Shares,Trading--Inverse Equity,Direxion Funds,3777980.0,,,,3777980.0,15.82255,15.71,16.01,,28685,52417,,,,
AVSC,Avantis US Small Cap Equity ETF,Small Value,Avantis Investors,1377274880.0,0.0139,0.052914098,,1377274880.0,48.6368,48.97,48.07,,91087,174758,14.643618,,1.39,
AVSD,Avantis Responsible International Equity ETF,Foreign Large Blend,Avantis Investors,172995936.0,0.028800001,0.1264292,,172995936.0,65.7563,65.5893,65.1,,3828,8533,15.592633,,2.88,
AVSE,Avantis Responsible Emerging Markets Equity ETF,Diversified Emerging Mkts,Avantis Investors,103656880.0,0.0295,0.091370404,,103656880.0,55.3585,55.3221,55.27,,2868,10857,12.977084,,2.95,
AVSF,Avantis Short-Term Fixed Income ETF,Short-Term Bond,Avantis Investors,605568896.0,0.0434,0.034793302,,605568900.0,46.631,46.615,46.68,,77476,39879,,,4.34,
AVSU,Avantis Responsible U.S. Equity ETF,Large Blend,Avantis Investors,336240256.0,0.0134000005,0.1270156,,336240256.0,64.3581,64.93,63.93,,11537,18384,20.601357,,1.34,
AVUQ,Avantis U.S. Quality ETF,,,,,,,,,50.2792,49.97,,287,4522,23.80695,,,
AVUS,Avantis US Equity ETF,Large Blend,Avantis Investors,7583284224.0,0.0139,0.12661959,0.1652469,7583284200.0,94.7821,95.4,94.17,,175864,498890,20.320251,,1.39,
AVUV,Avantis US Small Cap Value ETF,Small Value,Avantis Investors,14112724992.0,0.019199999,0.0724264,0.2029382,14112725000.0,87.0548,87.53,86.07,,833349,1357776,11.239319,,1.92,
AVXC,Avantis Emerging Markets Ex-China Equity ETF,Diversified Emerging Mkts,Avantis Investors,95955384.0,0.013200001,,,95955384.0,53.1845,53.05,52.955,,60368,23379,13.327321,,1.32,
AWAY,Amplify Travel Tech ETF,Consumer Cyclical,Amplify ETFs,49648356.0,0.0018000001,0.0184971,0.036142003,49648356.0,20.912,20.75,20.59,,3812,11355,25.149305,,0.18,
AWEG,Alger Weatherbie Enduring Growth ETF,Mid-Cap Growth,Alger,4669742.0,0.039100002,,,4669742.0,22.866,19.7546,19.531,,0,112,43.972195,,3.91,
AZNH,Precidian Etfs Trust - Astrazeneca Plc Fund,,,,,,,,,41.9496,41.77,,207,9190,29.912914,,,
AZTD,Aztlan Global Stock Selection Dm SMID ETF,Global Small/Mid Stock,Aztlan ETFs,28168020.0,0.0178,,,28168020.0,25.8174,26.1772,26.25,,5,2644,13.241021,,1.78,
BAB,Invesco Taxable Municipal Bond ETF,Muni National Long,Invesco,969887936.0,0.0394,0.0147102,-0.0070419,969887940.0,25.97,25.74,25.93,921456000.0,305629,185949,,,3.94,
BABO,YieldMax BABA Option Income Strategy ETF,Derivative Income,YieldMax ETFs,40886796.0,,,,40886796.0,16.1374,16.25,16.01,,48105,81790,,,,
BABX,GraniteShares 2x Long BABA Daily ETF,Trading--Leveraged Equity,Graniteshares,69378768.0,0.0,,,69378768.0,27.81,28.19,27.202,,387997,1073769,,,0.0,
BAFE,Brown Advisory Flexible Equity ETF,,,,,,,,,24.8504,24.665,,9997,126357,24.507076,,,
BAGY,Amplify Bitcoin Max Income Covered Call ETF,Digital Assets,Amplify ETFs,998216.0,,,,998216.0,57.8774,58.0135,57.95,,2697,2658,,,,
BAI,iShares A.I. Innovation and Tech Active ETF,Technology,iShares,130179672.0,,,,130179672.0,25.5282,25.72,25.35,,2956776,1023304,36.42827,,,
BALI,iShares Advantage Large Cap Income ETF,Derivative Income,iShares,298138720.0,0.08189999,,,298138720.0,28.70788,28.92,28.63,,85718,118028,23.462158,,8.19,
BALT,Innovator Defined Wealth Shield ETF,Defined Outcome,Innovator ETFs,1398533504.0,0.0,0.0747233,,1398533500.0,31.7265,31.78,31.73,,128458,417261,24.429565,,0.0,
BAMA,Brookstone Active ETF,Moderate Allocation,Brookstone Asset Management,40700432.0,0.0154,,,40700432.0,30.49,30.6109,30.14,,4189,6530,24.910872,,1.54,
BAMB,Brookstone Intermediate Bond ETF,Intermediate Core Bond,Brookstone Asset Management,63059856.0,0.028199999,,,63059856.0,26.04,25.99,25.85,,7054,11057,,,2.82,
BAMD,Brookstone Dividend Stock ETF,Mid-Cap Value,Brookstone Asset Management,91374128.0,0.0363,,,91374128.0,30.73,30.6782,30.54,,17341,13314,15.155387,,3.63,
BAMG,Brookstone Growth Stock ETF,Large Growth,Brookstone Asset Management,93254800.0,0.0023999999,,,93254800.0,33.85,34.0014,33.55,,10866,19109,31.072983,,0.24,
BAMO,Brookstone Opportunities ETF,Moderate Allocation,Brookstone Asset Management,37493620.0,0.016,,,37493620.0,30.19,30.3504,29.86,,3756,5860,25.384537,,1.6,
BAMU,Brookstone Ultra-Short Bond ETF,Ultrashort Bond,Brookstone Asset Management,70700616.0,0.039,,,70700616.0,25.39,25.39,25.25,,10674,10952,,,3.9,
BAMV,Brookstone Value Stock ETF,Large Value,Brookstone Asset Management,91218096.0,0.0128,,,91218096.0,30.58,30.7475,30.4,,10248,16888,21.157026,,1.28,
BAMY,Brookstone Yield ETF,Moderate Allocation,Brookstone Asset Management,37653092.0,0.0771,,,37653092.0,26.75,26.83,26.45,,6733,5953,26.995867,,7.71,
BAPR,Innovator U.S. Equity Buffer ETF - April,Defined Outcome,Innovator ETFs,363637504.0,0.0,0.11999679,0.0999961,363637504.0,43.4092,43.58,42.89,,6580,108698,24.893414,,0.0,
BAR,GraniteShares Gold Trust,Commodities Focused,Graniteshares,1133613952.0,0.0,0.2174696,0.1392318,1133613950.0,32.972,32.43,33.14,,555609,860682,,,0.0,
BATT,Amplify Lithium & Battery Technology ETF,Natural Resources,Amplify ETFs,53881748.0,0.0339,-0.131,0.0443845,53881748.0,8.8154,8.68,8.63,,17291,21003,19.713797,,3.39,
BAUG,Innovator U.S. Equity Buffer ETF - August,Defined Outcome,Innovator ETFs,153729232.0,0.0,0.1297253,0.1150087,153729232.0,43.5224,43.7201,43.27,,1563,79090,24.79318,,0.0,
BBAG,JPMorgan BetaBuilders U.S. Aggregate Bond ETF,Intermediate Core Bond,JPMorgan,1220961280.0,0.042,0.0132101,-0.012289,1220961280.0,45.2267,45.18,45.3,,43355,213014,,,4.2,
BBAX,JPMorgan BetaBuilders Developed Asia Pacific ex-Japan ETF,Pacific/Asia ex-Japan Stk,JPMorgan,4798636032.0,0.040999997,0.050987,0.1018049,4798636000.0,52.6085,52.14,51.985,,200388,275250,17.562927,,4.1,
BBBI,Bondbloxx BBB Rated 5-10 Year Corporate Bond ETF,Corporate Bond,BondBloxx Investment Management,10159289.0,0.048600003,,,10159289.0,50.238,50.4044,50.15,,45,1830,,,4.86,
BBBL,Bondbloxx BBB Rated 10+ Year Corporate Bond ETF,Long-Term Bond,BondBloxx Investment Management,7108511.0,0.0586,,,7108511.0,46.1538,46.8788,46.11,,306,1076,,,5.86,
BBBS,Bondbloxx BBB Rated 1-5 Year Corporate Bond ETF,Short-Term Bond,BondBloxx Investment Management,120050456.0,0.044699997,,,120050456.0,50.8435,50.89,50.97,,9279,25019,,,4.47,
BBC,Virtus LifeSci Biotech Clinical Trials ETF,Health,Virtus,15340866.0,0.0125,-0.0217106,-0.1564571,15340866.0,18.03737,18.2367,17.87,,14179,77280,,,1.25,
BBCA,JPMorgan BetaBuilders Canada ETF,Miscellaneous Region,JPMorgan,7807165952.0,0.0221,0.094214,0.157667,7807166000.0,77.8341,77.1,76.83,,185306,355903,20.785553,,2.21,
BBCB,JPMorgan BetaBuilders USD Investment Grade Corporate Bond ETF,Corporate Bond,JPMorgan,38389452.0,0.0507,0.0284908,-0.0040993,38389452.0,44.4631,44.4878,44.535,,1424,5233,,,5.07,
BBEM,JPMorgan Betabuilders Emerging Markets Equity ETF,Diversified Emerging Mkts,JPMorgan,933751168.0,0.0286,,,933751170.0,55.8676,55.45,55.68,,364,40796,14.604794,,2.86,
BBEU,JPMorgan BetaBuilders Europe ETF,Europe Stock,JPMorgan,4336542208.0,0.0358,0.1340615,0.1416559,4336542200.0,66.7223,66.82,66.07,,187906,545865,17.520283,,3.58,
BBH,VanEck Biotech ETF,Health,VanEck,349761568.0,0.0082,0.0052087996,-0.0110668,349761568.0,146.36,146.04,144.42,,6020,12579,24.534311,,0.82,
BBHY,JPMorgan BetaBuilders USD High Yield Corporate Bond ETF,High Yield Bond,JPMorgan,394865824.0,0.0769,0.073143505,0.049773596,394865824.0,45.5768,45.72,45.6,,69494,257301,59.556347,,7.69,
BBIB,Jpmorgan Betabuilders U.S. Treasury Bond 3-10 Year ETF,Intermediate Government,JPMorgan,22883446.0,0.0356,,,22883446.0,97.7392,97.7389,97.37,,25,804,,,3.56,
BBIN,JPMorgan BetaBuilders International Equity ETF,Foreign Large Blend,JPMorgan,5162106368.0,0.0306,0.1189398,0.1240784,5162106400.0,66.2014,66.07,65.62,,82946,339898,16.498476,,3.06,
BBJP,JPMorgan BetaBuilders Japan ETF,Japan Stock,JPMorgan,12310019072.0,0.026199998,0.1065192,0.0896854,12310019100.0,59.7837,59.27,59.24,,601832,1408025,14.00302,,2.62,
BBLB,Jpmorgan Betabuilders U.S. Treasury Bond 20+ Year ETF,Long Government,JPMorgan,11231171.0,0.048499998,,,11231171.0,80.078,80.9373,80.16,,1294,1920,,,4.85,
BBLU,Ea Bridgeway Blue Chip ETF,Large Blend,Bridgeway,245127904.0,0.0145000005,0.1710375,0.17194189,245127904.0,12.7962,12.9,12.77,,31185,108395,21.232983,,1.45,
BBMC,JPMorgan BetaBuilders U.S. Mid Cap Equity ETF,Mid-Cap Blend,JPMorgan,1693365504.0,0.0146,0.090766296,0.12056229,1693365500.0,92.504,92.6776,91.69,,5119,100225,18.429369,,1.46,
BBP,Virtus LifeSci Biotech Products ETF,Health,Virtus,23606182.0,0.0,0.1329478,0.035320498,23606182.0,55.63763,55.632,54.99,,1231,2844,,,0.0,
BBRE,JPMorgan BetaBuilders MSCI U.S. REIT ETF,Real Estate,JPMorgan,868513216.0,0.0323,0.0290066,0.09526981,868513220.0,90.6153,90.73,90.3029,,4363,31007,31.239305,,3.23,
BBSB,Jpmorgan Betabuilders U.S. Treasury Bond 1-3 Year ETF,Short Government,JPMorgan,32101868.0,0.0424,,,32101868.0,98.7524,98.7748,98.865,,527,3177,,,4.24,
BBSC,JPMorgan BetaBuilders U.S. Small Cap Equity ETF,Small Blend,JPMorgan,484944736.0,0.0143,0.0665817,,484944736.0,62.0465,62.2448,61.55,,3425,24973,17.74299,,1.43,
BBUS,JPMorgan BetaBuilders U.S. Equity ETF,Large Blend,JPMorgan,4226936064.0,0.013099999,0.15340571,0.1600166,4226936060.0,104.8255,105.57,104.2,,133924,267257,25.280863,,1.31,
BCD,abrdn Bloomberg All Commodity Longer Dated Strategy K-1 Free ETF,Commodities Broad Basket,Aberdeen Standard Investments,241075168.0,0.0349,-0.025250101,0.15801731,241075168.0,33.2171,32.89,33.17,,25682,86377,,,3.49,
BCDF,Horizon Kinetics Blockchain Development ETF,Digital Assets,Horizon Kinetics,14651678.0,0.0155,,,14651678.0,30.4542,30.6714,30.66,,3528,1685,17.73712,,1.55,
BCHI,GMO Beyond China ETF,Diversified Emerging Mkts,GMO,7934542.0,,,,7934542.0,26.2805,26.1838,26.07,,9314,6180,15.937373,,,
BCHP,Principal Focused Blue Chip ETF,Large Growth,Principal Funds,126295936.0,0.0106,,,126295936.0,34.51816,34.87,34.52,,17418,27661,34.05612,,1.06,
BCI,abrdn Bloomberg All Commodity Strategy K-1 Free ETF,Commodities Broad Basket,Aberdeen Standard Investments,1422972416.0,0.0319,-0.0430172,0.1303154,1422972420.0,20.8045,20.64,20.64,,145996,665139,,,3.19,
BCIL,Bancreek International Large Cap ETF,Foreign Large Growth,"Bancreek Capital Advisors, LLC",12415131.0,0.0085,,,12415131.0,29.91,29.7686,29.82,,1097,19028,29.239214,,0.85,
BCIM,abrdn Bloomberg Industrial Metals Strategy K-1 Free ETF,Commodities Focused,Aberdeen Standard Investments,22701824.0,0.113800004,-0.0427315,,22701824.0,20.9134,20.5383,20.57,,3941,7034,,,11.38,
BCLO,iShares BBB-B CLO Active ETF,,,,,,,,,49.72,49.72,,534,8846,,,,
BCUS,Bancreek U.S. Large Cap ETF,Large Blend,"Bancreek Capital Advisors, LLC",79996664.0,0.0031,,,79996664.0,30.83,30.8945,30.72,,9196,37396,29.335222,,0.31,
BDEC,Innovator U.S. Equity Buffer ETF - December,Defined Outcome,Innovator ETFs,191252560.0,0.0,0.1105427,0.1094005,191252560.0,42.9031,43.13,42.78,,7829,120653,24.939686,,0.0,
BDGS,Bridges Capital Tactical ETF,Tactical Allocation,Bridges,35202012.0,0.0182,,,35202012.0,32.0635,32.1,32.056,,4956,7149,30.853949,,1.82,
BDIV,AAM Brentview Dividend Growth ETF,Large Value,AAM,3873089.0,,,,3873089.0,19.8369,19.9932,19.86,,229,3730,24.43208,,,
BDRY,Breakwave Dry Bulk Shipping ETF,Miscellaneous Region,Amplify ETFs,60056796.0,0.0,-0.4062221,0.0108285,60056796.0,5.1014,5.21,5.2,,112086,172580,24.745756,,0.0,
BDVG,iMGP Berkshire Dividend Growth ETF,Large Value,iM Global Partner Fund Management,8823249.0,0.0188,,,8823249.0,11.5852,11.61,11.5799,,7641,4493,19.763226,,1.88,
BEDZ,AdvisorShares Hotel ETF,Consumer Cyclical,AdvisorShares,2367446.0,0.0,0.1118171,,2367446.0,29.415,29.51,29.305,,2202,1563,18.310385,,0.0,
BEEX,The BeeHive ETF,,,,,,,,,22.7194,22.59,,2968,1436,24.226677,,,
BEEZ,Honeytree U.S. Equity ETF,Large Blend,Honeytree,7621786.0,0.0063,,,7621786.0,31.6806,32.313,31.7872,,110,817,31.108242,,0.63,
BEGS,Rareview 2x Bull Cryptocurrency & Precious Metals ETF,Trading--Miscellaneous,Rareview Capital,2606157.0,,,,2606157.0,29.0892,29.2673,29.01,,214,1271,,,,
BELT,iShares Long-Term U.S. Equity Active ETF,Large Growth,iShares,6753820.0,,,,6753820.0,30.19567,30.3797,30.3797,,297,5853,34.990772,,,
BEMB,Ishares J.P. Morgan Broad USD Emerging Markets Bond ETF,Emerging Markets Bond,iShares,46596184.0,0.0641,,,46596184.0,51.65005,51.7668,51.69,,1647,2406,,,6.41,
BENJ,Horizon Landmark ETF,Equity Hedged,Horizon Investments,38377568.0,,,,38377568.0,50.6517,50.635,50.65,,1696,10569,24.22894,,,
BETE,Proshares Bitcoin & Ether Equal Weight ETF,Digital Assets,ProShares,6581030.0,0.2076,,,6581030.0,70.4836,72.3253,70.8,,984,1382,,,20.76,
BETH,ProShares Bitcoin & Ether Market Cap Weight ETF,Digital Assets,ProShares,12382575.0,0.2289,,,12382575.0,85.1065,86.87,85.32,,2203,2473,,,22.89,
BETZ,Roundhill Sports Betting & iGaming ETF,Consumer Cyclical,Roundhill Investments,68862544.0,0.0081,0.0908708,,68862544.0,21.1091,21.0279,20.75,,4072,16142,22.94564,,0.81,
BFEB,Innovator U.S. Equity Buffer ETF - February,Defined Outcome,Innovator ETFs,186508560.0,0.0,0.1290492,0.1293553,186508560.0,42.5423,42.7526,42.44,,7813,29230,24.92397,,0.0,
BFIT,Global X Health & Wellness ETF,Global Small/Mid Stock,Global X Funds,,0.0165,-0.0627661,0.0290242,,21.53,21.39,21.51,,1119,1284,17.268147,,1.65,
BFIX,Build Bond Innovation ETF,Short-Term Bond,"Build Asset Management, LLC",13904044.0,0.041100003,0.0587394,,13904044.0,25.0735,25.03,25.09,,7224,11025,,,4.11,
BFOR,Barron's 400 ETF,Mid-Cap Blend,ALPS,141251232.0,0.0073,0.119834006,0.157366,141251232.0,73.01,73.3341,72.32,,1723,6130,16.646545,,0.73,
BFRE,Westwood LBRTY Global Equity ETF,Global Large-Stock Blend,Westwood,3064671.0,,,,3064671.0,25.62,26.137,26.06,,0,2326,25.34514,,,
BFRZ,Innovator Equity Managed 100 Buffer ETF,Defined Outcome,Innovator ETFs,,,,,,25.0928,25.12,25.0801,,75672,43911,,,,
BGDV,Bahl & Gaynor Dividend ETF,Large Value,Bahl & Gaynor Inc.,612452800.0,,,,612452800.0,24.0487,24.22,24.09,,1664,7774,25.934607,,,
BGIG,Bahl & Gaynor Income Growth ETF,Large Value,Bahl & Gaynor Investment Counsel,203095248.0,0.020599999,,,203095248.0,29.3282,29.3678,29.14,,17091,22253,23.090708,,2.06,
BGLD,FT Vest Gold Strategy Quarterly Buffer ETF,Defined Outcome,First Trust,64902932.0,0.19459999,0.164748,,64902932.0,21.4,21.3899,21.42,,5111,40361,,,19.46,
BGRN,iShares USD Green Bond ETF,Global Bond-USD Hedged,iShares,396899648.0,0.041300002,0.0262032,-0.0019117001,396899648.0,46.7137,46.76,46.86,,14976,24926,,,4.13,
BGRO,iShares Large Cap Growth Active ETF,Large Growth,iShares,6355997.0,,,,6355997.0,33.35945,33.59,33.78,,376,690,39.559925,,,
BHYB,Xtrackers USD High Yield BB-B ex Financials ETF,High Yield Bond,Xtrackers,807985408.0,0.0704,,,807985410.0,53.375,53.4592,51.83,,8,342,,,7.04,
BIB,ProShares Ultra Nasdaq Biotechnology,Trading--Leveraged Equity,ProShares,52227680.0,0.0199,-0.0294587,-0.08731499,52227680.0,43.2171,43.1,42.675,,6483,10182,21.15826,,1.99,
BIBL,Inspire 100 ETF,Large Blend,Inspire,294314176.0,0.0105,0.091216095,0.112202995,294314176.0,39.11,39.23,38.77,,24911,57314,24.871904,,1.05,
BIDD,iShares International Dividend Active ETF,Foreign Large Blend,BlackRock,724369600.0,0.0143,0.0846432,0.09992,724369600.0,27.17708,27.14,26.86,,167043,130496,21.524607,,1.43,
BIGY,YieldMax Target 12 Big 50 Option Income ETF,Derivative Income,YieldMax ETFs,7933528.0,,,,7933528.0,46.614,46.9947,46.628,,1385,2133,28.443565,,,
BIL,SPDR Bloomberg 1-3 Month T-Bill ETF,Ultrashort Bond,SPDR State Street Global Advisors,47700951040.0,0.0476,0.0438344,0.0259732,47700951000.0,91.68286,91.65,91.68,,14559543,14285850,,,4.76,
BILD,Macquarie Global Listed Infrastructure ETF,Infrastructure,Macquarie,5222598.0,0.0305,,,5222598.0,26.63,26.0005,25.905,,2,300,20.081743,,3.05,
BILS,SPDR Bloomberg 3-12 Month T-Bill ETF,Ultrashort Bond,SPDR State Street Global Advisors,3924078336.0,0.047399998,0.0423459,,3924078340.0,99.37228,99.34,99.39,,327975,536269,,,4.74,
BILZ,PIMCO Ultra Short Government Active Exchange-Traded Fund,Ultrashort Bond,PIMCO,835973888.0,0.0467,,,835973890.0,101.18,101.13,101.175,,120611,260615,,,4.67,
BINC,iShares Flexible Income Active ETF,Multisector Bond,iShares,8702271488.0,0.0648,,,8702271500.0,51.96337,52.04,52.04,,1079405,1403365,,,6.48,
BINV,Brandes International ETF,Foreign Large Value,Brandes,207135472.0,0.0178,,,207135472.0,35.056,35.1932,34.81,,14572,29839,15.844651,,1.78,
BIS,ProShares UltraShort Nasdaq Biotechnology,Trading--Inverse Equity,ProShares,3060686.0,0.0364,-0.1086087,-0.1015394,3060686.0,19.0471,19.0721,19.3699,,7687,12203,,,3.64,
BITB,Bitwise Bitcoin ETF,Digital Assets,Bitwise Investments,3622227200.0,0.0,,,3622227200.0,59.276,60.51,59.22,,1613777,1374506,,,0.0,
BITC,Bitwise Trendwise Bitcoin and Treasuries Rotation Strategy ETF,Digital Assets,Bitwise Investments,20465776.0,0.4692,,,20465776.0,49.577,50.6669,50.07,,4754,6531,,,46.92,
BITI,ProShares Shrt Bitcoin ETF,Trading--Miscellaneous,ProShares,72214512.0,0.0343,,,72214512.0,19.4802,19.04,19.46,,2568840,1579079,,,3.43,
BITO,ProShares Bitcoin ETF,Digital Assets,ProShares,2355138048.0,0.6763,0.4732606,,2355138050.0,22.9107,23.43,22.9,,10376186,7477076,,,67.63,
BITQ,Bitwise Crypto Industry Innovators ETF,Digital Assets,Exchange Traded Concepts,161559952.0,0.0111,0.29089108,,161559952.0,16.69,17.72,16.91,,250086,147117,18.037031,,1.11,
BITS,Global X Blockchain & Bitcoin Strategy ETF,Digital Assets,Global X Funds,27163208.0,0.3463,0.37278432,,27163208.0,67.35,69.4872,67.53,,1409,4109,14.319876,,34.63,
BITU,Proshares Ultra Bitcoin ETF,Digital Assets,ProShares,951682304.0,0.0494,,,951682300.0,54.7845,57.47,54.72,,2420524,2668273,,,4.94,
BITX,2x Bitcoin Strategy ETF,Digital Assets,Volatility Shares Trust,2401604864.0,0.1533,,,2401604860.0,57.873,60.65,57.84,,12156212,7772074,,,15.33,
BITY,Amplify Bitcoin 2% Monthly Option Income ETF,Digital Assets,Amplify ETFs,996789.0,,,,996789.0,57.5589,58.3093,57.62,,7165,4064,,,,
BIV,Vanguard Intermediate-Term Bond Index Fund,Intermediate Core Bond,Vanguard,44845056000.0,0.0378,0.020745499,-0.0065735,44845056000.0,75.69,75.6,75.87,,939138,1512871,,,3.78,
BIZD,VanEck BDC Income ETF,Financial,VanEck,1407377920.0,0.1173,0.123144194,0.1786425,1407377920.0,15.8,15.75,15.62,,1269014,1315336,9.578048,,11.73,
BJAN,Innovator U.S. Equity Buffer ETF - January,Defined Outcome,Innovator ETFs,289476928.0,0.0,0.1306647,0.1175818,289476928.0,47.8085,48.0328,47.66,,18798,70646,24.958467,,0.0,
BJK,VanEck Gaming ETF,Consumer Cyclical,VanEck,24570368.0,0.0309,0.048597798,0.0489948,24570368.0,38.95,38.32,38.54,,888,2106,17.568817,,3.09,
BJUL,Innovator U.S. Equity Buffer ETF - July,Defined Outcome,Innovator ETFs,244327376.0,0.0,0.13246681,0.110580504,244327376.0,44.3028,44.571,44.24,,7183,31657,24.967958,,0.0,
BJUN,Innovator U.S. Equity Buffer ETF - June,Defined Outcome,Innovator ETFs,133380584.0,0.0,0.0941239,0.08996569,133380584.0,41.5998,41.83,41.55,,18794,13065,24.88308,,0.0,
BKAG,BNY Mellon Core Bond ETF,Intermediate Core Bond,BNY Mellon,1887653760.0,0.041300002,0.0141643,-0.0110768,1887653760.0,41.31,41.32,41.41,,85927,182326,,,4.13,
BKCG,BNY Mellon ETF Trust II: BNY Mellon Concentrated Growth ETF,Large Growth,BNY Mellon,110358168.0,0.0047,0.111411504,0.1289743,110358168.0,32.332,32.4739,32.29,,346,5348,32.118793,,0.47,
BKCH,Global X Blockchain ETF,Financial,Global X Funds,123630144.0,0.1062,0.170721,,123630144.0,44.79,46.42,44.99,,31071,59026,14.939144,,10.62,
BKCI,BNY Mellon Concentrated International ETF,Foreign Large Growth,BNY Mellon,163710320.0,0.0075,0.065569304,,163710320.0,50.41,50.45,49.9,,14670,18133,23.831263,,0.75,
BKDV,BNY Mellon Dynamic Value ETF,Large Value,BNY Mellon,296061632.0,,,,296061632.0,25.047,25.09,24.85,,27650,220163,19.18122,,,
BKEM,BNY Mellon Emerging Markets Equity ETF,Diversified Emerging Mkts,BNY Mellon,90885064.0,0.027999999,0.060377404,0.0697688,90885064.0,63.88,63.2203,63.31,,2352,27882,14.618974,,2.8,
BKF,iShares MSCI BIC ETF,Diversified Emerging Mkts,iShares,82816936.0,0.0219,0.0688196,0.038115002,82816936.0,41.00022,40.7627,40.84,176290528.0,1465,19106,15.232037,,2.19,
BKGI,Bny Mellon Global Infrastructure Income ETF,Infrastructure,BNY Mellon,113121968.0,0.031600002,,,113121968.0,37.68,37.51,37.34,,45222,77461,14.094646,,3.16,
BKHY,BNY Mellon High Yield ETF,High Yield Bond,BNY Mellon,191187312.0,0.0739,0.0741802,0.057266597,191187312.0,47.25,47.39,47.33,,26510,155003,,,7.39,
BKIE,BNY Mellon International Equity ETF,Foreign Large Blend,BNY Mellon,598902848.0,0.027999999,0.11794481,0.1280641,598902850.0,82.83,82.86,82.18,,17535,101458,16.951921,,2.8,
BKIV,BNY Mellon Innovators ETF,Mid-Cap Growth,BNY Mellon,14395851.0,0.0,,,14395851.0,34.128,34.22,33.88,,101,404,34.91842,,0.0,
BKLC,BNY Mellon US Large Cap Core Equity ETF,Large Blend,BNY Mellon,2576976640.0,0.0128999995,0.1653966,0.1625148,2576976640.0,110.86,111.68,110.25,,92574,334065,25.538336,,1.29,
BKLN,Invesco Senior Loan ETF,Bank Loan,Invesco,5910754304.0,0.0805,0.081280604,0.0570394,5910754300.0,20.8,20.79,20.79,,4524244,23152514,,,8.05,
BKMC,BNY Mellon US Mid Cap Core Equity ETF,Mid-Cap Blend,BNY Mellon,326186784.0,0.0164,0.084523,0.1290685,326186784.0,97.63,97.66,96.93,,17429,69426,19.74626,,1.64,
BKSE,BNY Mellon US Small Cap Core Equity ETF,Small Blend,BNY Mellon,87217576.0,0.016,0.0748244,0.11336,87217576.0,94.25,94.6677,93.79,,1482,13426,15.74885,,1.6,
BKUI,BNY Mellon Ultra Short Income ETF,Ultrashort Bond,BNY Mellon,214423136.0,0.049200002,0.0473494,,214423136.0,49.75,49.7415,49.785,,2061,26796,,,4.92,
BKWO,BNY Mellon Women's Opportunities ETF,Large Blend,BNY Mellon,14455996.0,0.0039,,,14455996.0,34.283,34.4196,34.3072,,20,1376,30.973368,,0.39,
BLCN,Siren Nasdaq NexGen Economy ETF,Digital Assets,SRN Advisors,43005228.0,0.0062,-0.0853704,-0.025057001,43005228.0,21.8448,22.35,21.93,,13680,7590,21.689869,,0.62,
BLCR,iShares Large Cap Core Active ETF,Large Blend,iShares,7620398.0,0.0073,,,7620398.0,33.21436,33.2981,33.16,,1297,688,30.030157,,0.73,
BLCV,iShares Large Cap Value Active ETF,Large Value,iShares,31141508.0,0.0165,,,31141508.0,32.63702,32.7473,32.53,,1185,10541,17.727177,,1.65,
BLDG,Cambria Global Real Estate ETF,Global Real Estate,CAMBRIA ETF TRUST,36348608.0,0.0883,0.0070204004,,36348608.0,23.7412,23.8652,24.0653,,2300,12446,11.02334,,8.83,
BLES,Inspire Global Hope ETF,Global Large-Stock Blend,Inspire,123630896.0,0.0168,0.084075496,0.1386796,123630896.0,39.42,39.34,39.07,,8406,14904,18.500261,,1.68,
BLKC,Invesco Alerian Galaxy Blockchain Users and Decentralized Commerce ETF,Digital Assets,Invesco,2927278.0,0.2666,0.30725598,,2927278.0,22.22,22.7085,22.29,,434,1138,16.273136,,26.66,
BLOK,Amplify Transformational Data Sharing ETF,Digital Assets,Amplify ETFs,702252544.0,0.0644,0.334189,0.26318622,702252540.0,48.2898,50.75,47.87,,412733,321574,22.004387,,6.44,
BLV,Vanguard Long-Term Bond Fund,Long-Term Bond,Vanguard,8830419968.0,0.0461,-0.0240057,-0.0547303,8830420000.0,66.55,66.5,66.72,,711753,889704,,,4.61,
BMAR,Innovator U.S. Equity Buffer ETF - March,Defined Outcome,Innovator ETFs,182054272.0,0.0,0.1344891,0.1231666,182054272.0,46.69,46.9219,46.6,,5234,27203,24.922697,,0.0,
BMAX,REX Bitcoin Corporate Treasury Convertible Bond ETF,Convertibles,"REX Advisers, LLC",8695188.0,,,,8695188.0,30.4135,30.193,30.06,,18511,34928,,,,
BMAY,Innovator U.S. Equity Buffer ETF- May,Defined Outcome,Innovator ETFs,119895280.0,0.0,0.1130326,0.0919238,119895280.0,40.4943,40.7,40.42,,2649,31130,24.888863,,0.0,
BMDL,VictoryShares WestEnd Economic Cycle Bond ETF,Multisector Bond,Victory Capital,62338084.0,,,,62338084.0,24.67,24.66,24.68,,1620000,19388,,,,
BMED,iShares Health Innovation Active ETF,Health,iShares,2915205.0,0.0,0.0173759,,2915205.0,23.6769,23.745,23.61,,3287,1561,28.34344,,0.0,
BMVP,,Mid-Cap Blend,Invesco,109074976.0,0.0179,0.1402372,0.1267074,109074976.0,47.39,47.6531,47.16,,332,5184,21.07167,,1.79,
BND,Vanguard Total Bond Market Index Fund,Intermediate Core Bond,Vanguard,352819052544.0,0.0368,0.015267599,-0.0104074,352819053000.0,72.13,72.08,72.27,,4261436,7154649,,,3.68,
BNDC,FlexShares Core Select Bond Fund,Intermediate Core Bond,Flexshares Trust,131270088.0,0.0382,0.0133074,-0.01113,131270088.0,21.8163,21.7895,21.81,,47858,28803,,,3.82,
BNDD,Quadratic Deflation ETF,Long Government,KraneShares,9286079.0,0.0394,-0.0626338,,9286079.0,12.3,12.2567,12.23,,924,2953,,,3.94,
BNDI,Neos Enhanced Income Aggregate Bond ETF,Intermediate Core Bond,Neos Funds,83973112.0,0.056500003,,,83973112.0,46.1498,46.115,46.133,,7187,10141,23.422798,,5.65,
BNDS,Infrastructure Capital Bond Income ETF,Intermediate Core-Plus Bond,InfraCap,14404398.0,,,,14404398.0,48.4501,48.4173,48.42,,1876,15525,10.560444,,,
BNDW,Vanguard Total World Bond ETF,Global Bond-USD Hedged,Vanguard,1187973376.0,0.039300002,0.0202533,-0.0053583,1187973380.0,68.38,68.19,68.46,,112917,101671,,,3.93,
BNDX,Vanguard Total International Bond Index Fund,Global Bond-USD Hedged,Vanguard,102880002048.0,0.0423,0.0254754,-0.0004877,102880002000.0,48.99,48.9,49.1,,2832531,4443182,,,4.23,
BNGE,First Trust S-Network Streaming & Gaming ETF,Communications,First Trust,4606596.0,0.0,0.19091311,,4606596.0,32.46,32.1259,32.03,,84,1749,27.95316,,0.0,
BNKD,MicroSectors™ U.S. Big Banks -3x Inverse Leveraged ETNs,,,,,,,,,24.0767,23.84,,133,1442,36.17206,,,
BNO,"United States Brent Oil Fund, LP",Commodities Focused,USCF Investments,74969288.0,0.0,-0.052634303,0.2419657,74969288.0,27.499,27.23,27.15,,431934,646806,,,0.0,
BNOV,Innovator U.S. Equity Buffer ETF - November,Defined Outcome,Innovator ETFs,150095680.0,0.0,0.1002652,0.0917641,150095680.0,39.2295,39.38,39.15,,2848,25569,24.945658,,0.0,
BOAT,SonicShares Global Shipping ETF,Industrials,SonicShares,32256772.0,0.1515,0.0650368,,32256772.0,29.5425,29.32,29.12,,10016,17179,4.31976,,15.15,
BOBP,CORE16 Best of Breed Premier Index ETF,Large Blend,Exchange Traded Concepts,,,,,,25.0,24.543,24.3954,,3271,4901,,,,
BOCT,Innovator U.S. Equity Buffer ETF October,Defined Outcome,Innovator ETFs,232378880.0,0.0,0.1135779,0.1161851,232378880.0,43.1244,43.32,42.99,,4032,84115,24.883213,,0.0,
BOED,Direxion Daily BA Bear 1X Shares,,,,,,,,,19.9175,20.1205,,1539,665,,,,
BOEU,Direxion Daily BA Bull 2X Shares,,,,,,,,,38.4984,37.23,,9251,17113,,,,
BOIL,ProShares Ultra Bloomberg Natural Gas,Trading--Leveraged Commodities,ProShares,202333376.0,0.0,-0.8329721,-0.5695607,202333376.0,56.598,54.83,55.22,,2865582,2118380,,,0.0,
BOND,PIMCO Active Bond Exchange-Traded Fund,Intermediate Core-Plus Bond,PIMCO,5542062592.0,0.050100002,0.0203843,-0.0025690002,5542062600.0,90.2,90.05,90.34,,236088,401612,1.5978761,,5.01,
BOTT,Themes Robotics & Automation ETF,Technology,Themes ETF Trust,521875.0,0.0183,,,521875.0,28.3036,28.2397,28.3069,,4,285,22.62125,,1.83,
BOTZ,Global X Robotics & Artificial Intelligence ETF,Miscellaneous Sector,Global X Funds,2342503424.0,0.0015,0.1039724,0.0642208,2342503420.0,30.58,30.75,30.165,,573837,643080,30.633816,,0.15,
BOUT,Innovator IBD Breakout Opportunities ETF,Mid-Cap Growth,Innovator ETFs,11759968.0,0.0069,0.0185508,0.109505,11759968.0,34.6901,35.1299,34.61,,169,1893,22.582384,,0.69,
BOXA,,Intermediate Core Bond,Alpha Architect,8203686.0,,,,8203686.0,101.1685,101.0897,101.12,,2377,3109,,,,
BOXX,Alpha Architect 1-3 Month Box ETF,Ultrashort Bond,Alpha Architect,5879456768.0,0.0,,,5879456800.0,112.228,112.17,112.19,,838709,923969,29.018452,,0.0,
BPAY,iShares FinTech Active ETF,Financial,iShares,6006940.0,0.0052,,,6006940.0,27.29668,27.6002,27.5,,660,785,18.013186,,0.52,
BPI,Grayscale Bitcoin Premium Income ETF,Digital Assets,Grayscale,2665271.0,,,,2665271.0,40.8811,42.08,41.5,,5474,4632,,,,
BRAZ,Global X Brazil Active ETF,Latin America Stock,Global X Funds,4545388.0,0.0356,,,4545388.0,23.02,23.1509,22.64,,2581,2136,11.753858,,3.56,
BRF,VanEck Brazil Small-Cap ETF,Latin America Stock,VanEck,17737592.0,0.032899998,-0.0274345,0.044607602,17737592.0,14.35,14.2083,13.87,,3140,9542,9.389632,,3.29,
BRHY,iShares High Yield Active ETF,High Yield Bond,iShares,100554112.0,,,,100554112.0,50.52293,50.805,50.62,,37,2449,14.701616,,,
BRIF,FIS Bright Portfolios Focused Equity ETF,Large Blend,Faith Investor,81084944.0,,,,81084944.0,25.5772,25.6957,25.42,,12474,5644,28.134192,,,
BRKD,Direxion Daily BRKB Bear 1X Shares,Trading--Inverse Equity,Direxion Funds,2699959.0,,,,2699959.0,22.89805,22.95,22.86,,94,4577,,,,
BRKU,Direxion Daily BRKB Bull 2X Shares,Trading--Leveraged Equity,Direxion Funds,46715376.0,,,,46715376.0,27.43077,27.51,27.1,,119092,216963,11.366186,,,
BRLN,iShares Floating Rate Loan Active ETF,Bank Loan,iShares,59215868.0,0.0725,,,59215868.0,51.77782,51.69,51.43,,2548,11811,,,7.25,
BRNY,Burney U.S. Factor Rotation ETF,Mid-Cap Blend,The Burney Company,333811296.0,0.0023999999,,,333811296.0,42.359,42.52,42.455,,2078,29279,19.813313,,0.24,
BRRR,CoinShares Bitcoin ETF,Digital Assets,Valkyrie Digital Assets LLC,572793984.0,0.0,,,572793980.0,30.8036,31.47,30.75,,102973,374000,,,0.0,
BRTR,iShares Total Return Active ETF,Intermediate Core-Plus Bond,iShares,195228208.0,0.0495,,,195228208.0,49.24634,49.3,49.36,,28864,31058,22.35128,,4.95,
BRZU,Direxion Daily MSCI Brazil Bull 2X Shares,Trading--Leveraged Equity,Direxion Funds,129076184.0,0.058000002,-0.1122976,0.0578726,129076184.0,59.328,58.7,55.98,,88560,74212,10.756513,,5.8,
BSCP,Invesco BulletShares 2025 Corporate Bond ETF,Target Maturity,Invesco,3567694080.0,0.040599998,0.036939003,0.0185448,3567694080.0,20.67,20.67,20.67,,1069997,990777,,,4.06,
BSCQ,Invesco BulletShares 2026 Corporate Bond ETF,Target Maturity,Invesco,4230298368.0,0.0417,0.038002998,0.014610601,4230298370.0,19.46,19.465,19.49,,583870,698130,,,4.17,
BSCR,Invesco BulletShares 2027 Corporate Bond ETF,Target Maturity,Invesco,3423185408.0,0.0427,0.0393341,0.0150613,3423185410.0,19.55,19.56,19.57,,530929,1038357,,,4.27,
BSCS,Invesco BulletShares 2028 Corporate Bond ETF,Target Maturity,Invesco,2535002880.0,0.045300003,0.0426398,0.0149919,2535002880.0,20.31,20.32,20.35,,327868,499290,,,4.53,
BSCT,Invesco BulletShares 2029 Corporate Bond ETF,Target Maturity,Invesco,1958005248.0,0.0454,0.0417863,0.0105117,1958005250.0,18.48,18.47,18.51,,343953,434344,,,4.54,
BSCU,Invesco BulletShares 2030 Corporate Bond ETF,Target Maturity,Invesco,1545144704.0,0.0465,0.0391807,,1545144700.0,16.52,16.51,16.56,,283687,422369,,,4.65,
BSCV,Invesco BulletShares 2031 Corporate Bond ETF,Target Maturity,Invesco,951880640.0,0.0478,0.0369278,,951880640.0,16.2,16.19,16.22,,216563,281500,,,4.78,
BSCW,Invesco Bulletshares 2032 Corporate Bond ETF,Target Maturity,Invesco,809779904.0,0.0504,,,809779900.0,20.15,20.14,20.2,,124442,156760,,,5.04,
BSCX,Invesco Bulletshares 2033 Corporate Bond ETF,Target Maturity,Invesco,536225440.0,0.0508,,,536225440.0,20.65,20.63,20.73,,76360,109331,,,5.08,
BSCY,Invesco BulletShares 2034 Corporate Bond ETF,Target Maturity,Invesco,187176384.0,,,,187176384.0,20.15,20.135,20.19,,260002,70944,,,,
BSEP,Innovator U.S. Equity Buffer ETF - September,Defined Outcome,Innovator ETFs,161985744.0,0.0,0.1256143,0.1162906,161985744.0,42.8657,43.04,42.81,,1561,12950,24.89876,,0.0,
BSJP,Invesco BulletShares 2025 High Yield Corporate Bond ETF,Target Maturity,Invesco,958884480.0,0.0589,0.070584506,0.0638093,958884480.0,23.05,23.04,23.06,,140553,239092,,,5.89,
BSJQ,Invesco BulletShares 2026 High Yield Corporate Bond ETF,Target Maturity,Invesco,984469760.0,0.0654,0.0686939,0.0555087,984469760.0,23.2,23.21,23.2,,149867,299361,,,6.54,
BSJR,Invesco BulletShares 2027 High Yield Corporate Bond ETF,Target Maturity,Invesco,454529952.0,0.0674,0.0714799,0.052722704,454529952.0,22.42,22.485,22.42,,78781,113300,,,6.74,
BSJS,Invesco BulletShares 2028 High Yield Corporate Bond ETF,Target Maturity,Invesco,384576032.0,0.0708,0.0694308,,384576032.0,21.62,21.69,21.71,,53320,96220,,,7.08,
BSJT,Invesco BulletShares 2029 High Yield Corporate Bond ETF,Target Maturity,Invesco,240822800.0,0.0698,0.0688875,,240822800.0,20.95,21.09,21.14,,42828,72546,,,6.98,
BSJU,Invesco Bulletshares 2030 High Yield Corporate Bond ETF,Target Maturity,Invesco,119162904.0,0.072,,,119162904.0,25.34,25.415,25.32,,31120,32100,,,7.2,
BSJV,Invesco BulletShares 2031 High Yield Corporate Bond ETF,Target Maturity,Invesco,36289168.0,0.0686,,,36289168.0,25.92,26.07,26.01,,2932,6950,,,6.86,
BSJW,Invesco BulletShares 2032 High Yield Corporate Bond ETF,Target Maturity,Invesco,17473016.0,,,,17473016.0,24.95,24.985,24.935,,435,4717,,,,
BSMC,Brandes U.S. Small-Mid Cap Value ETF,Small Value,Brandes,94581120.0,0.0097,,,94581120.0,30.148,30.282,29.96,,9585,10234,18.053417,,0.97,
BSMP,Invesco BulletShares (R) 2025 Municipal Bond ETF,Muni Target Maturity,Invesco,242229152.0,0.0256,0.0250137,0.0098623,242229152.0,24.46,24.44,24.48,,15406,53442,,,2.56,
BSMQ,Invesco BulletShares (R) 2026 Municipal Bond ETF,Muni Target Maturity,Invesco,269516416.0,0.027999999,0.026584798,0.009642,269516416.0,23.44,23.455,23.49,,37249,54411,,,2.8,
BSMR,Invesco BulletShares (R) 2027 Municipal Bond ETF,Muni Target Maturity,Invesco,237905312.0,0.028299998,0.0255461,0.0090553,237905312.0,23.34,23.27,23.3,,19347,68079,,,2.83,
BSMS,Invesco BulletShares (R) 2028 Municipal Bond ETF,Muni Target Maturity,Invesco,172459408.0,0.028499998,0.025852,0.0044442,172459408.0,23.01,23.0554,23.09,,35929,45819,,,2.85,
BSMT,Invesco BulletShares 2029 Municipal Bond ETF,Muni Target Maturity,Invesco,178100384.0,0.028800001,0.0249254,0.0017514,178100384.0,22.58,22.55,22.6,,52111,64333,,,2.88,
BSMU,Invesco BulletShares 2030 Municipal Bond ETF,Muni Target Maturity,Invesco,159959520.0,0.0297,0.024610199,,159959520.0,21.36,21.295,21.33,,64435,48896,,,2.97,
BSMV,Invesco BulletShares 2031 Municipal Bond ETF,Muni Target Maturity,Invesco,98188280.0,0.0312,0.0258428,,98188280.0,20.47,20.345,20.43,,45750,33312,,,3.12,
BSMW,Invesco Bulletshares 2032 Municipal Bond ETF,Muni Target Maturity,Invesco,102145792.0,0.035,,,102145792.0,24.26,24.23,24.3,,31593,32717,,,3.5,
BSMY,Invesco Bulletshares 2034 Municipal Bond ETF,Muni Target Maturity,Invesco,26025038.0,,,,26025038.0,23.53,23.4795,23.53,,20509,11455,,,,
BSR,Beacon Selective Risk ETF,Tactical Allocation,Beacon Capital Management Inc,29577758.0,0.0093,,,29577758.0,27.47,27.8763,27.59,,0,555,21.7554,,0.93,
BSSX,Invesco Bulletshares 2033 Municipal Bond ETF,Muni Target Maturity,Invesco,74752560.0,0.033800002,,,74752560.0,24.83,24.84,24.8599,,25630,19769,,,3.38,
BSTP,Innovator Buffer Step-Up Strategy ETF,Defined Outcome,Innovator ETFs,54659540.0,0.0,0.107053496,,54659540.0,33.1159,33.2686,33.08,,7183,13041,24.87052,,0.0,
BSV,Vanguard Short-Term Bond Index Fund ETF Shares,Short-Term Bond,Vanguard,64416641024.0,0.0349,0.031342298,0.0104597,64416641000.0,78.05,78.02,78.14,,1754882,3098101,,,3.49,
BSVO,EA Bridgeway Omni Small-Cap Value ETF,Small Value,Bridgeway,1289153408.0,0.019,0.0239957,0.1804029,1289153410.0,19.1832,19.32,19.03,,105374,438641,10.566837,,1.9,
BTAL,AGF U.S. Market Neutral Anti-Beta Fund,Equity Market Neutral,AGF Investments LLC,446405600.0,0.0319,0.0187042,-0.0303447,446405600.0,19.3157,19.36,19.58,,345211,1069311,18.119595,,3.19,
BTC,Grayscale Bitcoin Mini Trust ETF,Digital Assets,Grayscale,3981485824.0,,,,3981485820.0,48.16,49.3,48.2,,1058258,1196223,,,,
BTCC,,Digital Assets,Grayscale,2508750.0,,,,2508750.0,36.2429,36.5864,36.43,,17662,14627,,,,
BTCI,NEOS ETF Trust - NEOS Bitcoin High Income ETF,,,,,,,,,61.19,60.37,,145083,112542,,,,
BTCL,T-Rex 2X Long Bitcoin Daily Target ETF,Trading--Miscellaneous,Rex,44135888.0,,,,44135888.0,56.1378,58.78,56.23,,87071,112941,,,,
BTCO,Invesco Galaxy Bitcoin ETF,Digital Assets,Invesco,499036128.0,0.0,,,499036128.0,108.53,111.02,108.57,,285999,208755,,,0.0,
BTCW,WisdomTree Bitcoin Fund,Digital Assets,WisdomTree,145473856.0,0.0,,,145473856.0,115.476,117.94,115.11,,78257,169730,,,0.0,
BTCZ,T-Rex 2X Inverse Bitcoin Daily Target ETF,Trading--Miscellaneous,Rex,5335981.0,,,,5335981.0,3.434,3.28,3.44,,3250407,720822,,,,
BTF,CoinShares Bitcoin and Ether Strategy ETF,Digital Assets,Valkyrie ETF Trust II,26901052.0,0.73910004,0.2845414,,26901052.0,13.4819,13.83,13.41,,30394,29674,,,73.91,
BTFX,CoinShares Bitcoin Futures Leveraged Strategy ETF,Digital Assets,Valkyrie ETF Trust II,15530288.0,0.0,,,15530288.0,55.634,58.2302,56.05,,2217,9301,,,0.0,
BTGD,STKd 100% Bitcoin & 100% Gold ETF,Digital Assets,Quantify Funds,28678216.0,,,,28678216.0,37.2713,37.54,37.53,,49492,33352,,,,
BTOP,Bitwise Trendwise BTC/ETH and Treasuries Rotation Strategy ETF,Digital Assets,Bitwise Investments,3292167.0,0.7904,,,3292167.0,33.846,34.6988,33.95,,1599,1660,,,79.04,
BTR,Beacon Tactical Risk ETF,Tactical Allocation,Beacon Capital Management Inc,25846168.0,0.0095999995,,,25846168.0,23.27,23.3923,23.3208,,2,461,19.901653,,0.96,
BTRN,Global X Bitcoin Trend Strategy ETF,Digital Assets,Global X Funds,6341452.0,0.024600001,,,6341452.0,40.37,38.6565,41.18,,288,1922,,,2.46,
BUCK,Simplify Treasury Option Income ETF,Ultrashort Bond,Simplify Asset Management,325402432.0,0.08140001,,,325402432.0,23.4456,23.38,23.52,,234201,375341,,,8.14,
BUFB,Innovator Laddered Allocation Buffer ETF,Defined Outcome,Innovator ETFs,205988480.0,0.0,0.1196394,,205988480.0,32.1764,32.39,32.03,,8431,37431,24.94109,,0.0,
BUFC,AB Conservative Buffer ETF,Defined Outcome,AllianceBernstein,848406464.0,0.0,,,848406460.0,38.9607,39.06,39.0115,,15093,77376,24.306906,,0.0,
BUFD,FT Vest Laddered Deep Buffer ETF,Defined Outcome,First Trust,1258377088.0,0.0,0.0862047,,1258377090.0,25.47,25.59,25.36,,54400,281165,24.872746,,0.0,
BUFF,Innovator Laddered Allocation Power Buffer ETF,Defined Outcome,Innovator ETFs,578030144.0,0.0,0.1017323,0.104144804,578030140.0,45.0825,45.32,44.93,,38743,72725,24.702106,,0.0,
BUFG,FT Vest Buffered Allocation Growth ETF,Defined Outcome,First Trust,249513856.0,0.0,0.101900905,,249513856.0,24.38,24.46,24.25,,14964,37841,24.827545,,0.0,
BUFI,AB International Buffer ETF,Defined Outcome,AllianceBernstein,35477760.0,,,,35477760.0,36.9877,37.22,37.23,,7656,8719,17.42424,,,
BUFM,AB Moderate Buffer ETF,,,,,,,,,35.5746,35.49,,166999,44076,24.722261,,,
BUFP,PGIM Laddered S&P 500 Buffer 12 ETF,Defined Outcome,PGIM Investments,38281308.0,,,,38281308.0,26.756,26.8875,26.81,,66097,8871,24.775356,,,
BUFQ,FT Vest Laddered Nasdaq Buffer ETF,Defined Outcome,First Trust,904590080.0,0.0,,,904590080.0,31.46,31.69,31.27,,108047,201136,31.278938,,0.0,
BUFR,FT Vest Laddered Buffer ETF,Defined Outcome,First Trust,6335638528.0,0.0,0.1147643,,6335638500.0,30.37,30.52,30.29,,973887,1283177,24.876421,,0.0,
BUFS,,Defined Outcome,First Trust,87133792.0,,,,87133792.0,20.3,20.3585,20.12,,6779,35136,15.977768,,,
BUFT,FT Vest Buffered Allocation Defensive ETF,Defined Outcome,First Trust,122004688.0,0.0,0.065859295,,122004688.0,22.89,22.9524,22.8668,,207347,23514,24.68863,,0.0,
BUFY,FT Vest Laddered International Moderate Buffer ETF,Defined Outcome,First Trust,20200662.0,,,,20200662.0,20.67,20.6693,20.62,,11524,12622,16.50382,,,
BUFZ,FT Vest Laddered Moderate Buffer ETF,Defined Outcome,First Trust,421701792.0,0.0,,,421701792.0,23.96,24.08,23.93,,43597,126349,24.77064,,0.0,
BUG,Global X Cybersecurity ETF,Technology,Global X Funds,1015718592.0,0.00090000004,0.1085795,0.1411642,1015718590.0,34.74,34.7,34.31,,149008,301822,30.995962,,0.09,
BUL,Pacer US Cash Cows Growth ETF,Mid-Cap Blend,Pacer,71143728.0,0.0021,0.116425894,0.1533891,71143728.0,47.0685,47.5425,46.42,,7882,9184,18.195932,,0.21,
BULD,Pacer BlueStar Engineering the Future ETF,Technology,Pacer,1202005.0,0.0019,0.0492655,,1202005.0,21.1996,21.3409,21.31,,11,384,30.327263,,0.19,
BUSA,Brandes U.S. Value ETF,Large Value,Brandes,216071616.0,0.012,,,216071616.0,31.854,31.79,31.66,,17409,31587,16.297493,,1.2,
BUXX,Strive Enhanced Income Short Maturity ETF,Ultrashort Bond,Strive AM,280233600.0,0.053600002,,,280233600.0,20.346,20.34,20.36,,212544,257963,,,5.36,
BUYO,KraneShares Man Buyout Beta Index ETF,Mid-Cap Blend,KraneShares,10008710.0,,,,10008710.0,23.55,24.4031,24.339,,0,158,18.742004,,,
BUYW,Main Buywrite ETF,Derivative Income,Main Management ETFs,659554624.0,0.0614,0.1023415,0.1069341,659554620.0,13.78,13.8406,13.8,,177470,251011,24.558393,,6.14,
BUYZ,Franklin Disruptive Commerce ETF,Global Large-Stock Growth,Franklin Templeton Investments,7134411.0,0.0007,0.199405,0.045987703,7134411.0,38.13,38.3603,38.2575,,142,2007,38.825806,,0.07,
BUZZ,VanEck Social Sentiment ETF,Large Growth,VanEck,48550324.0,0.0053,0.2391811,,48550324.0,26.53,26.7667,26.48,,7831,14915,28.653576,,0.53,
BWEB,Bitwise Web3 ETF,Technology,Bitwise Investments,3292899.0,0.0,,,3292899.0,58.475,59.5904,58.48,,275,893,27.040564,,0.0,
BWET,Breakwave Tanker Shipping ETF,Commodities Focused,Amplify ETFs,1433738.0,0.0,,,1433738.0,11.2133,11.5,11.5,,2401,1855,27.457436,,0.0,
BWTG,Brendan Wood TopGun ETF,Large Growth,Brendan Wood TopGun Partnerships Inc.,13567856.0,0.0025,,,13567856.0,34.76,34.8416,35.02,,14930,1925,26.85664,,0.25,
BWX,SPDR Bloomberg International Treasury Bond ETF,Global Bond,SPDR State Street Global Advisors,1272843392.0,0.0167,-0.0017985,-0.0250666,1272843390.0,22.86673,22.66,22.85,,441502,876009,,,1.67,
BWZ,SPDR Bloomberg Short Term International Treasury Bond ETF,Global Bond,SPDR State Street Global Advisors,274475456.0,0.0119,0.0159428,-0.0027448,274475456.0,27.54032,27.43,27.46,,273466,171673,,,1.19,
BYLD,iShares Yield Optimized Bond ETF,Multisector Bond,iShares,236589728.0,0.0544,0.042251702,0.0109838,236589728.0,22.15597,22.16,22.17,,27331,60888,10.760101,,5.44,
BYRE,Principal Real Estate Active Opportunities ETF,Real Estate,Principal Funds,13714608.0,0.023599999,0.0184772,,13714608.0,25.00501,24.9379,24.9378,,1135,2303,32.863018,,2.36,
BZQ,ProShares UltraShort MSCI Brazil Capped,Trading--Inverse Equity,ProShares,6402276.0,0.0515,-0.1459867,-0.345935,6402276.0,12.0012,12.0934,12.68,,9544,21758,,,5.15,
CA,Xtrackers California Municipal Bond ETF,Muni California Intermediate,Xtrackers,21931862.0,0.0322,,,21931862.0,24.222,24.21,24.2599,,358,8357,,,3.22,
CAAA,First Trust Commercial Mortgage Opportunities ETF,Intermediate Core-Plus Bond,First Trust,10222779.0,0.0554,,,10222779.0,20.18,20.18,20.19,,100,14876,,,5.54,
CAFG,Pacer US Small Cap Cash Cows Growth Leaders ETF,Small Growth,Pacer,17873620.0,0.0036000002,,,17873620.0,23.7433,23.925,23.7803,,373,8682,19.212406,,0.36,
CAFX,Congress Intermediate Bond ETF,Intermediate Core Bond,Congress,317159712.0,,,,317159712.0,24.6837,24.685,24.73,,26666,102288,,,,
CALF,Pacer US Small Cap Cash Cows 100 ETF,Small Value,Pacer,4212441856.0,0.0128,0.0257473,0.1421198,4212441860.0,38.0849,38.26,37.6,,1380368,2408309,11.864991,,1.28,
CALI,BlackRock ETF Trust II - iShares Short-Term California Muni Active ETF,,,,,,,,,50.23,50.24,,11049,28614,,,,0.119
CAML,Congress Large Cap Growth ETF,Large Growth,Congress,265791664.0,0.00059999997,,,265791664.0,34.3083,34.48,34.18,,25283,27006,34.245056,,0.06,
CAMX,Cambiar Aggressive Value ETF,Global Large-Stock Value,Cambiar Funds,56695704.0,0.013300001,0.1105717,0.1546383,56695704.0,29.62,29.9864,29.86,,33,407,16.942898,,1.33,
CANC,Tema Oncology ETF,Health,Tema Global Limited,67751744.0,0.028900001,,,67751744.0,23.7572,23.8045,23.77,,3045,7585,22.843054,,2.89,
CANE,Teucrium Sugar Fund,Commodities Focused,Teucrium,10217562.0,0.0,0.047978804,0.1609918,10217562.0,11.4381,11.5,11.42,,13319,40004,,,0.0,
CANQ,Calamos Nasdaq Equity & Income ETF,Moderate Allocation,Calamos,9390851.0,0.056399997,,,9390851.0,27.36,27.3975,27.2804,,100,6307,,,5.64,
CAOS,Alpha Architect Tail Risk ETF,Equity Hedged,Alpha Architect,374397728.0,0.0,0.048116002,0.0036776,374397728.0,88.4357,88.51,88.475,,18307,33712,23.799656,,0.0,
CAPE,DoubleLine Shiller CAPE U.S. Equities ETF,Large Blend,DoubleLine ETF Trust,294867168.0,0.0125,0.1294053,,294867168.0,30.4068,30.5152,30.32,,17772,27136,28.608585,,1.25,
CARK,Castleark Large Growth ETF,Large Growth,CastleArk Management LLC,319356480.0,0.00029999999,,,319356480.0,37.7,38.9531,38.65,,5,22549,36.26047,,0.03,
CARU,Max Auto Industry 3X Leveraged ETN,Trading--Leveraged Equity,Bank of Montreal,3378115.0,0.0,,,3378115.0,27.70857,29.5205,28.11,,254,2388,17.79803,,0.0,
CARY,Angel Oak Income ETF,Multisector Bond,Angel Oak,450517088.0,0.0612,,,450517088.0,20.5936,20.58,21.26,,125848,166280,,,6.12,
CARZ,First Trust S-Network Future Vehicles & Technology ETF,Consumer Cyclical,First Trust,26583578.0,0.0115,0.060072497,0.1660682,26583578.0,57.28,57.24,56.41,,189,2819,17.261671,,1.15,
CAS,Simplify China A Shares PLUS Income ETF,China Region,Simplify Asset Management,10096541.0,,,,10096541.0,28.1539,29.1625,28.8576,,23,1036,,,,
CATF,American Century California Municipal Bond ETF,Muni California Intermediate,American Century Investments,31708608.0,,,,31708608.0,48.3861,48.215,48.34,,485,1977,,,,
CATH,Global X S&P 500 Catholic Values ETF,Large Blend,Global X Funds,869663040.0,0.01,0.1468156,0.155453,869663040.0,70.77,71.29,70.43,,19046,43063,26.033155,,1.0,
CBLS,Clough Hedged Equity ETF,Equity Hedged,Clough Capital Partners L.P.,41305484.0,0.0072000003,0.107988596,,41305484.0,28.4733,28.339,28.18,,67,6377,25.609016,,0.72,
CBOA,,Digital Assets,Calamos,3831702.0,,,,3831702.0,25.86,25.995,26.04,,4248,6391,,,,
CBOJ,Calamos Bitcoin Structured Alt Protection ETF - January,Digital Assets,Calamos,42575252.0,,,,42575252.0,25.45,25.58,25.47,,19779,18700,,,,
CBON,VanEck China Bond ETF,Emerging-Markets Local-Currency Bond,VanEck,17727500.0,0.0175,0.0055544,0.0283853,17727500.0,22.46,22.255,22.36,,1954,3225,,,1.75,
CBSE,Clough Select Equity ETF,Global Small/Mid Stock,Clough Capital Partners L.P.,23031280.0,0.0041,0.1612871,,23031280.0,33.5592,33.0348,32.79,,859,6971,26.110632,,0.41,
CBTA,,Digital Assets,Calamos,5490868.0,,,,5490868.0,29.49,30.1397,29.9625,,2141,5044,,,,
CBTJ,Calamos Bitcoin 80 Series Structured Alt Protection ETF - January,Digital Assets,Calamos,34317992.0,,,,34317992.0,26.57,27.1008,26.81,,16505,27195,,,,
CBXA,,Digital Assets,Calamos,5322288.0,,,,5322288.0,27.69,27.9863,28.163,,82,12938,,,,
CBXJ,Calamos Bitcoin 90 Series Structured Alt Protection ETF – January,Digital Assets,Calamos,23581516.0,,,,23581516.0,26.12,26.3981,26.16,,32778,17234,,,,
CCEF,Calamos CEF Income & Arbitrage ETF,Relative Value Arbitrage,Calamos,15492636.0,0.078099996,,,15492636.0,27.33,27.2783,27.25,,169,5873,,,7.81,
CCMG,CCM Global Equity ETF,Global Large-Stock Value,"CCM Investment Group, LLC",936908928.0,0.0231,,,936908930.0,28.2218,28.21,28.22,,15199,49461,15.7248535,,2.31,
CCNR,ALPS/CoreCommodity Natural Resources ETF,Natural Resources,ALPS,340881408.0,,,,340881408.0,24.8548,24.6086,24.6944,,1,16912,12.159511,,,
CCOR,Core Alternative ETF,Equity Hedged,Core Alternative Capital,60228476.0,0.0101,-0.0225803,0.009641,60228476.0,27.226,27.1455,27.12,,3698,17558,,,1.01,
CCRV,iShares Commodity Curve Carry Strategy ETF,Commodities Broad Basket,iShares,37598948.0,0.0471,-0.0046584,,37598948.0,19.47514,19.4508,19.38,,2809,14322,,,4.71,
CCSB,Carbon Collective Short Duration Green Bond ETF,Short-Term Bond,Carbon Collective Funds,18281072.0,0.0452,,,18281072.0,20.3148,20.305,20.37,,1849,6660,,,4.52,
CCSO,Carbon Collective Climate Solutions U.S. Equity ETF,Mid-Cap Growth,Carbon Collective Funds,28410978.0,0.0055,,,28410978.0,21.4127,21.18,21.3485,,2769,2992,30.399637,,0.55,
CDC,VictoryShares US EQ Income Enhanced Volatility Wtd ETF,Large Value,Victory Capital,728844160.0,0.0332,-0.0008263,0.1040213,728844160.0,62.23,62.03,61.78,,7512,32403,16.755384,,3.32,
CDEI,"Calvert US Large-Cap Diversity, Equity And Inclusion Index ETF",Large Blend,Calvert ETFs,23509972.0,0.0127,,,23509972.0,69.69,71.054,71.17,,34,1144,26.462992,,1.27,
CDL,VictoryShares US Large Cap High Div Volatility Wtd ETF,Large Value,Victory Capital,334658624.0,0.033,0.0570397,0.15330571,334658624.0,64.92,64.82,64.73,,27323,12669,16.783209,,3.3,
CDX,Simplify High Yield ETF,High Yield Bond,Simplify Asset Management,176627712.0,0.1154,0.090249,,176627712.0,23.0812,23.18,23.1,,75637,132317,11.118406,,11.54,
CEFA,Global X S&P Catholic Values Developed ex-U.S. ETF,Foreign Large Blend,Global X Funds,22598648.0,0.0299,0.1082107,,22598648.0,33.74,33.8335,33.93,,641,4276,16.518839,,2.99,
CEFS,Saba Closed-End Funds ETF,Tactical Allocation,SABA ETF,261552304.0,0.0836,0.1683462,0.1585915,261552304.0,21.6,21.62,21.43,,30376,100998,21.719604,,8.36,
CEMB,iShares J.P. Morgan EM Corporate Bond ETF,Emerging Markets Bond,iShares,371022272.0,0.0519,0.053200103,0.0253105,371022272.0,44.53236,44.65,44.65,,22111,63569,,,5.19,
CEPI,REX Crypto Equity Premium Income ETF,Derivative Income,"REX Advisers, LLC",33524052.0,,,,33524052.0,38.6548,39.35,38.69,,26187,23715,23.867434,,,
CERY,SPDR Bloomberg Enhanced Roll Yield Commodity Strategy No K-1 ETF,Commodities Broad Basket,SPDR State Street Global Advisors,416281120.0,,,,416281120.0,26.94435,26.68,26.8299,,12377,274719,,,,
CETH,21shares Core Ethereum ETF,Digital Assets,21Shares US LLC,15954224.0,,,,15954224.0,12.827,13.19,12.81,,461822,509987,,,,
CEW,WisdomTree Emerging Currency Strategy Fund,Emerging-Markets Local-Currency Bond,WisdomTree,7176182.0,0.0511,0.051908303,0.0349013,7176182.0,18.302,18.2949,18.37,,2036,6561,,,5.11,
CFA,VictoryShares US 500 Volatility Wtd ETF,Large Blend,Victory Capital,503057696.0,0.0137,0.0947845,0.135028,503057696.0,84.74,84.95,83.98,,14099,10765,21.471073,,1.37,
CFIT,,Intermediate Core-Plus Bond,Cambria,12842582.0,,,,12842582.0,24.2687,24.2384,24.29,,3339,14200,,,,
CFO,VictoryShares US 500 Enhanced Volatility Wtd ETF,Large Blend,Victory Capital,397739712.0,0.0138,0.0234062,0.083372094,397739712.0,68.68,68.92,68.21,,3013,10685,21.476334,,1.38,
CGBL,Capital Group Core Balanced ETF,Moderate Allocation,Capital Group,2004422656.0,0.02,,,2004422660.0,31.66,31.72,31.52,,769920,679887,25.368908,,2.0,
CGCB,Capital Group Core Bond ETF,Intermediate Core Bond,Capital Group,2158171136.0,0.0403,,,2158171140.0,25.84,25.81,25.89,,552953,670558,,,4.03,
CGCP,Capital Group Core Plus Income ETF,Intermediate Core-Plus Bond,Capital Group,4736964096.0,0.0514,0.020664401,,4736964100.0,22.06,22.05,22.08,,990029,1171523,10.731303,,5.14,
CGCV,Capital Group Conservative Equity ETF,Large Value,Capital Group,302373888.0,,,,302373888.0,27.17,27.26,27.03,,140227,164273,24.124804,,,
CGDG,Capital Group Dividend Growers ETF,Global Large-Stock Blend,Capital Group,2022768384.0,0.0211,,,2022768380.0,32.25,32.2,32.02,,299341,483496,20.456161,,2.11,
CGDV,Capital Group Dividend Value ETF,Large Value,Capital Group,14925871104.0,0.0163,0.17142981,,14925871100.0,36.38,36.52,36.13,,3713444,3747430,25.378466,,1.63,
CGGE,Capital Group Global Equity ETF,Global Large-Stock Blend,Capital Group,316408480.0,,,,316408480.0,27.59,27.69,27.45,,125980,193158,24.397903,,,
CGGO,Capital Group Global Growth Equity ETF,Global Large-Stock Growth,Capital Group,5308120064.0,0.0113,0.1351246,,5308120100.0,30.03,30.23,29.83,,1045039,1122277,23.223394,,1.13,
CGGR,Capital Group Growth ETF,Large Growth,Capital Group,10752705536.0,0.0034999999,0.2075382,,10752705500.0,37.36,37.63,37.13,,1943576,3364730,29.678974,,0.35,
CGHM,Capital Group Municipal High-Income ETF,High Yield Muni,Capital Group,154680064.0,,,,154680064.0,24.46,24.455,24.54,,29119,123825,,,,
CGIB,Capital Group International Bond ETF (USD-Hedged),Global Bond-USD Hedged,Capital Group,50988104.0,,,,50988104.0,25.52,25.5,25.57,,2291,4912,,,,
CGIC,Capital Group International Core Equity ETF,Foreign Large Blend,Capital Group,148522336.0,,,,148522336.0,28.08,28.1,27.86,,118045,125471,16.27437,,,
CGIE,Capital Group International Equity ETF,Foreign Large Growth,Capital Group,550253632.0,0.0115,,,550253630.0,32.07,32.16,31.81,,183306,284422,22.207184,,1.15,
CGMM,Capital Group U.S. Small and Mid Cap ETF,Mid-Cap Blend,Capital Research and Management Company,166638752.0,,,,166638752.0,25.23,25.34,25.05,,395318,442301,21.075497,,,
CGMS,Capital Group U.S. Multi-Sector Income ETF,Multisector Bond,Capital Group,2548712448.0,0.059,,,2548712450.0,27.01,27.03,27.01,,454391,689946,10.742424,,5.9,
CGMU,Capital Group Municipal Income ETF,Muni National Interm,Capital Group,3024676608.0,0.0328,,,3024676610.0,26.5,26.5,26.55,,569905,655746,,,3.28,
CGNG,Capital Group New Geography Equity ETF,Diversified Emerging Mkts,Capital Group,279549312.0,,,,279549312.0,27.1,27.18,26.95,,182759,184574,19.771921,,,
CGRO,CoreValues Alpha Greater China Growth ETF,China Region,MSA Power Funds LLC,9369087.0,0.0226,,,9369087.0,26.4887,26.6794,26.5371,,827,1850,21.86151,,2.26,
CGSD,Capital Group Short Duration Income ETF,Short-Term Bond,Capital Group,1162462080.0,0.0456,,,1162462080.0,25.81,25.83,25.87,,298319,323426,,,4.56,
CGSM,Capital Group Short Duration Municipal Income ETF,Muni National Short,Capital Group,654364544.0,0.0307,,,654364540.0,25.93,25.935,25.97,,190548,169753,,,3.07,
CGUI,Capital Group Ultra Short Income ETF,Ultrashort Bond,Capital Group,37770884.0,,,,37770884.0,25.25,25.23,25.24,,41816,78807,,,,
CGUS,Capital Group Core Equity ETF,Large Blend,Capital Group,5024479232.0,0.0111,0.15898171,,5024479200.0,34.34,34.56,34.15,,828322,1369157,25.454409,,1.11,
CGV,Conductor Global Equity Value ETF,Foreign Small/Mid Value,Conductor,107371352.0,0.0318,0.0307492,0.09064861,107371352.0,13.34,13.2,13.2,,31755,14206,12.884722,,3.18,
CGW,Invesco S&P Global Water Index ETF,Natural Resources,Invesco,926246720.0,0.0117999995,0.10397781,0.1347391,926246720.0,60.32,60.16,59.79,,89411,48512,22.38208,,1.18,
CGXU,Capital Group International Focus Equity ETF,Foreign Large Growth,Capital Group,3380304384.0,0.0101,0.063308805,,3380304380.0,26.34,26.4,26.13,,548349,858938,19.511963,,1.01,
CHAT,Roundhill Generative AI & Technology ETF,Technology,Roundhill Investments,235584160.0,0.0,,,235584160.0,41.5062,41.71,41.0,,29808,68398,26.214836,,0.0,
CHAU,Direxion Daily CSI 300 China A Share Bull 2X Shares,Trading--Leveraged Equity,Direxion Funds,149298000.0,0.0253,-0.1378869,-0.0348791,149298000.0,14.397,14.49,14.29,,172887,602987,14.878145,,2.53,
CHGX,Stance Sustainable Beta ETF,Large Blend,Stance Funds,140543664.0,0.0078,0.124554195,0.1288002,140543664.0,24.4654,24.72,24.27,,11241,28190,27.170069,-222.18182,0.78,
CHIQ,Global X MSCI China Consumer Discretionary ETF,China Region,Global X Funds,226231312.0,0.0241,0.076423995,0.0608986,226231312.0,22.47,22.38,22.22,,24911,101707,16.62887,,2.41,
CHPS,Xtrackers Semiconductor Select Equity ETF,Technology,Xtrackers,6283696.0,0.0116,,,6283696.0,29.457,29.76,29.43,,575,1182,24.04468,,1.16,
CHPY,YieldMax Semiconductor Portfolio Option Income ETF,Derivative Income,YieldMax ETFs,3621232.0,,,,3621232.0,50.0717,50.5852,49.94,,5245,10263,26.427519,,,
CIBR,First Trust NASDAQ Cybersecurity ETF,Technology,First Trust,8277409792.0,0.0023999999,0.2001363,0.18370251,8277409800.0,71.0,71.52,70.12,,378504,953307,31.027023,,0.24,
CIL,VictoryShares International Volatility Wtd ETF,Foreign Large Blend,Victory Capital,106838552.0,0.0308,0.107364,0.1168538,106838552.0,49.21,48.91,49.0118,,63,1284,16.248419,,3.08,
CLDL,Direxion Daily Cloud Computing Bull 2X Shares,Trading--Leveraged Equity,Direxion Funds,5679589.0,0.00059999997,0.1788127,,5679589.0,13.005,13.5172,13.04,,11953,12541,37.259243,,0.06,
CLIP,Global X 1-3 Month T-Bill ETF,Ultrashort Bond,Global X Funds,1566078336.0,0.0482,,,1566078340.0,100.34,100.3,100.35,,334264,283688,,,4.82,
CLIX,ProShares Long Online/Short Stores ETF,Long-Short Equity,ProShares,7843817.0,0.0034,0.1102863,-0.063666604,7843817.0,48.8007,48.8958,48.27,,1523,1488,21.402191,,0.34,
CLOA,iShares AAA CLO Active ETF,Ultrashort Bond,iShares,796324032.0,0.0587,,,796324030.0,51.77123,51.79,51.81,,242385,312779,,,5.87,
CLOB,VanEck AA-BB CLO ETF,Bank Loan,VanEck,100263992.0,,,,100263992.0,50.66,50.57,50.41,,342541,40142,,,,
CLOD,Themes Cloud Computing ETF,Technology,Themes ETF Trust,1215444.0,0.0,,,1215444.0,32.5295,32.8897,32.5402,,139,368,40.019173,,0.0,
CLOI,VanEck CLO ETF,Ultrashort Bond,VanEck,1053829632.0,0.0643,,,1053829630.0,52.89,52.85,52.68,,887307,316588,,,6.43,
CLOU,Global X Cloud Computing ETF Global X Cloud Computing ETF,Technology,Global X Funds,336512384.0,0.0,0.090530396,0.0325285,336512384.0,22.35,22.75,22.29,,141746,210746,36.168476,,0.0,
CLOX,Eldridge AAA CLO ETF,Ultrashort Bond,"Eldridge Structured Credit Advisers, LLC",133493016.0,0.0592,,,133493016.0,25.4594,25.525,25.53,,187455,135565,,,5.92,
CLOZ,Eldridge BBB-B CLO ETF,Bank Loan,"Eldridge Structured Credit Advisers, LLC",649455040.0,0.086,,,649455040.0,26.6941,26.71,26.71,,356447,896307,,,8.6,
CLSE,Convergence Long/Short Equity ETF,Long-Short Equity,Convergence,163562640.0,0.0097,0.1532157,0.1661327,163562640.0,22.612,22.53,22.26,,21631,112885,18.597952,,0.97,
CLSM,Cabana Target Leading Sector Moderate ETF,Moderate Allocation,Cabana,119195952.0,0.0216,0.0067449,,119195952.0,20.54,20.5805,20.5001,,24960,25866,20.114801,,2.16,
CMBS,iShares CMBS ETF,Intermediate Core Bond,iShares,431249504.0,0.0332,0.0297567,0.0067757,431249504.0,47.92808,48.06,48.07,,17829,49682,,,3.32,
CMCI,VanEck CMCI Commodity Strategy ETF,Commodities Broad Basket,VanEck,2398390.0,0.04,,,2398390.0,24.72,24.6266,24.5555,,4,276,,,4.0,
CMDT,PIMCO Commodity Strategy Active Exchange-Traded Fund,Commodities Broad Basket,PIMCO,400085088.0,0.085200004,,,400085088.0,25.85,25.69,25.695,,68340,177274,,,8.52,
CMDY,iShares Bloomberg Roll Select Commodity Strategy ETF,Commodities Broad Basket,iShares,280574656.0,0.040900003,-0.0414723,0.12611741,280574656.0,50.48637,50.07,50.11,,9574,54065,,,4.09,
CMF,iShares California Muni Bond ETF,Muni California Long,iShares,3528237824.0,0.0293,0.0221658,-0.0020038,3528237820.0,55.457,55.4,55.51,,603889,672717,,,2.93,
CNAV,Mohr Company Nav ETF,Large Blend,Mohrfunds,32218644.0,,,,32218644.0,25.3,25.382,25.37,,854,9011,25.27043,,,
CNBS,Amplify Seymour Cannabis ETF,Miscellaneous Sector,Amplify ETFs,80769520.0,0.5288,-0.3817585,-0.2944882,80769520.0,16.6101,16.7224,16.67,,4011,13504,,,52.88,
CNCR,Range Cancer Therapeutics Index ETF,Health,Range Cancer,7834575.0,0.0,-0.1480394,-0.18860069,7834575.0,8.8961,8.88,8.89,,3579,2261,,,0.0,
CNEQ,Alger Concentrated Equity ETF,Large Growth,Alger,27097548.0,0.0018000001,,,27097548.0,26.487,26.6737,26.42,,6869,20273,38.30177,,0.18,
CNRG,SPDR Kensho Clean Power ETF,Equity Energy,SPDR State Street Global Advisors,105926480.0,0.0149,-0.0997679,0.0624306,105926480.0,56.04358,55.19,54.27,,14835,23282,18.107084,,1.49,
CNXT,VanEck ChiNext ETF,China Region,VanEck,24425326.0,0.0016,-0.0702478,-0.0063437005,24425326.0,26.96,26.9625,26.74,,1885,19842,25.010647,,0.16,
CNYA,iShares MSCI China A ETF,China Region,iShares,212073520.0,0.025799999,-0.0331295,0.0204347,212073520.0,28.30301,28.3,28.22,,33193,151146,14.868435,,2.58,
COAL,Range Global Coal ETF,Equity Energy,Exchange Traded Concepts,15072268.0,0.0221,,,15072268.0,16.91,16.85,16.8,,9571,26125,7.131396,,2.21,
COIG,Themes ETF Trust - Leverage Shares 2X Long COIN Daily ETF,,,,,,,,,29.8091,27.99,,9639,13785,,,,
COIW,Roundhill COIN WeeklyPay ETF,Trading--Miscellaneous,Roundhill Investments,4787982.0,,,,4787982.0,43.1893,43.39,41.61,,26004,13141,,,,
COM,Direxion Auspice Broad Commodity Strategy ETF,Commodities Broad Basket,Direxion Funds,222736864.0,0.0377,-0.0093963,0.114815906,222736864.0,28.405,28.3166,28.25,,15498,52577,,,3.77,
COMB,GraniteShares Bloomberg Commodity Broad Strategy No K-1 ETF,Commodities Broad Basket,Graniteshares,93822312.0,0.0239,-0.0428489,0.1298133,93822312.0,21.04,20.8598,20.911,,14304,64590,,,2.39,
COMT,iShares GSCI Commodity Dynamic Roll Strategy ETF,Commodities Broad Basket,iShares,623471488.0,0.0511,-0.051634498,0.13637221,623471490.0,25.22155,25.09,25.055,,57855,252603,59.77469,,5.11,
CONI,GraniteShares 2x Short COIN Daily ETF,Trading--Inverse Equity,Graniteshares,4231540.0,,,,4231540.0,5.4,5.08,5.38,,2467773,964203,,,,
CONL,GraniteShares 2x Long COIN Daily ETF,Trading--Leveraged Equity,Graniteshares,638931648.0,0.0,,,638931650.0,28.05,30.03,28.022,,6454870,6863526,,,0.0,
CONY,YieldMax COIN Option Income Strategy ETF,Derivative Income,YieldMax ETFs,1059796800.0,1.8467,,,1059796800.0,8.8657,9.03,8.84,,5128292,5289044,,,184.67,
COPA,Themes Copper Miners ETF,Natural Resources,Themes ETF Trust,449971.0,,,,449971.0,24.471,24.0189,24.01,,1284,1152,16.235785,,,
COPJ,Sprott Junior Copper Miners ETF,Natural Resources,Sprott,12137971.0,0.1026,,,12137971.0,21.7,21.0838,21.249,,12798,13844,10.885487,,10.26,
COPP,Sprott Copper Miners ETF,Natural Resources,Sprott,22896124.0,0.0273,,,22896124.0,21.0229,20.4,20.37,,24963,16925,28.90173,,2.73,
COPX,Global X Copper Miners ETF,Natural Resources,Global X Funds,2086864896.0,0.018,0.0442993,0.2538036,2086864900.0,41.31,40.21,40.45,,2268859,1388766,15.518972,,1.8,
COPY,"Tweedy, Browne Insider + Value ETF",Global Small/Mid Stock,"Tweedy, Browne",31652892.0,,,,31652892.0,11.0268,11.0603,10.9,,38375,49314,10.2412195,,,
CORN,Teucrium Corn Fund,Commodities Focused,Teucrium,52152940.0,0.0,-0.1411103,0.092769004,52152940.0,18.5595,18.61,18.63,,22982,89338,,,0.0,
CORO,iShares International Country Rotation Active ETF,Foreign Large Blend,BlackRock,6248996.0,,,,6248996.0,27.24982,27.1513,27.243,,542,379,16.141125,,,
CORP,PIMCO Investment Grade Corporate Bond Index Exchange-Traded Fund,Corporate Bond,PIMCO,1356889216.0,0.0473,0.0337439,0.0049272003,1356889220.0,94.97,94.99,95.05,,39594,65226,,,4.73,
CORX,2x Corn ETF,Trading--Leveraged Commodities,Volatility Shares LLC,828306.0,,,,828306.0,15.4356,15.6408,15.2,,2984,982,,,,
COWG,Pacer US Large Cap Cash Cows Growth Leaders ETF,Mid-Cap Growth,Pacer,1433277952.0,0.0034,,,1433277950.0,33.9894,34.05,33.62,,1517310,714836,31.738697,,0.34,
COWS,Amplify Cash Flow Dividend Leaders ETF,Mid-Cap Value,Amplify ETFs,19706904.0,0.0257,,,19706904.0,27.6125,27.74,27.6708,,664,7201,13.007543,,2.57,
COWZ,Pacer US Cash Cows 100 ETF,Mid-Cap Value,Pacer,21028005888.0,0.0195,0.0551051,0.1851241,21028005900.0,53.3068,53.61,52.92,,2213142,2893346,14.940843,,1.95,
CPAI,Counterpoint Quantitative Equity ETF,Mid-Cap Blend,Counterpoint Funds,69841216.0,0.0043,,,69841216.0,34.22,34.2042,33.85,,9792,15303,24.479023,,0.43,
CPER,"United States Copper Index Fund, LP",Commodities Focused,USCF Investments,163510352.0,0.0,0.050026998,0.1493405,163510352.0,30.183,29.23,29.33,,245709,196460,3.5181756,,0.0,
CPII,American Beacon Ionic Inflation Protection ETF,Inflation-Protected Bond,Ionic Capital Management,10224314.0,0.055,,,10224314.0,19.3423,19.38,19.39,,9,1322,,,5.5,
CPLB,NYLI MacKay Core Plus Bond ETF,Intermediate Core-Plus Bond,New York Life Investment Management LLC,281061280.0,0.0583,0.0270303,,281061280.0,20.859,20.825,20.86,,2702,17485,,,5.83,
CPLS,AB Core Plus Bond ETF,Intermediate Core-Plus Bond,AllianceBernstein,153388656.0,0.0461,,,153388656.0,34.7674,34.74,34.74,,2022,22458,,,4.61,
CPNJ,Calamos Nasdaq-100 Structured Alt Protection ETF - June,Defined Outcome,Calamos,27300144.0,,,,27300144.0,25.68,25.7363,25.62,,2645,5871,,,,
CPNM,Calamos Nasdaq-100 Structured Alt Protection ETF - March,Defined Outcome,Calamos,14016718.0,,,,14016718.0,24.7,24.6842,24.68,,1766,18037,,,,
CPNQ,Calamos Nasdaq-100 Structured Alt Protection ETF - December,Defined Outcome,Calamos,32589784.0,,,,32589784.0,24.97,24.9878,24.89,,8856,7257,,,,
CPNS,Calamos Nasdaq-100 Structured Alt Protection ETF - September,Defined Outcome,Calamos,27247880.0,,,,27247880.0,25.8,25.84,25.83,,100,2842,,,,
CPRA,Calamos Russell 2000 Structured Alt Protection ETF - April,Defined Outcome,Calamos,4982536.0,,,,4982536.0,25.05,25.0349,25.04,,1720,6586,,,,
CPRJ,Calamos Russell 2000 Structured Alt Protection ETF - July,Defined Outcome,Calamos,47324488.0,,,,47324488.0,24.81,24.8473,24.8,,7,2593,,,,
CPRO,Calamos Russell 2000 Structured Alt Protection ETF - October,Defined Outcome,Calamos,27613280.0,,,,27613280.0,24.64,24.6231,24.5885,,23656,4571,,,,
CPRY,Calamos Russell 2000 Structured Alt Protection ETF - January,,,,,,,,24.66,24.6356,24.63,,844,20495,,,,
CPSA,Calamos S&P 500 Structured Alt Protection ETF - August,Defined Outcome,Calamos,37354940.0,,,,37354940.0,25.33,25.3846,25.3631,,50,3515,,,,
CPSD,Calamos S&P 500 Structured Alt Protection ETF - December,Defined Outcome,Calamos,50960824.0,,,,50960824.0,24.25,24.295,24.21,,2627,17641,,,,
CPSF,Calamos S&P 500 Structured Alt Protection ETF - February,Defined Outcome,Calamos,22155008.0,,,,22155008.0,24.12,24.1508,24.0956,,24952,14598,,,,
CPSJ,Calamos S&P 500 Structured Alt Protection ETF - July,Defined Outcome,Calamos,32763586.0,,,,32763586.0,25.28,25.3525,25.23,,665,4447,,,,
CPSL,Calamos Laddered S&P 500 Structured Alt Protection ETF,Defined Outcome,Calamos,57533188.0,,,,57533188.0,25.8,25.85,25.79,,990,13387,,,,
CPSM,Calamos S&P 500 Structured Alt Protection ETF - May,Defined Outcome,Calamos,55361044.0,0.0,,,55361044.0,27.54,27.5362,27.5,,3550,23344,,,0.0,
CPSN,Calamos S&P 500 Structured Alt Protection ETF - November,Defined Outcome,Calamos,18974704.0,,,,18974704.0,25.58,25.6229,25.5999,,37289,2638,,,,
CPSO,Calamos S&P 500 Structured Alt Protection ETF - October,Defined Outcome,Calamos,15899875.0,,,,15899875.0,25.73,25.8067,25.845,,0,3501,,,,
CPSP,Calamos S&P 500 Structured Alt Protection ETF - April,Defined Outcome,Calamos,15527983.0,,,,15527983.0,24.98,25.0405,24.98,,50,23810,,,,
CPST,Calamos S&P 500 Structured Alt Protection ETF - September,Defined Outcome,Calamos,24566732.0,,,,24566732.0,25.55,25.6971,25.58,,52,2563,,,,
CPSY,Calamos S&P 500 Structured Alt Protection ETF - January,Defined Outcome,Calamos,19384128.0,,,,19384128.0,23.73,23.7355,23.6601,,900,4538,,,,
CPXR,USCF Daily Target 2X Copper Index ETF,Trading--Leveraged Commodities,USCF Investments,528797.0,,,,528797.0,23.2516,21.7877,23.481,,245,2160,,,,
CQQQ,Invesco China Technology ETF,China Region,Invesco,949244800.0,0.0026,-0.009833,-0.0395776,949244800.0,42.13,42.25,41.88,,75382,674219,19.94468,,0.26,
CRAK,VanEck Oil Refiners ETF,Equity Energy,VanEck,23729972.0,0.0551,0.012361799,0.10265081,23729972.0,29.38,29.2847,29.1,,3207,6812,13.491656,,5.51,
CRBN,iShares MSCI ACWI Low Carbon Target ETF,Global Large-Stock Blend,iShares,944881472.0,0.0195,0.13573161,0.1403943,944881470.0,201.15498,201.8098,200.6329,,2932,11158,20.478249,,1.95,
CRDT,Simplify Opportunistic Income ETF,Multisector Bond,Simplify Asset Management,107426616.0,0.0704,,,107426616.0,24.7389,24.7386,24.73,,34434,44776,12.8060665,,7.04,
CRED,Columbia Research Enhanced Real Estate ETF,Real Estate,Columbia Threadneedle,3228705.0,0.032899998,,,3228705.0,21.15,21.3367,21.16,,51,231,27.976105,,3.29,
CRMG,Leverage Shares 2X Long CRM Daily ETF,,,,,,,,,17.69,17.16,,6649,8265,,,,
CRPT,First Trust SkyBridge Crypto Industry and Digital Economy ETF,Digital Assets,First Trust,89532576.0,0.020399999,0.44541532,,89532576.0,19.05,21.17,19.19,,149420,73793,27.64097,,2.04,
CRSH,,Derivative Income,YieldMax ETFs,26660890.0,,,,26660890.0,4.8354,4.82,4.88,,357662,437774,,,,
CRTC,Xtrackers US National Critical Technologies ETF,Technology,Xtrackers,102599104.0,0.0117,,,102599104.0,31.496,31.7308,31.5401,,2677,13541,26.527855,,1.17,
CRWL,GraniteShares 2x Long CRWD Daily ETF,Trading--Leveraged Equity,Graniteshares,19541254.0,,,,19541254.0,34.8,33.14,32.16,,379995,169857,,,,
CSB,VictoryShares US Small Cap High Div Volatility Wtd ETF,Small Value,Victory Capital,266328592.0,0.0352,0.037114,0.138679,266328592.0,54.44,54.58,53.84,11039868928.0,8382,15822,12.320687,,3.52,
CSD,Invesco S&P Spin-Off ETF,Mid-Cap Blend,Invesco,61588444.0,0.0019,0.1264255,0.1853005,61588444.0,78.85,78.9104,78.27,,1143,4866,22.12216,,0.19,
CSHI,Neos Enhanced Income Cash Alternative ETF,Ultrashort Bond,Neos Funds,492632960.0,0.0547,,,492632960.0,49.632,49.66,49.66,,102756,165085,23.850567,,5.47,
CSHP,iShares Enhanced Short-Term Bond Active ETF,Ultrashort Bond,iShares,96855536.0,,,,96855536.0,100.64826,100.68,100.65,,3,12788,,,,
CSM,ProShares Large Cap Core Plus,Large Blend,ProShares,424140672.0,0.0115,0.1276605,0.15617679,424140672.0,66.2259,66.6121,66.06,,8342,16925,21.816433,,1.15,
CSMD,Congress SMID Growth ETF,Mid-Cap Growth,Congress,272198144.0,0.0,,,272198144.0,29.8399,29.83,29.55,,24917,45746,28.839258,,0.0,
CSNR,Cohen & Steers Natural Resources Active ETF,Natural Resources,Cohen & Steers,32127944.0,,,,32127944.0,25.4631,25.2142,25.36,,1363,12150,15.21192,,,
CSPF,Cohen & Steers Preferred and Income Opportunities Active ETF,Preferred Stock,Cohen & Steers,28390420.0,,,,28390420.0,24.9831,25.0494,25.0304,,1210,16319,,,,
CSRE,Cohen & Steers Real Estate Active ETF,Real Estate,Cohen & Steers,28527234.0,,,,28527234.0,25.1234,25.13,25.04,,7902,11969,30.075348,,,
CSTK,Invesco Comstock Contrarian Equity ETF,Large Value,Invesco,,,,,,25.37,25.45,25.24,,200021,208338,,,,
CTA,Simplify Managed Futures Strategy ETF,Systematic Trend,Simplify Asset Management,1022069952.0,0.0466,0.0753551,,1022069950.0,27.4188,27.62,27.5,,394962,626830,,,4.66,
CTEC,Global X CleanTech ETF,Global Small/Mid Stock,Global X Funds,18467394.0,0.0179,-0.2179678,,18467394.0,6.6,6.47,6.48,,1990,29531,17.994564,,1.79,
CTEX,ProShares S&P Kensho Cleantech ETF,Technology,ProShares,1284426.0,0.0082,-0.124652795,,1284426.0,19.6604,20.2663,18.67,,109,479,20.16558,,0.82,
CURE,Direxion Daily Healthcare Bull 3X Shares,Trading--Leveraged Equity,Direxion Funds,133260576.0,0.0116,-0.1259679,0.0651498,133260576.0,71.413,72.02,70.92,,135605,73157,19.660244,,1.16,
CUT,Invesco MSCI Global Timber ETF,Natural Resources,Invesco,46306732.0,0.0326,-0.0125031,0.0830495,46306732.0,30.55,30.7381,30.33,,2541,5207,18.281363,,3.26,
CVAR,Cultivar ETF,Mid-Cap Value,CULTIVAR ETF,30892732.0,0.0229,0.0321347,,30892732.0,25.29,25.3556,25.3,,400,904,18.944418,,2.29,
CVIE,Calvert International Responsible Index ETF,Foreign Large Blend,Calvert ETFs,150335360.0,0.026600001,,,150335360.0,62.99,62.9446,62.675,,144558,22166,17.601038,,2.66,
CVLC,Calvert US Large-Cap Core Responsible Index ETF,Large Blend,Calvert ETFs,422298784.0,0.0113,,,422298784.0,71.67,72.18,71.43,,18347,22506,25.983803,,1.13,
CVMC,Calvert US Mid-Cap Core Responsible Index ETF,Mid-Cap Blend,Calvert ETFs,64238660.0,0.014199999,,,64238660.0,58.18,58.4134,57.88,,963,6549,21.214167,,1.42,
CVNY,YieldMax CVNA Option Income Strategy ETF,Derivative Income,YieldMax ETFs,55455884.0,,,,55455884.0,46.235,46.04,45.4,,55611,78174,,,,
CVRD,Madison Covered Call ETF,Derivative Income,"Madison Asset Management, LLC",42899880.0,0.0805,,,42899880.0,17.9645,18.0906,17.95,,1174,6250,18.880148,,8.05,
CVRT,Calamos Convertible Equity Alternative ETF,Convertibles,Calamos,10235366.0,0.0152,,,10235366.0,30.35,30.356,30.15,,4417,17931,,,1.52,
CVSB,Calvert Ultra-Short Investment Grade ETF,Ultrashort Bond,Calvert ETFs,168142960.0,0.050300002,,,168142960.0,50.68,50.7701,50.73,,18178,38933,,,5.03,
CVSE,Calvert US Select Equity ETF,Large Blend,Calvert ETFs,12250206.0,0.0114,,,12250206.0,67.0,67.6315,67.05,,365,4953,25.369814,,1.14,
CVY,Invesco Zacks Multi-Asset Income ETF,Aggressive Allocation,Invesco,107539920.0,0.0419,0.08202949,0.1438916,107539920.0,24.92,24.9391,24.59,,2716,4644,10.394006,,4.19,
CWB,SPDR Bloomberg Convertible Securities ETF,Convertibles,SPDR State Street Global Advisors,3661927424.0,0.019,0.0802944,0.097021,3661927420.0,79.62971,79.7,79.28,,321016,713920,,42.345745,1.9,
CWEB,Direxion Daily CSI China Internet Bull 2X Shares,Trading--Leveraged Equity,Direxion Funds,257753472.0,0.0374,-0.0636222,-0.3108557,257753472.0,38.903,38.61,37.94,,212105,649480,18.15439,,3.74,
CWI,SPDR MSCI ACWI ex-US ETF,Foreign Large Blend,SPDR State Street Global Advisors,1760985088.0,0.026600001,0.105521604,0.1168076,1760985090.0,31.72705,31.69,31.51,,177081,238790,16.359865,,2.66,
CWS,AdvisorShares Focused Equity ETF,Mid-Cap Blend,AdvisorShares,173470304.0,0.0058,0.1618093,0.1472717,173470304.0,67.12316,66.9954,67.46,,3113,12439,24.782393,,0.58,
CXRN,Teucrium 2x Daily Corn ETF,Trading--Leveraged Commodities,Teucrium,1044452.0,,,,1044452.0,24.3796,23.21,24.35,,400,392,,,,
CXSE,WisdomTree China ex-State-Owned Enterprises Fund,China Region,WisdomTree,397948160.0,0.015700001,-0.0157694,-0.026782501,397948160.0,34.089,33.84,33.77,,3895,36369,16.713734,,1.57,
CZA,Invesco Zacks Mid-Cap ETF,Mid-Cap Blend,Invesco,178684016.0,0.013099999,0.070911795,0.1401584,178684016.0,103.6,103.75,103.48,,538,2515,19.316969,,1.31,
CZAR,Themes Natural Monopoly ETF,Global Large-Stock Blend,Themes ETF Trust,1486780.0,0.0091,,,1486780.0,30.7414,30.7676,30.7216,,106,209,24.212774,,0.91,
DABS,DoubleLine Asset-Backed Securities ETF,Intermediate Core-Plus Bond,DoubleLine ETF Trust,49248864.0,,,,49248864.0,49.9981,49.93,50.0,,2211,24484,,,,
DALI,First Trust Dorsey Wright DALI 1 ETF,Tactical Allocation,First Trust,101116120.0,0.0023999999,-0.0210652,0.0905946,101116120.0,25.05,25.12,24.9099,,2134,6744,20.320555,,0.24,
DAPP,VanEck Digital Transformation ETF,Digital Assets,VanEck,147592032.0,0.0561,0.2694613,,147592032.0,13.14,14.24,13.195,,654831,439968,,,5.61,
DAPR,FT Vest U.S. Equity Deep Buffer ETF - April,Defined Outcome,First Trust,220999744.0,0.0,0.0714322,,220999744.0,36.73,36.86,36.7,,1560,51720,24.576475,,0.0,
DARP,Grizzle Growth ETF,Large Growth,Grizzle ETF,3668952.0,0.0221,0.119705,,3668952.0,31.6146,32.2572,31.73,,3094,3496,29.453747,,2.21,
DAT,ProShares Big Data Refiners ETF,Technology,ProShares,6168558.0,0.0,0.2258608,,6168558.0,44.4114,44.4398,44.378,,371,1795,37.638245,,0.0,
DAUG,FT Vest U.S. Equity Deep Buffer ETF - August,Defined Outcome,First Trust,301409056.0,0.0,0.067118704,0.0596588,301409056.0,39.78,39.99,39.61,,8600,21257,24.879484,,0.0,
DAX,Global X DAX Germany ETF,Miscellaneous Region,Global X Funds,226477088.0,0.018,0.206048,0.1638868,226477088.0,43.28,43.84,43.002,,248734,243679,18.043972,,1.8,
DBA,Invesco DB Agriculture Fund,Commodities Focused,Invesco,821660160.0,0.0404,0.0978243,0.1705587,821660160.0,27.13,27.4,27.08,749064000.0,237489,340982,11.461148,,4.04,
DBAW,Xtrackers MSCI All World ex US Hedged Equity ETF,Foreign Large Blend,Xtrackers,169587296.0,0.0165,0.1175392,0.125561,169587296.0,36.281,36.28,35.94,,33467,29468,16.173306,,1.65,
DBB,Invesco DB Base Metals Fund,Commodities Focused,Invesco,105735744.0,0.050100002,-0.0287382,0.106967494,105735744.0,18.63,18.52,18.54,197690000.0,9865,84130,3.3067377,,5.01,
DBC,Invesco DB Commodity Index Tracking Fund,Commodities Broad Basket,Invesco,1206291584.0,0.0542,-0.0547031,0.1555318,1206291580.0,21.39,21.29,21.29,2385073920.0,444125,1678679,5.1777506,,5.42,
DBE,Invesco DB Energy Fund,Commodities Focused,Invesco,47080408.0,0.069,-0.089190595,0.1846574,47080408.0,17.84,17.77,17.7788,117806096.0,4145,24079,3.802578,,6.9,
DBEF,Xtrackers MSCI EAFE Hedged Equity ETF,Foreign Large Blend,Xtrackers,7725572608.0,0.0124,0.139246,0.147818,7725572600.0,44.533,44.78,44.24,,546654,857044,16.758678,,1.24,
DBEM,Xtrackers MSCI Emerging Markets Hedged Equity ETF,Diversified Emerging Mkts,Xtrackers,68974704.0,0.0241,0.0730441,0.0719906,68974704.0,26.576,26.29,26.3,,12517,8449,14.2543545,,2.41,
DBEU,Xtrackers MSCI Europe Hedged Equity ETF,Europe Stock,Xtrackers,642796864.0,0.0007,0.1264699,0.1403192,642796860.0,45.369,45.77,45.2,,60635,88365,17.666378,,0.07,
DBEZ,Xtrackers MSCI Eurozone Hedged Equity ETF,Europe Stock,Xtrackers,69638872.0,0.0057,0.15497011,0.1609585,69638872.0,52.144,53.1221,52.04,,1761,22285,16.274137,,0.57,
DBJP,Xtrackers MSCI Japan Hedged Equity ETF,Japan Stock,Xtrackers,384606208.0,0.0286,0.1956396,0.18209329,384606208.0,76.099,75.69,75.33,,6442,19519,14.20075,,2.86,
DBMF,iMGP DBi Managed Futures Strategy ETF,Systematic Trend,iM Global Partner Fund Management,1141363200.0,0.060500003,-0.017089501,0.0549257,1141363200.0,25.3301,25.19,25.24,,235203,758598,,,6.05,
DBND,DoubleLine Opportunistic Core Bond ETF,Intermediate Core-Plus Bond,DoubleLine ETF Trust,455674272.0,0.0504,0.021898,,455674272.0,45.2985,45.26,45.2978,,8939,60065,,,5.04,
DBO,Invesco DB Oil Fund,Commodities Focused,Invesco,167690176.0,0.0558,-0.0908793,0.1733852,167690176.0,12.7,12.59,12.54,363506016.0,69116,319061,2.5218253,1271.0,5.58,
DBP,Invesco DB Precious Metals Fund,Commodities Focused,Invesco,186130976.0,0.0346,0.1927376,0.122884504,186130976.0,75.27,73.66,74.7101,240575488.0,26387,31834,8.169844,,3.46,
DCAP,Unity Wealth Partners Dynamic Capital Appreciation & Options ETF,Derivative Income,Unity Wealth Partners,3400421.0,,,,3400421.0,20.4899,20.66,20.5164,,252,119,24.949413,,,
DCMT,DoubleLine Commodity Strategy ETF,Commodities Broad Basket,DoubleLine ETF Trust,23006280.0,0.0162,,,23006280.0,25.7117,25.5873,25.72,,1151,9168,,,1.62,
DCOR,Dimensional US Core Equity 1 ETF,Large Blend,Dimensional Fund Advisors,1508631296.0,0.0114,,,1508631300.0,62.958,63.37,62.6,,101520,177923,21.712198,,1.14,
DCRE,Doubleline Commercial Real Estate ETF,Short-Term Bond,DoubleLine ETF Trust,267869856.0,0.0538,,,267869856.0,51.6452,51.679,51.69,,17714,29349,,,5.38,
DDEC,FT Vest U.S. Equity Deep Buffer ETF - December,Defined Outcome,First Trust,327825600.0,0.0,0.0965657,,327825600.0,40.09,40.2346,40.06,,10602,27006,24.724556,,0.0,
DDIV,First Trust Dorsey Wright Momentum & Dividend ETF,Mid-Cap Value,First Trust,68606240.0,0.024500001,0.08279081,0.1747865,68606240.0,36.96,36.853,36.51,,20678,14768,18.078634,,2.45,
DDLS,WisdomTree Dynamic International SmallCap Equity ETF,Foreign Small/Mid Value,WisdomTree,403079008.0,0.0361,0.1080408,0.1340794,403079008.0,38.094,37.9,37.87,,27148,46865,11.850335,,3.61,
DDM,ProShares Ultra Dow30,Trading--Leveraged Equity,ProShares,370685984.0,0.0114,0.1379762,0.198184,370685984.0,87.8872,88.99,86.87,,205054,313120,22.279957,,1.14,
DDWM,WisdomTree Dynamic International Equity ETF,Foreign Large Value,WisdomTree,463422272.0,0.030299999,0.1348233,0.1450328,463422272.0,39.013,39.06,38.85,,97654,135895,13.970327,,3.03,
DECM,FT Vest U.S. Equity Max Buffer ETF - December,Defined Outcome,First Trust,37550380.0,,,,37550380.0,30.96,31.0802,31.11,,0,4692,24.401003,,,
DECO,SPDR Galaxy Digital Asset Ecosystem ETF,,,,,,,,,30.74,30.1425,,27,893,20.30057,,,
DECP,PGIM S&P 500 Buffer 12 ETF - Dec,Defined Outcome,PGIM Investments,6965105.0,,,,6965105.0,26.507,26.9197,26.6,,113,857,25.046803,,,
DECT,Allianzim U.S. Large Cap Buffer10 Dec ETF,Defined Outcome,AllianzIM,99421296.0,0.0,,,99421296.0,31.9182,31.905,31.7478,,7113,25315,24.8986,,0.0,
DECU,AllianzIM U.S. Equity Buffer15 Uncapped Dec ETF,Defined Outcome,AllianzIM,31710248.0,,,,31710248.0,24.538,24.5522,24.465,,1212,10109,24.70648,,,
DECW,Allianzim U.S. Large Cap Buffer20 Dec ETF,Defined Outcome,AllianzIM,369487072.0,0.0,,,369487072.0,30.5581,30.6,30.51,,83950,57150,24.696512,,0.0,
DECZ,TrueShares Structured Outcome (December) ETF,Defined Outcome,TrueShares,69926872.0,0.026500002,0.1293075,,69926872.0,36.6451,36.8566,36.785,,346,31263,24.981867,,2.65,
DEED,First Trust Securitized Plus ETF,Multisector Bond,First Trust,68653792.0,0.0476,0.0118631,-0.0014038,68653792.0,20.72,20.7239,20.77,,7062,20933,,,4.76,
DEEF,Xtrackers FTSE Developed ex US Multifactor ETF,Foreign Large Value,Xtrackers,54233376.0,0.0358,0.0940516,0.107412994,54233376.0,32.918,32.6516,32.7,,2374,4441,14.672217,,3.58,
DEEP,Acquirers Small and Micro Deep Value ETF,Small Value,Acquirers Funds,22037330.0,0.0293,0.020148398,0.1114783,22037330.0,30.9547,31.087,30.9,,2589,3530,8.676825,,2.93,
DEFI,Hashdex Bitcoin ETF,Digital Assets,Hashdex Asset Management Ltd.,16011463.0,0.0,,,16011463.0,123.0951,119.546,127.0,,150,850,,411.39664,0.0,
DEFR,,,,,,,,,,24.9352,24.9668,,2001,737,,,,
DEHP,Dimensional Emerging Markets High Profitability ETF,Diversified Emerging Mkts,Dimensional Fund Advisors,229137728.0,0.023699999,0.049815796,,229137728.0,26.7582,26.62,26.6,,38305,34871,16.242449,,2.37,
DEM,WisdomTree Emerging Markets High Dividend Fund,Diversified Emerging Mkts,WisdomTree,2804442880.0,0.055,0.0941012,0.1141049,2804442880.0,44.112,44.01,43.84,,258581,268242,9.376184,,5.5,
DEMZ,Democratic Large Cap Core ETF,Large Blend,DEMZ,39587588.0,0.0056,0.15885061,,39587588.0,36.38,36.58,36.47,,476,4752,29.33136,,0.56,
DES,WisdomTree U.S. SmallCap Dividend Fund,Small Value,WisdomTree,1765332736.0,0.0324,0.0426431,0.1243258,1765332740.0,30.699,30.77,30.41,,102602,146357,13.82121,,3.24,
DESK,Vaneck Office And Commercial REIT ETF,Real Estate,VanEck,2165199.0,0.048299998,,,2165199.0,37.16,37.1866,36.94,,1071,585,31.76112,,4.83,
DEUS,Xtrackers Russell US Multifactor ETF,Mid-Cap Blend,Xtrackers,159111152.0,0.0146,0.1104332,0.1405475,159111152.0,54.467,54.6088,54.345,,5629,14069,19.349257,,1.46,
DEW,WisdomTree Global High Dividend Fund,Global Large-Stock Value,WisdomTree,115731200.0,0.038599998,0.091615,0.1347396,115731200.0,56.137,56.09,55.67,,8469,9785,13.859725,,3.86,
DEXC,Dimensional Emerging Markets ex China Core Equity ETF,Diversified Emerging Mkts,Dimensional Fund Advisors,153267616.0,,,,153267616.0,51.6,51.2893,51.33,,37666,23931,14.4132185,,,
DFAC,Dimensional U.S. Core Equity 2 ETF,Large Blend,Dimensional Fund Advisors,30777403392.0,0.0116,0.124566495,0.1576577,30777403400.0,33.7386,33.95,33.5,,2260170,3007780,20.956339,,1.16,
DFAE,Dimensional Emerging Core Equity Market ETF,Diversified Emerging Mkts,Dimensional Fund Advisors,5288248320.0,0.024,0.0704401,,5288248300.0,27.5656,27.45,27.3,,616039,983525,14.469957,,2.4,
DFAI,Dimensional International Core Equity Market ETF,Foreign Large Blend,Dimensional Fund Advisors,9458380800.0,0.025999999,0.1137696,,9458380800.0,33.6755,33.61,33.41,,1163217,1334701,16.04952,,2.6,
DFAR,Dimensional US Real Estate ETF,Real Estate,Dimensional Fund Advisors,1298693120.0,0.0286,0.011716699,,1298693120.0,22.9789,22.96,22.91,,148525,241161,31.554752,,2.86,
DFAS,Dimensional U.S. Small Cap ETF,Small Blend,Dimensional Fund Advisors,9051150336.0,0.0111,0.0730228,0.139296,9051150300.0,60.6337,60.86,59.98,,531441,738042,16.247766,,1.11,
DFAT,Dimensional U.S. Targeted Value ETF,Small Value,Dimensional Fund Advisors,9627934720.0,0.016,0.0735558,0.17539221,9627934700.0,51.355,51.59,50.75,,288275,550725,12.819109,,1.6,
DFAU,Dimensional US Core Equity Market ETF,Large Blend,Dimensional Fund Advisors,7339950080.0,0.0121,0.1406305,,7339950100.0,39.7156,39.99,39.48,,974138,1086147,23.271029,,1.21,
DFAW,Dimensional World Equity ETF,Global Large-Stock Blend,Dimensional Fund Advisors,665367552.0,0.0159,,,665367550.0,63.58,63.74,62.97,,39672,69126,18.889479,,1.59,
DFAX,Dimensional World ex U.S. Core Equity 2 ETF,Foreign Large Blend,Dimensional Fund Advisors,7858105344.0,0.028900001,0.100583896,0.1307002,7858105300.0,28.3137,28.23,28.07,,878742,774849,14.54957,,2.89,
DFCA,Dimensional California Municipal Bond ETF,Muni California Intermediate,Dimensional Fund Advisors,401822176.0,0.0304,,,401822176.0,48.9633,48.99,49.0,,36738,48158,,,3.04,
DFCF,Dimensional Core Fixed Income ETF,Intermediate Core Bond,Dimensional Fund Advisors,6610255360.0,0.0456,0.019111201,,6610255400.0,41.2873,41.25,41.28,,697336,745001,,,4.56,
DFE,WisdomTree Europe SmallCap Dividend Fund,Europe Stock,WisdomTree,155235984.0,0.0435,0.0819483,0.1331346,155235984.0,68.041,68.255,67.93,,13382,10611,11.578278,,4.35,
DFEB,FT Vest U.S. Equity Deep Buffer ETF - February,Defined Outcome,First Trust,395759392.0,0.0,0.0818328,0.0799576,395759392.0,42.95,43.05,42.86,,8154,93714,24.718546,,0.0,
DFEM,Dimensional Emerging Markets Core Equity 2 ETF,Diversified Emerging Mkts,Dimensional Fund Advisors,4827059712.0,0.0256,0.068384096,,4827059700.0,28.2285,28.12,28.07,,486109,833244,13.91664,,2.56,
DFEN,Direxion Daily Aerospace & Defense Bull 3X Shares,Trading--Leveraged Equity,Direxion Funds,162719696.0,0.0076,0.4404511,0.33947632,162719696.0,39.233,38.67,37.72,,107701,192911,39.485382,,0.76,
DFEV,Dimensional Emerging Markets Value ETF,Diversified Emerging Mkts,Dimensional Fund Advisors,927429696.0,0.0319,0.08412871,,927429700.0,28.5115,28.29,28.28,,48288,208157,10.674744,,3.19,
DFGP,Dimensional Global Core Plus Fixed Income ETF,Global Bond-USD Hedged,Dimensional Fund Advisors,1428604288.0,0.0375,,,1428604290.0,53.0917,53.1265,53.26,,83356,137168,,,3.75,
DFGR,Dimensional Global Real Estate ETF,Global Real Estate,Dimensional Fund Advisors,2360846592.0,0.0363,,,2360846590.0,26.1427,26.08,26.06,,325260,320030,26.317202,,3.63,
DFGX,Dimensional Global Ex US Core Fixed Income ETF,Global Bond-USD Hedged,Dimensional Fund Advisors,812701824.0,0.0401,,,812701820.0,52.3793,52.4121,52.57,,95202,93196,,,4.01,
DFIC,Dimensional International Core Equity 2 ETF,Foreign Large Blend,Dimensional Fund Advisors,8662191104.0,0.0274,0.113305196,,8662191100.0,30.15,30.035,29.85,,995877,1128252,14.975613,,2.74,
DFII,FT Vest Bitcoin Strategy & Target Income ETF,Digital Assets,First Trust,1075611.0,,,,1075611.0,24.24,24.0164,24.58,,494,3608,,,,
DFIP,Dimensional Inflation-Protected Securities ETF,Inflation-Protected Bond,Dimensional Fund Advisors,889280192.0,0.041500002,0.0120225,,889280190.0,41.2219,41.2371,41.29,,90750,62057,,,4.15,
DFIS,Dimensional International Small Cap ETF,Foreign Small/Mid Blend,Dimensional Fund Advisors,2724273152.0,0.020499999,0.0938285,,2724273150.0,28.47,28.26,28.1,,250534,499263,14.201396,,2.05,
DFIV,Dimensional International Value ETF,Foreign Large Value,Dimensional Fund Advisors,10788783104.0,0.0356,0.1328867,0.1825994,10788783100.0,41.9045,41.82,41.48,,1462041,1351807,12.326739,,3.56,
DFJ,WisdomTree Japan SmallCap Dividend Fund,Japan Stock,WisdomTree,280781632.0,0.0152,0.12976539,0.0857215,280781632.0,84.146,82.7677,83.09,,19442,30830,11.343921,,1.52,
DFLV,Dimensional US Large Cap Value ETF,Large Value,Dimensional Fund Advisors,3201170944.0,0.0182,,,3201170940.0,29.5629,29.67,29.34,,631741,741658,15.784657,,1.82,
DFND,Siren DIVCON Dividend Defender ETF,Long-Short Equity,SRN Advisors,9608834.0,0.0119,0.0981292,0.0578419,9608834.0,42.5117,45.155,42.6999,,788,1526,25.788969,,1.19,
DFNL,Davis Select Financial ETF,Financial,Davis ETFs,254036032.0,0.0177,0.158174,0.2108636,254036032.0,40.17171,40.2959,39.86,,2415,18536,10.04672,,1.77,
DFNM,Dimensional National Municipal Bond ETF,Muni National Short,Dimensional Fund Advisors,1531500928.0,0.028900001,0.0206858,,1531500930.0,47.1391,47.15,47.17,,88878,171017,,,2.89,
DFSB,Dimensional Global Sustainability Fixed Income ETF,Global Bond-USD Hedged,Dimensional Fund Advisors,459915936.0,0.037,,,459915936.0,51.1661,51.1646,51.22,,88333,33926,,,3.7,
DFSD,Dimensional Short-Duration Fixed Income ETF,Short-Term Bond,Dimensional Fund Advisors,4453486080.0,0.044899996,0.0404229,,4453486100.0,47.5073,47.49,47.55,,382408,437796,,,4.49,
DFSE,Dimensional Emerging Markets Sustainability Core 1 ETF,Diversified Emerging Mkts,Dimensional Fund Advisors,370181440.0,0.0214,,,370181440.0,36.0006,35.86,36.0468,,14246,39069,14.823618,,2.14,
DFSI,Dimensional International Sustainability Core 1 ETF,Foreign Large Blend,Dimensional Fund Advisors,675623680.0,0.0227,,,675623680.0,38.2499,38.18,38.05,,31296,64523,17.09601,,2.27,
DFSU,Dimensional US Sustainability Core 1 ETF,Large Blend,Dimensional Fund Advisors,1279636736.0,0.011,,,1279636740.0,36.8999,37.2,36.65,,74941,157471,22.38293,,1.1,
DFSV,Dimensional US Small Cap Value ETF,Small Value,Dimensional Fund Advisors,4139064576.0,0.0162,0.062803105,,4139064580.0,27.9063,28.01,27.51,,1371549,1931141,12.162492,,1.62,
DFUS,Dimensional U.S. Equity Market ETF,Large Blend,Dimensional Fund Advisors,13484455936.0,0.0114,0.1508417,0.1616881,13484455900.0,62.7933,63.18,62.35,,285940,553879,24.379934,,1.14,
DFUV,Dimensional US Marketwide Value ETF,Large Value,Dimensional Fund Advisors,10713693184.0,0.0176,0.0785093,0.13337849,10713693200.0,40.1973,40.29,39.87,,217309,408200,15.903659,,1.76,
DFVE,Doubleline Fortune 500 Equal Weight ETF,Mid-Cap Value,DoubleLine ETF Trust,12972522.0,0.0174,,,12972522.0,28.1512,28.2973,28.21,,1024,3338,17.53095,,1.74,
DFVX,Dimensional US Large Cap Vector ETF,Large Value,Dimensional Fund Advisors,399618400.0,0.0135,,,399618400.0,65.049,65.44,64.772,,10792,22482,20.566679,,1.35,
DGCB,Dimensional Global Credit ETF,Global Bond-USD Hedged,Dimensional Fund Advisors,564600896.0,0.0428,,,564600900.0,52.7102,52.77,52.79,,62482,54587,,,4.28,
DGIN,VanEck Digital India ETF,India Equity,VanEck,25651084.0,0.0,0.118463,,25651084.0,41.92,41.3646,41.56,,1799,4523,31.508228,,0.0,
DGRE,WisdomTree Emerging Markets Quality Dividend Growth Fund,Diversified Emerging Mkts,WisdomTree,134613392.0,0.0189,0.0669348,0.0787447,134613392.0,26.625,26.4,26.29,,8479,13946,16.079168,,1.89,
DGRO,iShares Core Dividend Growth ETF,Large Value,iShares,30022662144.0,0.023,0.098756105,0.1376144,30022662100.0,61.16783,61.36,60.77,,1809734,2108566,20.211035,,2.3,
DGRS,WisdomTree U.S. SmallCap Quality Dividend Growth Fund,Small Value,WisdomTree,343992192.0,0.028199999,0.053096,0.1301142,343992192.0,44.909,45.27,44.38,,49395,49147,13.136862,,2.82,
DGRW,WisdomTree U.S. Quality Dividend Growth Fund,Large Blend,WisdomTree,14491514880.0,0.0166,0.1231324,0.1518603,14491514900.0,79.669,80.08,79.25,,495286,735801,22.493196,,1.66,
DGS,WisdomTree Emerging Markets SmallCap Dividend Fund,Diversified Emerging Mkts,WisdomTree,1529652736.0,0.0335,0.0688797,0.1243011,1529652740.0,53.185,52.62,52.58,,277804,187090,12.205724,,3.35,
DGT,SPDR Global Dow ETF,Global Large-Stock Value,SPDR State Street Global Advisors,313686912.0,0.0269,0.1454974,0.1778029,313686912.0,144.68793,145.2318,144.75,155963216.0,7571,17028,16.734884,,2.69,
DHS,WisdomTree U.S. High Dividend Fund,Large Value,WisdomTree,1197174784.0,0.0367,0.0626218,0.1334911,1197174780.0,93.643,93.42,93.06,,19973,49706,16.411024,,3.67,
DHSB,Day Hagan Smart Buffer ETF,Derivative Income,Day Hagan,33284020.0,,,,33284020.0,24.63,24.7829,24.69,,300,22507,24.622576,,,
DIA,SPDR Dow Jones Industrial Average ETF Trust,Large Value,SPDR State Street Global Advisors,36558901248.0,0.0165,0.112844,0.1323863,36558901000.0,416.2942,418.82,413.935,33823854592.0,2946018,3347907,21.803898,,1.65,
DIAL,Columbia Diversified Fixed Income Allocation ETF,Multisector Bond,Columbia Threadneedle,346608224.0,0.0467,0.0347277,0.0032859999,346608224.0,17.78,17.755,17.75,,58181,110468,,,4.67,
DIEM,Franklin Emerging Market Core Dividend Tilt Index ETF,Diversified Emerging Mkts,Franklin Templeton Investments,13658604.0,0.0481,0.0892962,0.089322,13658604.0,28.81,28.94,28.65,,280,4469,11.263918,,4.81,
DIG,ProShares Ultra Oil & Gas,Trading--Leveraged Equity,ProShares,65007272.0,0.0381,-0.0690688,0.2865851,65007272.0,31.0905,30.9,30.56,,14626,56441,14.8979845,,3.81,
DIHP,Dimensional International High Profitability ETF,Foreign Large Blend,Dimensional Fund Advisors,3697059584.0,0.0219,0.098967105,,3697059580.0,28.86,28.81,28.54,,350829,508055,17.99092,,2.19,
DIM,WisdomTree International MidCap Dividend Fund,Foreign Small/Mid Value,WisdomTree,140291824.0,0.0322,0.1027312,0.119379304,140291824.0,73.216,72.59,72.29,,1713,5723,13.39121,,3.22,
DINT,Davis Select International ETF,Foreign Large Blend,Davis ETFs,216145056.0,0.0222,0.1688193,0.101892,216145056.0,24.45564,24.4575,24.05,,10776,27522,14.533975,,2.22,
DIPS,YieldMax Short NVDA Option Income Strategy ETF,Derivative Income,YieldMax ETFs,10371336.0,,,,10371336.0,8.9845,8.87,8.92,,124764,74665,,,,
DISO,YieldMax DIS Option Income Strategy ETF,Derivative Income,YieldMax ETFs,30736756.0,0.41349998,,,30736756.0,14.045,14.2066,14.0,,15036,12611,,,41.35,
DISV,Dimensional International Small Cap Value ETF,Foreign Small/Mid Value,Dimensional Fund Advisors,2797655040.0,0.0251,0.1329246,,2797655040.0,31.69,31.57,31.25,,344552,438634,11.398836,,2.51,
DIV,Global X SuperDividend U.S. ETF,Mid-Cap Value,Global X Funds,638521024.0,0.0588,0.0142493,0.0997668,638521020.0,17.41,17.33,17.31,,112405,192026,11.474087,124.35714,5.88,
DIVB,iShares Core Dividend ETF,Large Value,iShares,736860672.0,0.027999999,0.106884606,0.1585649,736860670.0,47.9368,48.075,47.62,,59295,157701,18.395647,,2.8,
DIVD,Altrius Global Dividend ETF,Global Large-Stock Value,"Altrius Capital Management,Inc.",8786755.0,0.0315,,,8786755.0,34.6221,34.6766,34.56,,181,3261,15.532737,,3.15,
DIVG,Invesco S&P 500 High Dividend Growers ETF,Mid-Cap Value,Invesco,6866772.0,0.0428,,,6866772.0,29.98,29.97,29.9,,2644,3798,16.404457,,4.28,
DIVI,Franklin International Core Dividend Tilt Index ETF,Foreign Large Value,Franklin Templeton Investments,1353627776.0,0.0399,0.1270344,0.1359199,1353627780.0,34.93,35.0,34.75,,138912,274088,15.033709,,3.99,
DIVL,Madison Dividend Value ETF,Large Value,"Madison Asset Management, LLC",56934308.0,0.0217,,,56934308.0,21.411,21.9584,21.6538,,73,3850,21.55259,,2.17,
DIVO,Amplify CWP Enhanced Dividend Income ETF,Derivative Income,Amplify ETFs,4101201920.0,0.048800003,0.1041563,0.1356059,4101201920.0,40.8273,41.05,40.66,,292794,530611,22.238184,,4.88,
DIVP,Cullen Enhanced Equity Income ETF,Derivative Income,"Cullen Capital Management, LLC",18463688.0,0.0646,,,18463688.0,24.58,24.5876,24.603,,7189,6855,16.733,,6.46,
DIVS,SmartETFs Dividend Builder ETF,Global Large-Stock Blend,SmartETFs,39446980.0,0.025999999,0.12797381,0.0764628,39446980.0,30.1682,30.4538,30.13,,138,5874,24.706018,,2.6,
DIVY,Tidal ETF Trust - Sound Equity Income ETF,Mid-Cap Value,Sound ETF,28654530.0,0.0493,0.0135667,,28654530.0,24.2692,24.275,24.11,,2130,6453,15.936463,,4.93,
DIVZ,Opal Dividend Income ETF,Large Value,TrueShares,156881872.0,0.028299998,0.079787105,,156881872.0,33.9833,33.73,33.72,,29451,39268,19.387411,,2.83,
DJAN,FT Vest U.S. Equity Deep Buffer ETF - January,Defined Outcome,First Trust,356202496.0,0.0,0.0792236,,356202496.0,38.78,38.92,38.7,,75706,36668,24.680166,,0.0,
DJD,Invesco Dow Jones Industrial Average Dividend ETF,Large Value,Invesco,330652288.0,0.028800001,0.0808205,0.1298634,330652288.0,51.15,51.2471,50.93,,8704,27696,18.298105,,2.88,
DJIA,Global X Dow 30 Covered Call ETF,Derivative Income,Global X Funds,129489056.0,0.0725,0.0639361,,129489056.0,20.98,21.12,20.95,,29388,65995,21.168583,,7.25,
DJTU,T-Rex 2X Long DJT Daily Target ETF,Trading--Leveraged Equity,"Tuttle Capital Management, LLC",1833863.0,,,,1833863.0,22.318,22.3799,22.38,,19600,15439,,,,
DJUL,FT Vest U.S. Equity Deep Buffer ETF - July,Defined Outcome,First Trust,330278848.0,0.0,0.104111604,,330278848.0,41.98,42.1944,41.84,,11640,20984,24.902452,,0.0,
DJUN,FT Vest U.S. Equity Deep Buffer ETF - June,Defined Outcome,First Trust,299629888.0,0.0,0.1033061,,299629888.0,43.1,43.29,42.95,,2603,43892,24.98087,,0.0,
DLLL,GraniteShares 2x Long DELL Daily ETF,Trading--Leveraged Equity,Graniteshares,3836738.0,,,,3836738.0,20.87,20.83,19.87,,41919,41884,,,,
DLN,WisdomTree U.S. LargeCap Dividend Fund,Large Value,WisdomTree,4642190336.0,0.0209,0.1067414,0.1459136,4642190300.0,78.429,78.56,77.96,,322266,235831,20.985134,,2.09,
DLS,WisdomTree International SmallCap Dividend Fund,Foreign Small/Mid Value,WisdomTree,931816768.0,0.038900003,0.0866563,0.108414404,931816770.0,72.16,71.59,71.37,,17380,25101,11.7932625,7203.0,3.89,
DMAR,FT Vest U.S. Equity Deep Buffer ETF - March,Defined Outcome,First Trust,352853344.0,0.0,0.0794063,,352853344.0,38.36,38.5,38.357,,5033,70055,24.682764,,0.0,
DMAT,Global X Disruptive Materials ETF,Natural Resources,Global X Funds,3133272.0,0.0105,-0.11260781,,3133272.0,15.37,15.08,15.02,,1429,4584,21.084871,,1.05,
DMAX,iShares Large Cap Max Buffer Dec ETF,Equity Hedged,iShares,85007304.0,,,,85007304.0,25.24703,25.33,25.25,,18844,34574,24.479723,,,
DMAY,FT Vest U.S. Equity Deep Buffer ETF - May,Defined Outcome,First Trust,220236544.0,0.0,0.0955247,0.0615413,220236544.0,41.4,41.5,41.33,,32727,35987,25.507786,,0.0,
DMBS,Doubleline Etf Trust - Mortgage ETF,Intermediate Core Bond,DoubleLine ETF Trust,397077376.0,0.0509,,,397077376.0,47.9735,47.9382,48.0,,44089,51374,,,5.09,
DMCY,Democracy International Fund,Foreign Large Blend,Democracy Investments,9309100.0,0.0252,0.091622,,9309100.0,27.62,27.6073,27.705,,1808,3434,16.475456,,2.52,
DMX,DoubleLine Multi-Sector Income ETF,Multisector Bond,DoubleLine ETF Trust,36561996.0,,,,36561996.0,49.6567,49.7763,49.745,,5682,18357,,,,
DMXF,iShares ESG Advanced MSCI EAFE Index ETF,Foreign Large Blend,iShares,771332992.0,0.0269,0.1129543,,771332990.0,72.83476,72.76,72.22,,15353,60452,19.321392,,2.69,
DNL,WisdomTree Global ex-U.S. Quality Dividend Growth Fund,Foreign Large Growth,WisdomTree,463746976.0,0.0211,0.053857997,0.0788729,463746976.0,38.633,38.63,38.27,,15151,68692,22.142752,,2.11,
DNOV,FT Vest U.S. Equity Deep Buffer ETF - November,Defined Outcome,First Trust,309423040.0,0.0,0.093839,0.0732951,309423040.0,42.85,43.0295,42.68,,4224,15366,24.73296,,0.0,
DOCT,FT Vest U.S. Equity Deep Buffer ETF - October,Defined Outcome,First Trust,313318880.0,0.0,0.0840216,,313318880.0,39.26,39.43,39.1,,16266,47233,24.743034,,0.0,
DOG,ProShares Short Dow30,Trading--Inverse Equity,ProShares,137608576.0,0.0499,-0.050187003,-0.100022,137608576.0,27.1067,26.93,27.26,,1258278,2056500,,,4.99,
DOGG,FT Vest DJIA Dogs 10 Target Income ETF,Derivative Income,First Trust,35510632.0,0.0551,,,35510632.0,19.55,19.5299,19.4501,,19084,27301,19.67249,,5.51,
DOL,WisdomTree International LargeCap Dividend Fund,Foreign Large Value,WisdomTree,568677120.0,0.0313,0.1279726,0.1339137,568677120.0,58.919,59.02,58.52,,10960,26634,14.497145,,3.13,
DON,WisdomTree U.S. MidCap Dividend Fund,Mid-Cap Value,WisdomTree,3470260224.0,0.0254,0.0798979,0.15534359,3470260220.0,48.555,48.59,48.02,,118374,180146,15.625673,,2.54,
DPST,Direxion Daily Regional Banks Bull 3X Shares,Trading--Leveraged Equity,Direxion Funds,537610304.0,0.024,-0.3494254,-0.049614802,537610300.0,74.942,76.13,71.0,,555197,996582,13.122828,,2.4,
DRAG,Roundhill China Dragons ETF,China Region,Roundhill Investments,32001324.0,,,,32001324.0,26.9195,27.01,26.71,,7561,38725,,,,
DRAI,Draco Evolution AI ETF,Conservative Allocation,Draco Capital Partners,11750081.0,,,,11750081.0,24.2987,25.4548,24.13,,4306,674,27.703014,,,
DRIP,Direxion Daily S&P Oil & Gas Exp. & Prod. Bear 2X Shares,Trading--Inverse Equity,Direxion Funds,40512820.0,0.031600002,-0.1478892,-0.5525489,40512820.0,10.86,10.88,11.19,,917944,1807082,,,3.16,
DRIV,Global X Autonomous & Electric Vehicles ETF,Miscellaneous Sector,Global X Funds,285673632.0,0.0229,-0.0082898,0.1213419,285673632.0,22.04,22.11,21.69,,27807,62990,11.996248,,2.29,
DRLL,Strive U.S. Energy ETF,Equity Energy,Strive AM,256042832.0,0.0315,,,256042832.0,26.3111,26.2534,26.09,,23393,48426,13.9887,,3.15,
DRN,Direxion Daily Real Estate Bull 3X Shares,Trading--Leveraged Equity,Direxion Funds,57900020.0,0.0254,-0.16997841,0.0407136,57900020.0,8.968,8.96,8.93,,426792,940009,33.19146,,2.54,
DRSK,Aptus Defined Risk ETF,Short-Term Bond,APTUS ETFs,1166281088.0,0.0344,0.0442759,0.0185466,1166281090.0,27.7892,27.77,27.75,,57728,171109,26.838165,,3.44,
DRUP,GraniteShares ETF Trust - GraniteShares Nasdaq Select Disruptors ETF,Technology,Graniteshares,51806116.0,0.0,0.19306049,0.1608375,51806116.0,57.66,58.2395,57.79,,312,4657,32.135445,,0.0,
DRV,Direxion Daily Real Estate Bear 3X Shares,Trading--Inverse Equity,Direxion Funds,46519112.0,0.0481,-0.136074,-0.3271506,46519112.0,27.514,27.54,27.93,,153062,205303,,,4.81,
DSCF,Discipline Fund ETF,Tactical Allocation,Disciplinefunds,50524860.0,0.025799999,0.038492803,,50524860.0,22.9971,22.9666,22.99,,2779,3665,17.018991,,2.58,
DSEP,FT Vest U.S. Equity Deep Buffer ETF - September,Defined Outcome,First Trust,254247776.0,0.0,0.096935704,,254247776.0,40.62,40.7869,40.56,,6728,12668,24.768356,,0.0,
DSI,iShares ESG MSCI KLD 400 ETF,Large Blend,iShares,4218153472.0,0.0114,0.14672069,0.1547897,4218153470.0,108.99495,109.76,108.51,,250233,159849,27.058392,,1.14,
DSMC,Distillate Small/Mid Cash Flow ETF,Small Value,Distillate Capital Partners,89943320.0,0.0145000005,,,89943320.0,31.0745,31.3369,31.0,,2803,18358,11.478436,,1.45,
DSPY,Tema S&P 500 Historical Weight ETF Strategy,Large Blend,Tema ETFs,2449061.0,,,,2449061.0,50.6374,50.8923,50.56,,1902,1702,24.07671,,,
DSTL,Distillate U.S. Fundamental Stability & Value ETF,Large Value,Distillate Capital Partners,1823453184.0,0.0150999995,0.1049554,0.1433262,1823453180.0,53.0955,53.37,52.77,,50628,149209,17.364878,,1.51,
DSTX,Distillate International Fundamental Stability & Value ETF,Foreign Large Blend,Distillate Capital Partners,33760340.0,0.023,0.0865094,,33760340.0,26.9705,26.8923,26.76,,2670,3558,13.818479,,2.3,
DTAN,Sparkline International Intangible Value ETF,Foreign Large Value,"Empowered Funds, LLC",9191028.0,,,,9191028.0,27.8916,28.0128,27.65,,757,1666,16.982716,,,
DTCR,Global X Data Center & Digital Infrastructure ETF,Real Estate,Global X Funds,223872656.0,0.0171,0.065324,,223872656.0,17.29,17.33,17.21,,84248,162265,27.303528,,1.71,
DTD,WisdomTree U.S. Total Dividend Fund,Large Value,WisdomTree,1322077568.0,0.0218,0.1030616,0.1474389,1322077570.0,76.025,76.16,75.55,,25253,45565,20.075497,,2.18,
DTEC,ALPS Disruptive Technologies ETF,Technology,ALPS,80571968.0,0.0046,0.0969446,0.0776283,80571968.0,46.51,46.5752,46.37,,87457,9373,30.221615,,0.46,
DTH,WisdomTree International High Dividend Fund,Foreign Large Value,WisdomTree,383966432.0,0.045300003,0.115366004,0.1384514,383966432.0,45.389,45.4369,45.15,,28665,55787,11.603903,,4.53,
DTRE,First Trust Alerian Disruptive Technology Real Estate ETF,Global Real Estate,First Trust,15465462.0,0.035,-0.021417402,0.044060897,15465462.0,39.05,39.6143,39.052,,138,1668,25.067581,,3.5,
DUBS,Aptus Large Cap Enhanced Yield ETF,Large Blend,APTUS ETFs,216091280.0,0.026800001,,,216091280.0,31.7384,31.929,31.6399,,8480,23477,25.408434,,2.68,
DUG,ProShares UltraShort Oil & Gas,Trading--Inverse Equity,ProShares,15412169.0,0.054,-0.1395756,-0.45079288,15412169.0,41.019,41.14,41.87,,19169,42555,,,5.4,
DUHP,Dimensional US High Profitability ETF,Large Blend,Dimensional Fund Advisors,7609634304.0,0.0119,0.1433195,,7609634300.0,33.6356,33.87,33.48,,1006113,1133030,26.234678,,1.19,
DUKH,Ocean Park High Income ETF,High Yield Bond,Ocean Park Asset Management ETF,7636965.0,,,,7636965.0,23.92,23.9067,23.8799,16747564032.0,5535,3187,15.778855,,,
DUKQ,Ocean Park Domestic ETF,Large Blend,Ocean Park Asset Management ETF,12210758.0,,,,12210758.0,24.35,24.4855,24.245,,8787,5517,28.94945,,,
DUKX,Ocean Park International ETF,Foreign Large Blend,Ocean Park Asset Management ETF,2424866.0,,,,2424866.0,23.09,22.989,22.986,,1393,1349,15.309832,,,
DUKZ,Ocean Park Diversified Income ETF,Nontraditional Bond,Ocean Park Asset Management ETF,4893809.0,,,,4893809.0,24.46,24.4253,24.43,,289174,8334,,,,
DURA,VanEck Durable High Dividend ETF,Large Value,VanEck,42680604.0,0.0356,0.0393411,0.0836013,42680604.0,31.73,31.7599,31.6505,,1115,10760,16.608126,,3.56,
DUSA,Davis Select U.S. Equity ETF,Large Value,Davis ETFs,657628416.0,0.0077,0.1543505,0.158758,657628420.0,42.67662,42.89,42.37,,17606,47695,16.207531,,0.77,
DUSB,Dimensional Ultrashort Fixed Income ETF,Ultrashort Bond,Dimensional Fund Advisors,1183050496.0,0.049000002,,,1183050500.0,50.6416,50.67,50.67,,210835,198252,,,4.9,
DUSL,Direxion Daily Industrials Bull 3X Shares,Trading--Leveraged Equity,Direxion Funds,29410332.0,0.0727,0.3143608,0.40336442,29410332.0,59.585,60.38,58.47,,15448,16419,28.830147,,7.27,
DUST,Direxion Daily Gold Miners Index Bear 2X Shares,Trading--Inverse Equity,Direxion Funds,122750904.0,0.082399994,-0.4293431,-0.36109558,122750904.0,26.921,28.47,27.2,360963040.0,3215352,1946171,,,8.24,
DVAL,BrandywineGLOBAL Dynamic U.S. Large Cap Value ETF,Large Value,Franklin Templeton Investments,106563896.0,0.0292,0.075658105,0.1396334,106563896.0,13.56,13.594,13.46,,7560,9401,15.76791,,2.92,
DVDN,Kingsbarn Dividend Opportunity ETF,Real Estate,Kingsbarn Capital,1754441.0,0.16530001,,,1754441.0,21.62,22.8597,21.7,,416,2039,12.201373,,16.53,
DVLU,First Trust Dorsey Wright Momentum & Value ETF,Mid-Cap Value,First Trust,27277280.0,0.0114,0.070499204,0.1780789,27277280.0,28.61,28.6368,28.718,,836,1561,14.60926,,1.14,
DVND,Touchstone Dividend Select ETF,Large Value,Touchstone,33184476.0,0.021300001,,,33184476.0,30.919,31.7905,31.82,,86,1138,21.459686,,2.13,
DVOL,First Trust Dorsey Wright Momentum & Low Volatility ETF,Large Blend,First Trust,62870184.0,0.0075,0.124436,0.1316877,62870184.0,35.01,35.0163,34.96,,20748,14641,26.06124,,0.75,
DVQQ,WEBs Defined Volatility QQQ ETF,Large Growth,WEBs Investments Inc.,1631289.0,,,,1631289.0,21.4178,21.4144,21.23,,2,1574,32.027233,,,
DVSP,WEBs Defined Volatility SPY ETF,,,,,,,,,21.3872,21.2308,,30,706,24.690498,,,
DVY,iShares Select Dividend ETF,Large Value,iShares,19002474496.0,0.0377,0.0506437,0.1474264,19002474500.0,130.29767,130.06,129.06,22812516352.0,291146,464352,15.14854,,3.77,
DVYA,iShares Asia/Pacific Dividend ETF,Pacific/Asia ex-Japan Stk,iShares,40042752.0,0.0585,0.075977705,0.1011271,40042752.0,37.5793,37.2237,37.29,,3939,4909,11.755841,,5.85,
DVYE,iShares Emerging Markets Dividend ETF,Diversified Emerging Mkts,iShares,728040000.0,0.1158,0.0805526,0.0724843,728040000.0,28.3787,28.3,28.07,,148375,198873,7.8345337,,11.58,
DWAS,Invesco DWA SmallCap Momentum ETF,Small Blend,Invesco,622179840.0,0.0094,0.028492,0.1078606,622179840.0,80.51,80.28,78.98,,26641,53376,18.963432,,0.94,
DWAT,Arrow DWA Tactical: Macro ETF,Tactical Allocation,ArrowShares,2311271.0,0.00090000004,0.025933001,0.1046931,2311271.0,12.0,12.11,12.01,,160,698,23.108164,,0.09,
DWAW,AdvisorShares Dorsey Wright FSM All Cap World ETF,Large Blend,AdvisorShares,76159104.0,0.0,0.0861973,0.0950333,76159104.0,39.90488,39.8338,40.07,,248,2358,26.12535,,0.0,
DWCR,Arrow DWA Tactical: International ETF,Foreign Large Blend,ArrowShares,6083097.0,0.0208,0.050855298,0.0932263,6083097.0,32.12,31.786,31.57,,1,411,13.71216,,2.08,
DWLD,Davis Select Worldwide ETF,Global Large-Stock Blend,Davis ETFs,375707584.0,0.014199999,0.17704171,0.1343078,375707584.0,38.88252,38.86,38.49,,7426,29547,15.406312,,1.42,
DWM,WisdomTree International Equity Fund,Foreign Large Value,WisdomTree,544419328.0,0.032,0.1186302,0.1270566,544419330.0,62.47,62.2494,61.79,,15290,20947,13.887367,,3.2,
DWMF,WisdomTree International Multifactor Fund,Foreign Large Value,WisdomTree,36719368.0,0.029000001,0.11909971,0.1079351,36719368.0,31.481,31.3695,31.24,,2191,6103,14.463417,,2.9,
DWSH,AdvisorShares Dorsey Wright Short ETF,Trading--Inverse Equity,AdvisorShares,13886811.0,0.0525,-0.019272799,-0.1754965,13886811.0,7.95145,7.87,7.94,,14478,71141,,,5.25,
DWUS,AdvisorShares Dorsey Wright FSM US Core ETF,Large Blend,AdvisorShares,109697504.0,0.0019,0.14102219,0.1424607,109697504.0,49.05143,49.03,49.205,,509,1725,26.971014,,0.19,
DWX,SPDR S&P International Dividend ETF,Foreign Large Value,SPDR State Street Global Advisors,461313728.0,0.0379,0.0848532,0.10554829,461313728.0,41.77722,41.52,41.53,,35305,76530,17.775366,,3.79,
DXD,ProShares UltraShort Dow30,Trading--Inverse Equity,ProShares,58824432.0,0.055,-0.15307431,-0.2258497,58824432.0,27.3063,26.95,27.62,,1014736,1141712,,,5.5,
DXIV,Dimensional International Vector Equity ETF,Foreign Small/Mid Value,Dimensional Fund Advisors,80582000.0,,,,80582000.0,56.0492,55.9102,56.09,,5496,7844,14.20525,,,
DXJ,WisdomTree Japan Hedged Equity Fund,Japan Stock,WisdomTree,3273380352.0,0.0326,0.2406769,0.23414351,3273380350.0,111.359,110.59,109.52,,249135,560103,11.718308,,3.26,
DXJS,WisdomTree Japan Hedged SmallCap Equity Fund,Japan Stock,WisdomTree,76475080.0,0.0328,0.2242726,0.1799169,76475080.0,35.525,35.29,35.33,,2750,21090,11.29643,,3.28,
DXUV,Dimensional US Vector Equity ETF,Mid-Cap Value,Dimensional Fund Advisors,189644768.0,,,,189644768.0,51.0669,51.44,50.8,,27837,40311,18.684765,,,
DYFI,IDX Dynamic Fixed Income ETF,Multisector Bond,"IDX Advisors, LLC",34233684.0,0.056900002,,,34233684.0,22.88,22.9,22.91,,3487,9388,,,5.69,
DYLD,LeaderShares Dynamic Yield ETF,Multisector Bond,"Redwood Investment Management, LLC",55207964.0,0.046,0.0313032,,55207964.0,22.42,22.3781,22.36,,6270,16347,,,4.6,
DYLG,Global X Dow 30 Covered Call & Growth ETF,Derivative Income,Global X Funds,2234717.0,0.0345,,,2234717.0,25.02,25.5446,24.91,,540,2146,21.48719,,3.45,
DYNF,iShares U.S. Equity Factor Rotation Active ETF,Large Blend,iShares,15462870016.0,0.0095999995,0.1993026,0.1749036,15462870000.0,50.98651,51.38,50.75,,2460506,2131322,23.714823,,0.96,
DYNI,IDX Dynamic Innovation ETF,Technology,"IDX Advisors, LLC",10068520.0,0.006,,,10068520.0,26.4,26.37,26.25,,945,5868,25.383778,,0.6,
DYTA,SGI Dynamic Tactical ETF,Tactical Allocation,Summit Global Investments,61013272.0,0.1033,,,61013272.0,27.4723,27.485,27.54,,5367,13171,21.49455,,10.33,
EAFG,Pacer Developed Markets Cash Cows Growth Leaders ETF,Foreign Large Growth,Pacer,1006252.0,0.0186,,,1006252.0,20.8836,20.7402,20.74,,0,1579,22.834337,,1.86,
EAGG,iShares ESG U.S. Aggregate Bond ETF,Intermediate Core Bond,iShares,3824502272.0,0.0387,0.0130773,-0.0123531995,3824502270.0,46.54254,46.55,46.66,,340136,440795,,,3.87,
EAGL,Eagle Capital Select Equity ETF,Large Blend,"Eagle Capital Management, LLC",2465346048.0,0.003,,,2465346050.0,28.46,28.5,28.15,,89288,291607,17.656763,,0.3,
EALT,Innovator U.S. Equity 5 To 15 Buffer ETF - Quarterly,Defined Outcome,Innovator ETFs,133165888.0,0.0,,,133165888.0,31.5205,31.61,31.4,,201567,61249,24.900085,,0.0,
EAOA,iShares ESG Aware 80/20 Aggressive Allocation ETF,Global Aggressive Allocation,iShares,28294972.0,0.0214,0.1015843,,28294972.0,36.5616,36.665,36.5,,5341,2625,20.861116,,2.14,
EAOK,iShares ESG Aware 30/70 Conservative Allocation ETF,Global Conservative Allocation,iShares,8369997.0,0.031600002,0.045651697,,8369997.0,25.78634,25.9816,25.78,,72,968,20.227867,,3.16,
EAOM,iShares ESG Aware 40/60 Moderate Allocation ETF,Global Moderately Conservative Allocation,iShares,6199455.0,0.0301,0.057196297,,6199455.0,27.81749,27.8139,27.78,,3,803,20.394518,,3.01,
EAOR,iShares ESG Aware 60/40 Balanced Allocation ETF,Global Moderate Allocation,iShares,21889856.0,0.0254,0.0800276,,21889856.0,31.9499,32.3407,31.89,,341,5009,20.633907,,2.54,
EAPR,Innovator Emerging Markets Power Buffer ETF - April,Defined Outcome,Innovator ETFs,72635192.0,0.0,0.0514446,,72635192.0,27.3596,27.2343,27.26,,6963,22349,14.210034,,0.0,
EASG,Xtrackers MSCI EAFE Selection Equity ETF,Foreign Large Blend,Xtrackers,55727524.0,0.027,0.09899881,0.1067504,55727524.0,32.888,32.9163,32.82,,2487,3765,18.003046,,2.7,
EATZ,AdvisorShares Restaurant ETF,Consumer Cyclical,AdvisorShares,3974009.0,0.0019,0.1745731,,3974009.0,28.167,28.0,28.219,,489,3176,22.888235,,0.19,
EBI,Longview Advantage ETF,,,,,,,,,48.21,47.86,,6044,29373,17.39833,,,
EBIT,Harbor AlphaEdge Small Cap Earners ETF,Small Value,Harbor,9296610.0,,,,9296610.0,29.61636,29.7502,29.4711,,1222,1246,11.134826,,,
EBIZ,Global X E-commerce ETF,Consumer Cyclical,Global X Funds,65996084.0,0.0023,0.20529659,0.0757652,65996084.0,29.56,29.68,29.34,,1769,18971,22.680065,,0.23,
EBND,SPDR Bloomberg Emerging Markets Local Bond ETF,Emerging-Markets Local-Currency Bond,SPDR State Street Global Advisors,1886382848.0,0.048299998,0.050268203,0.0053236997,1886382850.0,20.84035,20.78,20.86,,256825,291522,,,4.83,
EBUF,Innovator Emerging Markets 10 Buffer ETF - Quarterly,Defined Outcome,Innovator ETFs,5963648.0,,,,5963648.0,27.0977,27.0497,27.085,,194,3887,,,,
ECH,iShares MSCI Chile ETF,Miscellaneous Region,iShares,603874176.0,0.0249,0.0926748,0.1063478,603874180.0,32.76392,32.635,32.57,290722496.0,452035,404831,13.132378,,2.49,
ECLN,First Trust EIP Carbon Impact ETF,Utilities,First Trust,15371100.0,0.0254,0.0935653,0.1232669,15371100.0,31.05,30.6453,30.71,,921,3587,19.580982,,2.54,
ECML,EA Series Trust - Euclidean Fundamental Value ETF,Small Value,"Euclidean Technologies Management, LLC",155899744.0,0.0105,,,155899744.0,30.0963,31.308,29.98,,175,8220,10.017646,,1.05,
ECNS,iShares MSCI China Small-Cap ETF,China Region,iShares,66276936.0,0.0553,-0.0321181,0.0040063,66276936.0,29.0102,28.84,28.75,,3210,22576,13.029014,,5.53,
ECON,Columbia Research Enhanced Emerging Economies ETF,Diversified Emerging Mkts,Columbia Threadneedle,81990432.0,0.0072000003,0.0538187,0.0330616,81990432.0,23.06,22.8447,22.8,,1782,11544,12.861133,,0.72,
ECOW,Pacer Emerging Markets Cash Cows 100 ETF,Diversified Emerging Mkts,Pacer,80748912.0,0.0684,0.0578155,0.08073731,80748912.0,21.6472,21.57,21.33,,8848,29965,10.669043,,6.84,
EDC,Direxion Daily MSCI Emerging Markets Bull 3X Shares,Trading--Leveraged Equity,Direxion Funds,64315212.0,0.0374,-0.031210698,0.019197201,64315212.0,34.325,33.9,33.67,,59467,106011,14.981997,,3.74,
EDEN,iShares MSCI Denmark ETF,Miscellaneous Region,iShares,220221168.0,0.0148,0.0840792,0.1178343,220221168.0,113.15444,113.4606,112.02,,3042,8857,15.259221,,1.48,
EDGE,MRBL Enhanced Equity ETF,Derivative Income,"MRBL Management, LLC",5137899.0,,,,5137899.0,37.3525,37.6084,37.2,,2650,1519,24.896444,,,
EDGF,3EDGE Dynamic Fixed Income ETF,Intermediate Core Bond,3EDGE Asset Management LP,189772688.0,,,,189772688.0,24.78,24.75,24.77,,54383,67311,,,,
EDGH,3EDGE Dynamic Hard Assets ETF,Commodities Broad Basket,3EDGE Asset Management LP,70373320.0,,,,70373320.0,26.43,26.24,26.37,,23078,22814,,,,
EDGI,3EDGE Dynamic International Equity ETF,Global Large-Stock Blend,3EDGE Asset Management LP,19513928.0,,,,19513928.0,25.43,25.2935,25.31,,10448,24392,15.796156,,,
EDGU,3EDGE Dynamic US Equity ETF,Large Blend,3EDGE Asset Management LP,34082108.0,,,,34082108.0,24.66,24.7968,24.44,,10113,32157,24.463146,,,
EDIV,SPDR S&P Emerging Markets Dividend ETF,Diversified Emerging Mkts,SPDR State Street Global Advisors,671229056.0,0.041300002,0.1712515,0.1467239,671229060.0,38.05124,38.01,37.97,,140526,130273,10.236363,,4.13,
EDOG,ALPS Emerging Sector Dividend Dogs ETF,Diversified Emerging Mkts,ALPS,26028108.0,0.0686,0.0636709,0.116408594,26028108.0,22.29,22.0676,22.135,,227,6004,11.441892,,6.86,
EDOW,First Trust Dow 30 Equal Weight ETF,Large Value,First Trust,219769600.0,0.0168,0.1042364,0.12187199,219769600.0,36.34,36.5457,36.14,,9063,64639,21.923117,,1.68,
EDV,Vanguard Extended Duration Treasury Index Fund ETF Shares,Long Government,Vanguard,4133215744.0,0.0469,-0.1159992,-0.1469218,4133215740.0,62.68,62.83,63.14,,843745,1256495,,,4.69,
EDZ,Direxion Daily MSCI Emerging Markets Bear 3X Shares,Trading--Inverse Equity,Direxion Funds,18252508.0,0.049099997,-0.191176,-0.282763,18252508.0,6.339,6.42,6.46,,463488,413744,,,4.91,
EELV,Invesco S&P Emerging Markets Low Volatility ETF,Diversified Emerging Mkts,Invesco,372879968.0,0.048600003,0.0586552,0.1102483,372879968.0,25.83,25.74,25.79,,152941,67219,12.705437,,4.86,
EEM,iShares MSCI Emerging Markets ETF,Diversified Emerging Mkts,iShares,16526614528.0,0.0232,0.0630547,0.0720836,16526614500.0,46.18501,46.04,45.91,34783453184.0,21995607,27737009,14.502481,,2.32,
EEMA,iShares MSCI Emerging Markets Asia ETF,Pacific/Asia ex-Japan Stk,iShares,398164480.0,0.016900001,0.0660041,0.0718881,398164480.0,78.13605,77.98,77.77,594320000.0,19510,38311,15.166922,,1.69,
EEMO,Invesco S&P Emerging Markets Momentum ETF,Diversified Emerging Mkts,Invesco,12052420.0,0.026099999,0.0505616,0.0775363,12052420.0,16.09,16.0197,15.98,,2136,8401,14.189612,,2.61,
EEMS,iShares MSCI Emerging Markets Small-Cap ETF,Diversified Emerging Mkts,iShares,337367648.0,0.026400002,0.0735576,0.14326881,337367648.0,60.91172,60.7109,60.76,351363520.0,7326,41739,15.67862,,2.64,
EEMV,iShares MSCI Emerging Markets Min Vol Factor ETF,Diversified Emerging Mkts,iShares,4236856320.0,0.034,0.0527699,0.0713998,4236856320.0,61.55796,61.44,61.49,5856279040.0,204314,323269,15.635291,,3.4,
EEMX,SPDR MSCI Emerging Markets Fossil Fuel Reserves Free ETF,Diversified Emerging Mkts,SPDR State Street Global Advisors,78121032.0,0.0215,0.0667804,0.0796413,78121032.0,35.85583,35.6227,35.6015,,1329,8334,14.498606,,2.15,
EES,WisdomTree U.S. SmallCap Earnings Fund,Small Value,WisdomTree,542611776.0,0.0156,0.050714597,0.1465064,542611780.0,48.531,48.71,47.86,,47212,47438,12.487162,,1.56,
EET,ProShares Ultra MSCI Emerging Markets,Trading--Leveraged Equity,ProShares,13723250.0,0.0365,0.0157579,0.055330202,13723250.0,58.5344,58.0664,58.215,,2003,12044,,,3.65,
EETH,ProShares Ether ETF,Digital Assets,ProShares,44933320.0,0.0788,,,44933320.0,47.4476,48.83,47.46,,70103,92390,,,7.88,
EEV,ProShares UltraShort MSCI Emerging Markets,Trading--Inverse Equity,ProShares,4625039.0,0.048,-0.115339,-0.17951709,4625039.0,13.916,14.0565,14.1054,,13120,13719,,,4.8,
EFA,iShares MSCI EAFE ETF,Foreign Large Blend,iShares,60435103744.0,0.028900001,0.117435396,0.1231309,60435104000.0,88.05018,87.92,87.2,82616737792.0,16025555,17150184,16.831173,,2.89,
EFAA,Invesco MSCI EAFE Income Advantage ETF,Derivative Income,Invesco,135993328.0,,,,135993328.0,50.29,50.42,50.19,,13298,34047,16.54825,,,
EFAD,ProShares MSCI EAFE Dividend Growers ETF,Foreign Large Blend,ProShares,68419168.0,0.024,0.0657098,0.0626887,68419168.0,41.9887,41.9,41.92,,1122,4915,21.002712,,2.4,
EFAS,Global X MSCI SuperDividend EAFE ETF,Foreign Large Value,Global X Funds,11669083.0,0.056999996,0.1204509,0.1649182,11669083.0,17.29,17.42,17.39,,8588,14449,11.495368,,5.7,
EFAV,iShares MSCI EAFE Min Vol Factor ETF,Foreign Large Blend,iShares,5464085504.0,0.0278,0.107755005,0.083811104,5464085500.0,84.05148,83.62,83.37,,483171,768506,17.665756,,2.78,
EFAX,SPDR MSCI EAFE Fossil Fuel Reserves Free ETF,Foreign Large Blend,SPDR State Street Global Advisors,353891968.0,0.024400001,0.122048505,0.1194463,353891968.0,46.47212,46.5157,46.16,,9457,17965,17.586924,,2.44,
EFFE,Harbor Osmosis Emerging Markets Resource Efficient ETF,Diversified Emerging Mkts,Harbor,107208848.0,,,,107208848.0,21.69073,19.9119,21.59,,8,95,12.740111,,,
EFFI,Harbor Osmosis International Resource Efficient ETF,Foreign Large Blend,Harbor,123297752.0,,,,123297752.0,22.03471,19.5428,21.53,,0,47,15.562806,,,
EFG,iShares MSCI EAFE Growth ETF,Foreign Large Growth,iShares,12549844992.0,0.0152,0.0938198,0.0837164,12549845000.0,108.64256,108.43,107.33,,553984,1684655,25.610884,,1.52,
EFIV,SPDR S&P 500 ESG ETF,Large Blend,SPDR State Street Global Advisors,1668671360.0,0.013200001,0.14444,,1668671360.0,54.58599,55.0562,54.32,,77018,227487,25.08019,,1.32,
EFNL,iShares MSCI Finland ETF,Miscellaneous Region,iShares,27132176.0,0.0422,0.0575484,0.0793163,27132176.0,40.52645,40.59,40.1,,3908,23538,16.203253,,4.22,
EFO,ProShares Ultra MSCI EAFE,Trading--Leveraged Equity,ProShares,12144312.0,0.018099999,0.1247229,0.16086821,12144312.0,53.1823,53.1013,52.47,,1688,6319,,,1.81,
EFRA,iShares Environmental Infrastructure and Industrials ETF,Infrastructure,iShares,5067205.0,0.0364,,,5067205.0,32.61838,32.623,32.5926,,22,287,22.608318,,3.64,
EFU,ProShares UltraShort MSCI EAFE,Trading--Inverse Equity,ProShares,1161581.0,0.0507,-0.1924019,-0.2315377,1161581.0,11.5422,11.5628,11.609,,5434,6987,,,5.07,
EFV,iShares MSCI EAFE Value ETF,Foreign Large Value,iShares,20936792064.0,0.0401,0.1396916,0.1586121,20936792100.0,63.22534,63.15,62.68,,3515022,4440936,12.709367,,4.01,
EFZ,ProShares Short MSCI EAFE,Trading--Inverse Equity,ProShares,16103676.0,0.059299998,-0.0683257,-0.1020299,16103676.0,14.3434,14.34,14.4896,,4120,28058,,,5.93,
EGGQ,NestYield Visionary ETF,Equity Hedged,NestYield,19174612.0,,,,19174612.0,39.6804,40.2479,40.23,,29688,8225,35.257713,,,
EGGS,NestYield Total Return Guard ETF,Equity Hedged,NestYield,14960191.0,,,,14960191.0,36.9809,37.3576,37.44,,1749,4620,35.57046,,,
EGGY,NestYield Dynamic Income ETF,Equity Hedged,NestYield,17241264.0,,,,17241264.0,36.2963,36.7675,36.2995,,2368,7153,35.47618,,,
EGUS,Ishares ESG Aware MSCI USA Growth ETF,Large Growth,iShares,22625992.0,0.0027,,,22625992.0,43.30049,43.74,43.47,,809,3569,35.911602,,0.27,
EHLS,Even Herd Long Short ETF,Long-Short Equity,"Even Herd, LLC",50593344.0,0.0108,,,50593344.0,21.872,21.695,21.8501,,2708,3760,21.11225,,1.08,
EIDO,iShares MSCI Indonesia ETF,Miscellaneous Region,iShares,294864544.0,0.0558,-0.0333829,0.0682331,294864544.0,19.15795,18.91,18.96,,568521,819184,12.317269,,5.58,
EINC,VanEck Energy Income ETF,Energy Limited Partnership,VanEck,81881208.0,0.031400003,0.1855569,0.2576194,81881208.0,95.91,94.8774,95.09,,1696,5706,18.778118,,3.14,
EIPI,FT Energy Income Partners Enhanced Income ETF,Derivative Income,First Trust,894304256.0,0.0436,0.093586,0.1341176,894304260.0,19.34,19.14,19.03,,63808,80846,15.935978,,4.36,
EIPX,FT Energy Income Partners Strategy ETF,Equity Energy,First Trust,363700928.0,0.0335,,,363700928.0,24.97,24.8337,24.67,,1445,34517,14.192537,,3.35,
EIRL,iShares MSCI Ireland ETF,Miscellaneous Region,iShares,61622088.0,0.024400001,0.1322886,0.145547,61622088.0,64.45254,64.089,63.95,,2017,5169,12.16043,,2.44,
EIS,iShares MSCI Israel ETF,Miscellaneous Region,iShares,250796208.0,0.0136,0.09376469,0.1079181,250796208.0,81.41139,81.0904,80.65,207142624.0,20414,48752,13.048894,,1.36,
EJAN,Innovator Emerging Markets Power Buffer ETF - January,Defined Outcome,Innovator ETFs,110401456.0,0.0,0.044660904,0.049390998,110401456.0,31.183,31.11,31.101,,2274,26746,14.828513,,0.0,
EJUL,Innovator Emerging Markets Power Buffer ETF - July,Defined Outcome,Innovator ETFs,71226608.0,0.0,0.034384,0.0165419,71226608.0,26.2103,26.1682,26.17,,2459,6977,14.259565,,0.0,
EKG,First Trust Nasdaq Lux Digital Health Solutions ETF,Health,First Trust,2373683.0,0.0,0.021073999,,2373683.0,16.37,16.37,16.3703,,167,1907,39.51134,,0.0,
ELCV,Eventide High Dividend ETF,Large Value,Eventide Funds,94880952.0,,,,94880952.0,24.35,24.29,24.2,,32808,33774,24.426884,,,
ELD,WisdomTree Emerging Markets Local Debt Fund,Emerging-Markets Local-Currency Bond,WisdomTree,70276848.0,0.037,0.0665839,0.023183301,70276848.0,27.438,27.34,27.34,,6676,11550,,,3.7,
ELFY,ALPS Electrification Infrastructure ETF,Utilities,ALPS,10506582.0,,,,10506582.0,30.2508,29.9609,29.96,,10075,24254,21.523129,,,
ELIS,Direxion Daily LLY Bear 1X Shares,Trading--Inverse Equity,Direxion Funds,4023974.0,,,,4023974.0,28.286,28.2131,28.2955,,894,8088,,,,
ELM,Elm Market Navigator ETF,Global Moderately Aggressive Allocation,Elm Partners Management LLC,403732032.0,,,,403732032.0,24.9545,25.0289,24.92,,8719,40482,16.106129,,,
ELON,Battleshares TSLA vs F ETF,Trading--Miscellaneous,Battleshares,979571.0,,,,979571.0,17.5769,17.7025,17.16,,562,5111,,,,
ELQD,iShares ESG Advanced Investment Grade Corporate Bond ETF,Corporate Bond,iShares,12187332.0,0.0422,0.0246393,,12187332.0,79.93227,79.9212,80.07,,21,582,,,4.22,
EMB,iShares J.P. Morgan USD Emerging Markets Bond ETF,Emerging Markets Bond,iShares,12703432704.0,0.0553,0.053612698,0.0147904,12703432700.0,89.72164,89.84,89.93,,4432892,6762831,,,5.53,
EMBD,Global X Emerging Markets Bond ETF,Emerging Markets Bond,Global X Funds,218480864.0,0.0591,0.0631031,,218480864.0,22.69,22.76,22.77,,12053,36723,,,5.91,
EMC,Global X Emerging Markets Great Consumer ETF,Diversified Emerging Mkts,Global X Funds,85247520.0,0.0111,0.0235398,0.0034486,85247520.0,28.04,27.8644,27.7914,,3034,8220,20.697752,,1.11,
EMCB,WisdomTree Emerging Markets Corporate Bond Fund,Emerging Markets Bond,WisdomTree,71328352.0,0.056199998,0.0681838,0.0341713,71328352.0,65.046,64.625,65.47,,1851,4207,,,5.62,
EMCR,Xtrackers Emerging Markets Carbon Reduction and Climate Improvers ETF,Diversified Emerging Mkts,Xtrackers,40167844.0,0.0634,0.079154804,0.0907518,40167844.0,31.389,31.2208,31.22,,1148,8311,15.738966,,6.34,
EMCS,Xtrackers MSCI Emerging Markets Climate Selection ETF,Diversified Emerging Mkts,Xtrackers,192752256.0,0.0063,0.0704385,0.0731696,192752256.0,29.823,29.8856,29.9922,,69,3465,14.290281,,0.63,
EMDM,First Trust Bloomberg Emerging Market Democracies ETF,Diversified Emerging Mkts,First Trust,7835720.0,0.052800003,,,7835720.0,23.58,23.5654,23.38,,2,676,12.728734,,5.28,
EMDV,ProShares MSCI Emerging Markets Dividend Growers ETF,Diversified Emerging Mkts,ProShares,7714981.0,0.0278,-0.0043478,0.0317519,7714981.0,45.1255,44.837,44.6,,303,566,13.422814,,2.78,
EMEQ,Macquarie Focused Emerging Markets Equity ETF,Diversified Emerging Mkts,Macquarie,16564669.0,,,,16564669.0,27.47,27.2817,27.2,,41896,5707,12.344269,,,
EMES,Harbor Emerging Markets Select ETF,Diversified Emerging Mkts,Harbor,,,,,,19.82319,20.0354,19.68,,180,57414,,,,
EMGF,iShares Emerging Markets Equity Factor ETF,Diversified Emerging Mkts,iShares,816081792.0,0.033,0.0759955,0.101741,816081790.0,49.70675,49.65,49.53,,26772,120952,13.158285,,3.3,
EMHC,SPDR Bloomberg Emerging Markets USD Bond ETF,Emerging Markets Bond,SPDR State Street Global Advisors,175148992.0,0.0615,0.052094303,,175148992.0,23.92112,23.9368,23.9599,,42626,161377,,,6.15,
EMHY,iShares J.P. Morgan EM High Yield Bond ETF,Emerging Markets Bond,iShares,431691776.0,0.0719,0.0843948,0.0498101,431691776.0,38.00503,38.025,38.01,,63454,113595,,,7.19,
EMIF,iShares Emerging Markets Infrastructure ETF,Diversified Emerging Mkts,iShares,6695926.0,0.0373,0.037368,0.054015998,6695926.0,23.44112,23.2,23.23,,724,1665,10.792549,,3.73,
EMLC,VanEck J.P. Morgan EM Local Currency Bond ETF,Emerging-Markets Local-Currency Bond,VanEck,2736572672.0,0.056500003,0.0528309,0.0162992,2736572670.0,24.67,24.52,24.63,,2878640,2449015,,,5.65,
EMLP,First Trust North American Energy Infrastructure Fund,Energy Limited Partnership,First Trust,3118989056.0,0.0325,0.1463467,0.1671501,3118989060.0,36.87,36.49,36.43,,136441,318874,17.359278,,3.25,
EMM,Global X Emerging Markets ex-China ETF,Diversified Emerging Mkts,Global X Funds,17299992.0,0.0081,0.0361636,0.0696511,17299992.0,28.09,27.9883,27.67,,881,7063,18.204695,,0.81,
EMMF,WisdomTree Emerging Markets Multifactor Fund,Diversified Emerging Mkts,WisdomTree,89078512.0,0.0150999995,0.0979992,0.1046063,89078512.0,27.757,27.7315,27.72,,58738,30931,13.326755,,1.51,
EMNT,PIMCO Enhanced Short Maturity Active ESG Exchange-Traded Fund,Ultrashort Bond,PIMCO,171759152.0,0.051,0.0469571,0.0290061,171759152.0,98.62,98.64,98.64,,42107,14603,,,5.1,
EMOT,First Trust S&P 500 Economic Moat ETF,Large Blend,First Trust,4221827.0,,,,4221827.0,21.84,20.486,22.27,,60,990,27.385683,,,
EMPB,Efficient Market Portfolio Plus ETF,Long-Short Equity,"Empowered Funds, LLC",9319101.0,,,,9319101.0,27.0413,26.7631,27.0,,582,2514,19.894545,,,
EMQQ,EMQQ The Emerging Markets Internet ETF,Diversified Emerging Mkts,EMQQ,341725696.0,0.0153,0.123504296,0.0117136,341725696.0,40.21,39.84,39.75,,10197,48673,20.994751,,1.53,
EMSF,Matthews Emerging Markets Sustainable Future Active ETF,Diversified Emerging Mkts,Matthews Asia Funds,25764210.0,0.0325,,,25764210.0,25.501,25.4696,25.52,,568,3474,16.411503,,3.25,
EMTL,SPDR DoubleLine Emerging Markets Fixed Income ETF,Emerging Markets Bond,SPDR State Street Global Advisors,94855552.0,0.052800003,0.0514706,0.024553299,94855552.0,42.59228,42.5,42.4904,,2648,19693,,,5.28,
EMTY,ProShares Decline of the Retail Store ETF,Trading--Inverse Equity,ProShares,3832355.0,0.052699998,-0.0642595,-0.1722842,3832355.0,12.7961,12.65,12.831,,7432,13741,,,5.27,
EMXC,iShares MSCI Emerging Markets ex China ETF,Diversified Emerging Mkts,iShares,14713184256.0,0.026199998,0.0654432,0.111355804,14713184300.0,59.79202,59.37,59.22,,4287259,3581134,15.280493,,2.62,
EMXF,iShares ESG Advanced MSCI EM ETF,Diversified Emerging Mkts,iShares,88817920.0,0.028199999,0.057932302,,88817920.0,40.60975,40.74,40.82,,2976,7593,12.995439,,2.82,
ENDW,EA Series Trust - Cambria Endowment Style ETF,Tactical Allocation,Cambria,101204264.0,,,,101204264.0,26.6771,26.8131,26.74,,2507,2309,,,,
ENFR,Alerian Energy Infrastructure ETF,Energy Limited Partnership,ALPS,287412896.0,0.0448,0.1783309,0.2469112,287412896.0,31.37,31.11,30.82,,31054,66957,18.247845,,4.48,
ENOR,iShares MSCI Norway ETF,Miscellaneous Region,iShares,34438284.0,0.0556,0.0462818,0.1316218,34438284.0,27.34565,27.09,27.291,,6980,16042,11.763608,,5.56,
ENZL,iShares MSCI New Zealand ETF,Miscellaneous Region,iShares,70404208.0,0.0226,0.0019357001,0.0034761,70404208.0,45.45012,45.08,44.89,,3652,6911,34.054348,,2.26,
EOCT,Innovator Emerging Markets Power Buffer ETF - October,Defined Outcome,Innovator ETFs,61098664.0,0.0,0.0562439,,61098664.0,27.3412,27.31,27.335,,393,22547,13.076368,,0.0,
EPHE,iShares MSCI Philippines ETF,Miscellaneous Region,iShares,100088224.0,0.0217,0.0065834997,0.046703503,100088224.0,27.81375,27.27,27.65,,36923,93925,10.284541,,2.17,
EPI,WisdomTree India Earnings Fund,India Equity,WisdomTree,3085616640.0,0.0027,0.13929181,0.2345339,3085616640.0,46.353,45.8,46.15,,1147976,1172336,18.578207,-87.54718,0.27,
EPMB,Harbor Mid Cap Core ETF,Mid-Cap Blend,Harbor,,,,,,20.30611,20.4584,20.32,,2476,11450,,,,
EPMV,Harbor Mid Cap Value ETF,Mid-Cap Value,Harbor,,,,,,20.41033,19.9949,20.34,,0,11306,,,,
EPOL,iShares MSCI Poland ETF,Miscellaneous Region,iShares,363078816.0,0.0431,0.2702834,0.180662,363078816.0,29.81671,29.99,29.52,,417181,594031,11.87476,,4.31,
EPP,iShares MSCI Pacific ex Japan ETF,Pacific/Asia ex-Japan Stk,iShares,1906985728.0,0.0365,0.0593438,0.0997828,1906985730.0,48.1913,47.74,47.57,2551454976.0,241102,542566,17.869183,,3.65,
EPRF,Innovator S&P Investment Grade Preferred ETF,Preferred Stock,Innovator ETFs,86445640.0,0.0637,0.0178158,-0.0049399002,86445640.0,17.4147,17.3881,17.21,,4058,9185,,,6.37,
EPS,WisdomTree U.S. LargeCap Fund,Large Value,WisdomTree,1020132032.0,0.0153,0.1378112,0.1566232,1020132030.0,60.233,60.62,59.93,,29651,51958,21.521616,,1.53,
EPSB,Harbor SMID Cap Core ETF,Small Blend,Harbor,,,,,,20.44414,21.2022,21.17,,0,12850,,,,
EPSV,Harbor SMID Cap Value ETF,Small Value,Harbor,,,,,,20.82222,20.9409,20.78,,50,11400,,,,
EPU,iShares MSCI Peru ETF,Miscellaneous Region,iShares,138037936.0,0.0515,0.2152935,0.1636927,138037936.0,46.49726,45.76,45.96,,29785,81458,12.843897,,5.15,
EPV,ProShares UltraShort FTSE Europe,Trading--Inverse Equity,ProShares,14585583.0,0.0623,-0.2369534,-0.2788731,14585583.0,27.8383,27.74,28.33,,182097,62673,,,6.23,
EQAL,Invesco Russell 1000 Equal Weight ETF,Mid-Cap Blend,Invesco,586659840.0,0.0179,0.0575122,0.1197715,586659840.0,47.24,47.3,46.78,,46521,69817,18.614744,,1.79,
EQIN,Columbia U.S. Equity Income ETF,Large Value,Columbia Threadneedle,182528912.0,0.0209,0.088897,0.16886221,182528912.0,43.69,43.79,43.52,,7643,39852,18.056501,,2.09,
EQL,ALPS Equal Sector Weight ETF,Large Value,ALPS,521346720.0,0.0183,0.1056541,0.14821109,521346720.0,42.16,42.2333,41.9,,15205,76371,22.945175,,1.83,
EQLS,Simplify Market Neutral Equity Long/Short ETF,Equity Market Neutral,Simplify Asset Management,4903446.0,0.0138,,,4903446.0,22.3455,22.2175,22.28,,13,3684,,,1.38,
EQLT,iShares MSCI Emerging Markets Quality Factor ETF,Diversified Emerging Mkts,iShares,7901833.0,,,,7901833.0,25.75508,25.9664,25.82,,4,806,15.562768,,,
EQRR,ProShares Equities for Rising Rates ETF,Mid-Cap Value,ProShares,10585916.0,0.0234,0.0644476,0.1872526,10585916.0,57.378,57.74,57.485,,443,853,16.868296,,2.34,
EQTY,Kovitz Core Equity ETF,Large Blend,kovitzetf,1139818240.0,0.0034,0.1244957,0.16054899,1139818240.0,23.5,23.68,23.48,,9543,59247,25.647902,,0.34,
EQWL,Invesco S&P 100 Equal Weight ETF,Large Value,Invesco,1173245440.0,0.0195,0.1373655,0.1645672,1173245440.0,103.93,104.28,103.38,,163993,92685,20.79228,,1.95,
ERET,Ishares Environmentally Aware Real Estate ETF,Global Real Estate,iShares,9313026.0,0.041500002,,,9313026.0,25.85311,25.88,25.97,,768,787,25.232933,,4.15,
ERNZ,TrueShares Active Yield ETF,Moderately Aggressive Allocation,TrueShares,145396960.0,0.090500005,,,145396960.0,22.1736,22.2205,22.17,,1702,11749,14.508546,,9.05,
ERTH,Invesco MSCI Sustainable Future ETF,Global Large-Stock Growth,Invesco,137954976.0,0.0097,-0.072392404,0.0218617,137954976.0,42.29,42.03,42.05,,4228,8049,20.455044,,0.97,
ERX,Direxion Daily Energy Bull 2X Shares,Trading--Leveraged Equity,Direxion Funds,189463968.0,0.0337,-0.0713404,0.2826812,189463968.0,48.01,47.81,47.0,,353329,367098,14.919457,,3.37,
ERY,Direxion Daily Energy Bear 2X Shares,Trading--Inverse Equity,Direxion Funds,17140160.0,0.0397,-0.1262727,-0.44891608,17140160.0,24.893,25.02,25.49,,149500,318323,,,3.97,
ESG,FlexShares STOXX US ESG Select Index Fund,Large Blend,Flexshares Trust,113114248.0,0.012,0.146799,0.1563493,113114248.0,138.404,139.217,137.31,,1183,3346,23.981466,,1.2,
ESGD,iShares ESG Aware MSCI EAFE ETF,Foreign Large Blend,iShares,9225565184.0,0.029000001,0.1160435,0.1218149,9225565200.0,87.97017,87.73,87.05,,383761,554071,17.14348,,2.9,
ESGE,iShares ESG Aware MSCI EM ETF,Diversified Emerging Mkts,iShares,4529594368.0,0.0227,0.0633774,0.0740456,4529594400.0,37.24317,37.06,36.94,,448843,713473,14.392431,,2.27,
ESGG,FlexShares STOXX Global ESG Select Index Fund,Global Large-Stock Blend,Flexshares Trust,80863480.0,0.0185,0.1361113,0.14837301,80863480.0,177.1558,177.5,176.25,,634,2046,21.048374,,1.85,
ESGU,iShares ESG Aware MSCI USA ETF,Large Blend,iShares,12546185216.0,0.0121,0.143589,0.153211,12546185200.0,126.64545,127.59,125.98,,605721,698904,25.518303,,1.21,
ESGV,Vanguard ESG U.S. Stock ETF,Large Blend,Vanguard,9498384384.0,0.0117,0.1525675,0.1526718,9498384400.0,102.26,103.11,101.71,,384191,314322,26.251917,,1.17,
ESIX,SPDR S&P SmallCap 600 ESG ETF,Small Blend,SPDR State Street Global Advisors,8837785.0,0.0199,0.048516,,8837785.0,28.15651,29.1868,27.7,,3092,2634,15.1228695,,1.99,
ESML,iShares ESG Aware MSCI USA Small-Cap ETF,Small Blend,iShares,1693304448.0,0.0136,0.0706726,0.122489795,1693304450.0,39.18707,39.25,38.6,,126521,195044,18.003784,,1.36,
ESMV,iShares ESG MSCI USA Min Vol Factor ETF,Large Blend,iShares,8475285.0,0.0163,0.1028976,,8475285.0,28.40223,28.4361,28.26,,628,1934,25.026495,,1.63,
ESN,Essential 40 Stock ETF,,,,,,,,,15.3122,15.24,,4987,17749,18.934298,,,
ESPO,VanEck Video Gaming and eSports ETF,Communications,VanEck,312218080.0,0.0039,0.2624372,0.1757735,312218080.0,99.72,98.375,98.21,,21939,34058,29.248732,,0.39,
ETEC,iShares Breakthrough Environmental Solutions ETF,Technology,iShares,2885047.0,0.012999999,,,2885047.0,19.64656,19.6411,19.54,,7,284,18.816744,,1.3,
ETH,Grayscale Ethereum Mini Trust ETF,Digital Assets,Grayscale,850446976.0,,,,850446980.0,24.11,24.84,24.15,,1590692,1902914,,,,
ETHA,iShares Ethereum Trust ETF,Digital Assets,iShares,2234244352.0,,,,2234244350.0,19.42753,19.99,19.38,,12330197,12163434,,,,
ETHD,Proshares UltraShort Ether ETF,Digital Assets,ProShares,9318102.0,,,,9318102.0,15.9564,15.08,15.94,,959724,371514,,,,
ETHE,Grayscale Ethereum Trust ETF,Digital Assets,Grayscale,2044959488.0,0.0,0.1829184,0.104545005,2044959490.0,21.25,21.89,21.28,,3233875,5119268,,,0.0,
ETHO,Amplify Etho Climate Leadership U.S. ETF,Mid-Cap Blend,Amplify ETFs,141901072.0,0.0077,0.0475283,0.0888699,141901072.0,55.8615,56.3148,55.43,,2444,9493,20.408104,,0.77,
ETHT,Proshares Ultra Ether ETF,Digital Assets,ProShares,81491104.0,,,,81491104.0,8.5986,9.13,8.61,,2960075,3354344,,,,
ETHU,Volatility Shares Trust - 2x Ether ETF,,,,,,,,,65.99,62.09,,3427334,2328462,,,,
ETHV,VanEck Ethereum ETF,Digital Assets,VanEck,79664208.0,,,,79664208.0,37.59,38.6,37.52,,58590,111988,,,,
ETHW,Bitwise Ethereum ETF,Digital Assets,Bitwise Investments,167019584.0,,,,167019584.0,18.405,18.92,18.37,,495089,366463,,,,
ETQ,T-Rex 2X Inverse Ether Daily Target ETF,Trading--Miscellaneous,"REX Advisers, LLC",748942.0,,,,748942.0,7.6843,6.93,7.36,,51572,15668,,,,
ETU,T-Rex 2X Long Ether Daily Target ETF,Trading--Miscellaneous,"REX Advisers, LLC",3028150.0,,,,3028150.0,15.3356,16.83,15.79,,121846,60503,,,,
EUAD,Select STOXX Europe Aerospace & Defense ETF,Industrials,Select Funds,585105216.0,,,,585105220.0,39.03866,39.38,38.83,,437383,718069,35.367096,,,
EUDG,WisdomTree Europe Quality Dividend Growth Fund,Europe Stock,WisdomTree,72197240.0,0.0214,0.0878203,0.103305705,72197240.0,34.367,34.5818,34.24,,4556,11487,21.40766,,2.14,
EUDV,ProShares MSCI Europe Dividend Growers ETF,Europe Stock,ProShares,7021725.0,0.018,0.091973804,0.0938013,7021725.0,53.1424,53.5324,53.41,,10478,1865,22.70121,,1.8,
EUFN,iShares MSCI Europe Financials ETF,Financial,iShares,3169276160.0,0.0417,0.2731232,0.2547357,3169276160.0,31.57109,31.75,31.23,,1170077,2157874,11.979997,,4.17,
EUM,ProShares Short MSCI Emerging Markets,Trading--Inverse Equity,ProShares,12948646.0,0.0414,-0.028237801,-0.070457906,12948646.0,24.3524,24.4287,24.37,,10495,17442,,,4.14,
EUO,ProShares UltraShort Euro,Trading--Miscellaneous,ProShares,33843996.0,0.0,0.00046039998,0.0059093,33843996.0,29.313,29.73,29.58,,10446,35146,,,0.0,
EURL,Direxion Daily FTSE Europe Bull 3X Shares,Trading--Leveraged Equity,Direxion Funds,38386088.0,0.0249,0.1675526,0.2312606,38386088.0,32.074,32.22,31.12,,75033,86398,18.528934,,2.49,
EUSA,iShares MSCI USA Equal Weighted ETF,Mid-Cap Blend,iShares,1383242368.0,0.0155,0.0976379,0.13602701,1383242370.0,94.78271,95.13,94.12,449980800.0,13360,126069,21.459816,,1.55,
EUSB,iShares ESG Advanced Total USD Bond Market ETF,Intermediate Core-Plus Bond,iShares,689710592.0,0.037,0.018551,,689710590.0,42.65828,42.64,42.79,,48237,62430,,,3.7,
EUSC,WisdomTree Europe Hedged SmallCap Equity Fund,Europe Stock,WisdomTree,90739376.0,0.035,0.1426363,0.1664368,90739376.0,45.485,45.9993,45.33,,28422,23898,12.2182865,,3.5,
EUSM,Eventide US Market ETF,Large Blend,Eventide Funds,51227408.0,,,,51227408.0,24.57,24.7086,24.43,,24959,31377,27.248247,,,
EVAV,Direxion Daily Electric and Autonomous Vehicles Bull 2X Shares,Trading--Leveraged Equity,Direxion Funds,2834028.0,0.028800001,,,2834028.0,22.429,24.0862,23.07,,24250,6928,,,2.88,
EVHY,Eaton Vance High Yield ETF,High Yield Bond,Eaton Vance ETFs,20825560.0,0.0767,,,20825560.0,52.37,52.4511,52.48,,1863,1498,,,7.67,
EVIM,Eaton Vance Intermediate Municipal Income ETF,Muni National Interm,Eaton Vance ETFs,61225524.0,0.0382,,,61225524.0,50.99,51.02,51.14,,2752,16063,,,3.82,
EVLN,Eaton Vance Floating-Rate ETF,Bank Loan,Eaton Vance ETFs,1258457472.0,0.0837,,,1258457470.0,49.87,49.84,49.9,,169591,95742,,,8.37,
EVLU,iShares MSCI Emerging Markets Value Factor ETF,Diversified Emerging Mkts,iShares,7532105.0,,,,7532105.0,26.23019,26.3678,26.3,,1036,2285,9.304306,,,
EVMT,Invesco Electric Vehicle Metals Commodity Strategy No K-1 ETF,Commodities Focused,Invesco,6887863.0,0.035099998,-0.1483459,,6887863.0,15.4,15.32,15.35,,10508,1988,,,3.51,
EVNT,AltShares Event-Driven ETF,Event Driven,AltShares,5003862.0,0.0064999997,0.0699009,0.0891309,5003862.0,11.13,11.14,11.12,,392,907,,,0.65,
EVSB,Eaton Vance Ultra-Short Income ETF,Ultrashort Bond,Eaton Vance ETFs,162363056.0,0.0494,,,162363056.0,50.86,50.92,50.95,,512842,41558,,,4.94,
EVSD,Eaton Vance Short Duration Income ETF,,,,,,,,,50.8604,50.93,,15984,64976,,,,
EVSM,Eaton Vance Short Duration Municipal Income ETF,Muni National Short,Eaton Vance ETFs,305114816.0,0.0348,0.0330024,0.020342901,305114816.0,49.76,49.72,49.92,,37889,60542,,,3.48,
EVTR,Eaton Vance Total Return Bond ETF,Intermediate Core-Plus Bond,Eaton Vance ETFs,1758669312.0,0.0481,0.0287134,0.0064240997,1758669310.0,49.96,49.95,50.03,,325086,259014,,,4.81,
EVUS,Ishares ESG Aware MSCI USA Value ETF,Large Value,iShares,21417264.0,0.0191,,,21417264.0,28.63005,28.7021,28.65,,1783,3777,19.400597,,1.91,
EVX,VanEck Environmental Services ETF,Industrials,VanEck,78970888.0,0.0045,0.108437404,0.174166,78970888.0,37.19,37.03,36.63,,5826,8209,34.509327,,0.45,
EVYM,Eaton Vance High Income Municipal ETF,,,,,,,,,48.1218,48.195,,16175,19555,,,,
EWA,iShares MSCI Australia ETF,Miscellaneous Region,iShares,1488064000.0,0.0359,0.0608916,0.1251651,1488064000.0,25.70916,25.41,25.33,1631340032.0,1181212,2187447,19.759434,,3.59,
EWC,iShares MSCI Canada ETF,Miscellaneous Region,iShares,2776364288.0,0.0212,0.089014195,0.1525029,2776364290.0,44.45451,44.0,43.96,4212911872.0,1703360,3101163,20.55511,,2.12,
EWD,iShares MSCI Sweden ETF,Miscellaneous Region,iShares,341479840.0,0.0150999995,0.109427795,0.1317775,341479840.0,45.34483,45.09,44.79,346697984.0,34690,207953,20.490665,,1.51,
EWG,iShares MSCI Germany ETF,Miscellaneous Region,iShares,2236403200.0,0.0191,0.18843031,0.141783,2236403200.0,41.32141,41.64,40.99,3280169984.0,5025694,3775379,17.820494,,1.91,
EWH,iShares MSCI Hong Kong ETF,China Region,iShares,589816192.0,0.0398,-0.0122445,0.024093298,589816190.0,18.83199,18.78,18.73,1662552832.0,2443201,4035882,14.915177,,3.98,
EWI,iShares MSCI Italy ETF,Miscellaneous Region,iShares,355184032.0,0.033099998,0.2343282,0.2162639,355184032.0,47.00102,47.54,46.62,401508000.0,292052,602985,13.136196,,3.31,
EWJ,iShares MSCI Japan ETF,Japan Stock,iShares,14411038720.0,0.022,0.10246509,0.0865889,14411038700.0,73.01579,72.37,72.31,16639885312.0,8335508,5703022,14.212401,,2.2,
EWJV,iShares MSCI Japan Value ETF,Japan Stock,iShares,353949024.0,0.0373,0.150244,0.1341168,353949024.0,34.87926,34.58,34.61,,36088,160414,10.915711,,3.73,
EWK,iShares MSCI Belgium ETF,Miscellaneous Region,iShares,15267076.0,0.027999999,0.0749678,0.1100287,15267076.0,21.63574,21.6565,21.48,57186888.0,46998,38201,18.045797,,2.8,
EWL,iShares MSCI Switzerland ETF,Miscellaneous Region,iShares,1202141952.0,0.0188,0.0960355,0.10188191,1202141950.0,55.02201,54.77,54.49,1575233664.0,375829,510385,23.275362,,1.88,
EWM,iShares MSCI Malaysia ETF,Miscellaneous Region,iShares,195819072.0,0.0336,0.0422349,0.0390555,195819072.0,24.55574,24.24,24.37,366856512.0,331105,350900,14.583259,,3.36,
EWN,iShares MSCI Netherlands ETF,Miscellaneous Region,iShares,247625424.0,0.0198,0.132074,0.1391691,247625424.0,52.3735,52.54,51.7,290042976.0,93733,44101,16.239145,,1.98,
EWO,iShares MSCI Austria ETF,Miscellaneous Region,iShares,71303432.0,0.0588,0.17336291,0.2083256,71303432.0,28.59091,28.55,28.31,105524000.0,22159,118492,10.860297,,5.88,
EWP,iShares MSCI Spain ETF,Miscellaneous Region,iShares,1089715456.0,0.033299997,0.2326825,0.20219709,1089715460.0,43.1992,43.36,42.69,1617628544.0,1190705,537988,11.71903,,3.33,
EWQ,iShares MSCI France ETF,Miscellaneous Region,iShares,386588384.0,0.028800001,0.116049096,0.1515728,386588384.0,42.37409,42.65,41.8,1221120000.0,722183,432728,18.295786,,2.88,
EWS,iShares MSCI Singapore ETF,Miscellaneous Region,iShares,674101696.0,0.0383,0.1584737,0.1242565,674101700.0,25.74817,25.7,25.48,637012992.0,745878,858987,14.453375,,3.83,
EWT,iShares MSCI Taiwan ETF,China Region,iShares,4291194112.0,0.0251,0.1021594,0.161236,4291194110.0,53.58578,53.7,53.16,4549199872.0,4506507,3637287,16.732391,,2.51,
EWU,iShares MSCI United Kingdom ETF,Miscellaneous Region,iShares,3221452544.0,0.0368,0.1101209,0.1393207,3221452540.0,39.90891,39.53,39.43,2703864064.0,786104,1888120,18.058813,,3.68,
EWUS,iShares MSCI United Kingdom Small-Cap ETF,Miscellaneous Region,iShares,37187760.0,0.0342,0.0686011,0.0864911,37187760.0,39.90463,39.5289,39.545,,3025,4382,13.630084,,3.42,
EWV,ProShares UltraShort MSCI Japan,Trading--Inverse Equity,ProShares,4658056.0,0.0368,-0.1794931,-0.1874513,4658056.0,34.4491,35.1621,35.01,,4003,7561,,,3.68,
EWW,iShares MSCI Mexico ETF,Miscellaneous Region,iShares,1874919168.0,0.0361,0.094588205,0.1781891,1874919170.0,60.64602,59.83,59.3,1146662912.0,1383821,2838360,13.148106,,3.61,
EWX,SPDR S&P Emerging Markets Small Cap ETF,Diversified Emerging Mkts,SPDR State Street Global Advisors,639462144.0,0.0301,0.0753994,0.1309802,639462140.0,60.03576,59.6,59.45,,14796,36501,15.426332,,3.01,
EWY,iShares MSCI South Korea ETF,Miscellaneous Region,iShares,2900007424.0,0.023,-0.0224462,0.0473259,2900007420.0,58.50759,58.29,58.65,4457375744.0,3421001,3457396,9.672915,,2.3,
EWZ,iShares MSCI Brazil ETF,Latin America Stock,iShares,3660975872.0,0.0743,0.0085215,0.1005645,3660975870.0,27.6272,27.52,26.835,5545207296.0,34372590,25010631,10.623705,,7.43,
EWZS,iShares MSCI Brazil Small-Cap ETF,Latin America Stock,iShares,128826424.0,0.0381,-0.0307456,0.0740832,128826424.0,12.43506,12.4,12.01,,308652,327839,11.417863,,3.81,
EXI,iShares Global Industrials ETF,Industrials,iShares,1026414336.0,0.0139,0.1728951,0.1742015,1026414340.0,158.82455,158.97,157.38,,25487,59111,22.60949,,1.39,
EYEG,AB Corporate Bond ETF,Corporate Bond,AllianceBernstein,26411352.0,0.051799998,,,26411352.0,34.6893,34.7093,34.7377,,10,1044,,,5.18,
EYLD,Cambria Emerging Shareholder Yield ETF,Diversified Emerging Mkts,CAMBRIA ETF TRUST,491711136.0,0.044299997,0.114229605,0.1221231,491711136.0,34.0894,33.9,34.0,,36831,103201,8.884552,,4.43,
EZA,iShares MSCI South Africa ETF,Miscellaneous Region,iShares,349383808.0,0.0618,0.0861261,0.1410068,349383808.0,52.06697,51.43,51.71,414908000.0,110087,157493,13.70246,,6.18,
EZBC,Franklin Bitcoin ETF,Digital Assets,Franklin Templeton Investments,489967680.0,0.0,,,489967680.0,63.0963,64.45,62.91,,87098,260966,,,0.0,
EZET,Franklin Ethereum ETF,Digital Assets,Franklin Templeton Investments,20997910.0,,,,20997910.0,19.498,20.01,19.41,,101463,82634,,,,
EZJ,ProShares Ultra MSCI Japan,Trading--Leveraged Equity,ProShares,5984677.0,0.019,0.0913867,0.0868439,5984677.0,41.4453,40.9398,41.65,,439,6798,14.399185,,1.9,
EZM,WisdomTree U.S. MidCap Earnings Fund,Small Value,WisdomTree,719633152.0,0.013300001,0.078235105,0.1582508,719633150.0,59.554,59.78,59.13,,42195,34988,13.470657,,1.33,
EZPZ,Franklin Crypto Index ETF,Digital Assets,Franklin,3447311.0,,,,3447311.0,27.2728,27.8241,27.28,,3982,4019,,,,
EZU,iShares MSCI Eurozone ETF,Europe Stock,iShares,7661036544.0,0.024500001,0.1586983,0.1533914,7661036500.0,58.48739,58.89,57.81,8944101376.0,2750995,2993684,16.457266,,2.45,
FAAR,First Trust Alternative Absolute Return Strategy ETF,Commodities Broad Basket,First Trust,93439992.0,0.033800002,-0.0386362,0.053881,93439992.0,26.71,26.72,26.69,,17791,22288,,,3.38,
FAB,First Trust Multi Cap Value AlphaDEX Fund,Mid-Cap Value,First Trust,109467864.0,0.0212,0.0542655,0.148332,109467864.0,77.73,78.1254,77.2,,1737,2582,12.318912,,2.12,
FAD,First Trust Multi Cap Growth AlphaDEX Fund,Mid-Cap Growth,First Trust,246349600.0,0.0058,0.1296342,0.1383656,246349600.0,137.26,137.196,137.23,,1090,11942,25.444145,,0.58,
FAI,First Trust Bloomberg Artificial Intelligence ETF,Technology,First Trust,8387524.0,,,,8387524.0,31.05,31.3636,30.9806,,1652,4019,32.497658,,,
FALN,iShares Fallen Angels USD Bond ETF,High Yield Bond,iShares,1714368000.0,0.0633,0.070457704,0.061609503,1714368000.0,26.28246,26.33,26.29,,252195,1502358,,,6.33,
FAN,First Trust Global Wind Energy ETF,Miscellaneous Sector,First Trust,128145744.0,0.0139999995,-0.014775899,0.0695855,128145744.0,16.79,16.73,16.57,,18191,39241,17.823587,,1.4,
FAPR,FT Vest U.S. Equity Buffer ETF - April,Defined Outcome,First Trust,758547584.0,0.0,0.1178444,,758547580.0,40.81,40.95,40.66,,16468,50158,24.748224,,0.0,
FARX,Frontier Asset Absolute Return ETF,Global Conservative Allocation,"Frontier Asset Management, LLC",10967562.0,,,,10967562.0,25.14,25.1295,25.1,,420,2142,19.266386,,,
FAS,Direxion Daily Financial Bull 3X Shares,Trading--Leveraged Equity,Direxion Funds,2250681344.0,0.0088,0.2503244,0.413853,2250681340.0,148.501,150.25,144.7,,679391,873809,17.825195,,0.88,
FAUG,FT Vest U.S. Equity Buffer ETF - August,Defined Outcome,First Trust,862213696.0,0.0,0.0983333,0.094091594,862213700.0,46.63,46.8259,46.417,,11141,34328,24.564533,,0.0,
FAZ,Direxion Daily Financial Bear 3X Shares,Trading--Inverse Equity,Direxion Funds,101870984.0,0.0713,-0.3887874,-0.5022369,101870984.0,5.1,5.04,5.24,,21221377,30125423,,,7.13,
FBCG,Fidelity Blue Chip Growth ETF,Large Growth,Fidelity Investments,3639719168.0,0.0014,0.2335799,,3639719170.0,43.68426,44.15,43.38,,227915,688014,,,0.14,
FBCV,Fidelity Blue Chip Value ETF,Large Value,Fidelity Investments,124032368.0,0.018099999,0.0611818,,124032368.0,31.75661,31.86,31.6,,10028,13660,1.9503623,,1.81,
FBL,GraniteShares 2x Long META Daily ETF,Trading--Leveraged Equity,Graniteshares,131179672.0,0.0,,,131179672.0,33.64,34.71,33.24,,549782,1102163,,,0.0,
FBND,Fidelity Total Bond ETF,Intermediate Core-Plus Bond,Fidelity Investments,18341388288.0,0.0463,0.0249184,0.0031388,18341388300.0,44.9016,44.91,45.02,,1786425,2169277,8.9096575,,4.63,
FBOT,Fidelity Disruptive Automation ETF,Global Large-Stock Growth,Fidelity Investments,96994944.0,0.0049,0.099283,0.1151681,96994944.0,28.55142,28.76,28.32,,7925,20260,28.879961,,0.49,
FBT,First Trust NYSE Arca Biotechnology Index Fund,Health,First Trust,1048972096.0,0.0072000003,0.061863597,-0.0052656,1048972100.0,159.94,159.9,157.93,3326408960.0,8351,24269,21.72757,,0.72,
FBTC,Fidelity Wise Origin Bitcoin Fund,Digital Assets,Fidelity Investments,18789120000.0,0.0,,,18789120000.0,95.08023,97.06,94.94,,3829920,3950863,,,0.0,
FBUF,Fidelity Dynamic Buffered Equity ETF,Equity Hedged,Fidelity Investments,10501632.0,0.0077,,,10501632.0,26.77084,26.8932,26.72,,1113,7315,23.336508,,0.77,
FBY,YieldMax META Option Income Strategy ETF,Derivative Income,YieldMax ETFs,141665120.0,0.5743,,,141665120.0,15.4552,15.65,15.41,,173156,134828,,,57.43,
FBZ,First Trust Brazil AlphaDEX Fund,Latin America Stock,First Trust,6064735.0,0.0381,0.0344958,0.1196949,6064735.0,11.33,11.264,11.1275,,953,3960,9.5204935,,3.81,
FCA,First Trust China AlphaDEX Fund,China Region,First Trust,34513992.0,0.045900002,-0.0010502,0.0480215,34513992.0,22.5,22.3,22.23,,2611,3522,8.388145,,4.59,
FCAL,First Trust California Municipal High Income ETF,Muni California Long,First Trust,281602784.0,0.0315,0.0267535,0.0126312,281602784.0,47.82,47.7,47.74,,18762,24117,,,3.15,
FCBD,Frontier Asset Core Bond ETF,Intermediate Core Bond,"Frontier Asset Management, LLC",42324248.0,,,,42324248.0,25.32,25.2992,25.34,,2466,7390,,,,
FCEF,First Trust Income Opportunity ETF,Global Moderately Conservative Allocation,First Trust,42532560.0,0.0729,0.088134296,0.107522205,42532560.0,21.47,21.4662,21.42,,15417,8023,19.873745,,7.29,
FCFY,First Trust S&P 500 Diversified Free Cash Flow ETF,Mid-Cap Value,First Trust,1123139.0,0.02,,,1123139.0,23.31,22.3215,24.3,,0,206,14.715245,,2.0,
FCG,First Trust Natural Gas ETF,Equity Energy,First Trust,303311392.0,0.038399998,-0.023141699,0.27846238,303311392.0,22.25,22.18,21.93,,186844,406534,9.531813,,3.84,
FCLD,Fidelity Cloud Computing ETF,Technology,Fidelity Investments,81146912.0,0.0011999999,0.1782267,,81146912.0,26.66024,27.09,26.3,,10621,23593,34.387978,,0.12,
FCOM,Fidelity MSCI Communication Services Index ETF,Communications,Fidelity Investments,1363673728.0,0.0097,0.16736469,0.121793605,1363673730.0,59.37144,59.77,59.13,,91434,157231,19.236053,,0.97,
FCOR,Fidelity Corporate Bond ETF,Corporate Bond,Fidelity Investments,244841616.0,0.044699997,0.0323022,0.0047375,244841616.0,46.1935,46.215,46.22,,24268,33020,,,4.47,
FCPI,Fidelity Stocks for Inflation ETF,Large Blend,Fidelity Investments,200339248.0,0.0143,0.1408122,0.17136721,200339248.0,44.70472,44.77,44.3,,11614,26565,18.777496,,1.43,
FCSH,Federated Hermes Short Duration Corporate ETF,Short-Term Bond,Federated,9432140.0,0.0458,0.0387594,,9432140.0,24.13,24.145,24.15,,6327,615,,,4.58,
FCTE,SMI 3Fourteen Full-Cycle Trend ETF,Large Blend,3fourteensmi,465286816.0,,,,465286816.0,25.87,26.09,25.75,,64339,103157,27.563185,,,
FCTR,First Trust Lunt U.S. Factor Rotation ETF,Large Blend,First Trust,61115332.0,0.0082,0.0501061,0.0975896,61115332.0,32.63,32.7095,32.565,,2343,4180,31.607916,,0.82,
FCUS,Pinnacle Focused Opportunities ETF,Mid-Cap Growth,Pinnacle,31213060.0,0.1328,,,31213060.0,24.3991,24.3366,24.4215,,5037,12496,32.354233,,13.28,
FCVT,First Trust SSI Strategic Convertible Securities ETF,Convertibles,First Trust,67013432.0,0.0187,0.049426198,0.0852417,67013432.0,36.6,36.46,36.65,,74584,35336,,,1.87,
FDAT,Tactical Advantage ETF,Tactical Allocation,Tactical Advantage,30626348.0,0.0938,,,30626348.0,20.6193,20.6234,20.5512,,2312,2558,18.256298,,9.38,
FDCE,Foundations Dynamic Core ETF,Large Blend,Regents Park Funds,2074398.0,0.0066000004,,,2074398.0,12.3,12.6598,12.59,,3,19693,21.367165,,0.66,
FDCF,Fidelity Disruptive Communications ETF,Communications,Fidelity Investments,64096576.0,0.0007,0.2148919,0.141028,64096576.0,40.53935,40.78,40.26,,4720,7677,25.014654,,0.07,
FDD,First Trust STOXX European Select Dividend Index Fund,Europe Stock,First Trust,337580832.0,0.0622,0.1299627,0.1679143,337580832.0,15.1,15.19,15.07,,626930,523560,9.757406,,6.22,
FDEC,FT Vest U.S. Equity Buffer ETF - December,Defined Outcome,First Trust,942568896.0,0.0,0.124017805,,942568900.0,44.47,44.61,44.359016,,5558,41677,24.859293,,0.0,
FDEM,Fidelity Emerging Markets Multifactor ETF,Diversified Emerging Mkts,Fidelity Investments,163343600.0,0.0414,0.09725919,0.0918021,163343600.0,26.77108,26.7,26.7,,30261,69660,11.74446,,4.14,
FDEV,Fidelity International Multifactor ETF,Foreign Large Blend,Fidelity Investments,141192976.0,0.0273,0.1062992,0.098458596,141192976.0,31.62586,31.54,31.46,,19138,37906,15.612561,,2.73,
FDFF,Fidelity Disruptive Finance ETF,Financial,Fidelity Investments,47280572.0,0.0076,0.1257151,0.1374817,47280572.0,36.70746,37.03,36.52,,24295,6312,23.112793,,0.76,
FDG,American Century Focused Dynamic Growth ETF,Large Growth,American Century Investments,252901552.0,0.0,0.2274072,0.145494,252901552.0,101.4823,102.3405,100.85,,32576,22003,38.463135,,0.0,
FDGR,Foundations Dynamic Growth ETF,Large Growth,Regents Park Funds,2594139.0,0.0,,,2594139.0,13.74,14.0024,14.08,,165,41620,33.28302,,0.0,
FDHT,Fidelity Digital Health ETF,Health,Fidelity Investments,7804196.0,0.015700001,0.0331474,,7804196.0,19.98421,20.1102,19.98,,643,1860,37.247196,,1.57,
FDHY,Fidelity Enhanced High Yield ETF,High Yield Bond,Fidelity Investments,362889760.0,0.067600004,0.0679323,0.0494202,362889760.0,47.97186,48.14,48.0,,53765,47860,,,6.76,
FDIF,Fidelity Disruptors ETF,Large Growth,Fidelity Investments,85080296.0,0.0046,0.1357647,0.1077324,85080296.0,31.70872,31.75,31.42,,4499,7820,27.660374,,0.46,
FDIG,Fidelity Crypto Industry and Digital Payments ETF,Digital Assets,Fidelity Investments,142615552.0,0.0147,0.224101,,142615552.0,30.24364,31.29,30.47,,38844,52158,17.507149,,1.47,
FDIS,Fidelity MSCI Consumer Discretionary Index ETF,Consumer Cyclical,Fidelity Investments,1712131328.0,0.0085,0.1525488,0.1450775,1712131330.0,90.94917,91.69,90.21,,65375,157584,25.730595,,0.85,
FDIV,MarketDesk Focused U.S. Dividend ETF,Mid-Cap Value,MarketDesk,93248816.0,0.0298,,,93248816.0,25.4463,25.625,25.4,,18875,28607,14.305376,,2.98,
FDL,First Trust Morningstar Dividend Leaders Index Fund,Large Value,First Trust,5280148992.0,0.0418,0.075739,0.1580219,5280149000.0,41.39,41.24,41.07,,839419,1034244,15.26482,,4.18,
FDLO,Fidelity Low Volatility Factor ETF,Large Blend,Fidelity Investments,1163718144.0,0.0145000005,0.1139163,0.1280271,1163718140.0,60.23611,60.56,59.98,,105886,153739,24.328506,,1.45,
FDLS,Inspire Fidelis Multi Factor ETF,Mid-Cap Blend,Inspire,73417104.0,0.0073,,,73417104.0,29.64,29.69,29.52,,8345,13641,17.1391,,0.73,
FDM,First Trust Dow Jones Select MicroCap Index Fund,Small Value,First Trust,162448608.0,0.0209,0.0848942,0.1461847,162448608.0,65.7,65.5036,65.2067,,1506,12980,14.1659155,,2.09,
FDMO,Fidelity Momentum Factor ETF,Large Growth,Fidelity Investments,423208416.0,0.0095,0.1873694,0.159651,423208416.0,70.63917,70.95,70.04,,14982,134160,26.920164,,0.95,
FDN,First Trust Dow Jones Internet Index Fund,Technology,First Trust,6386944512.0,0.0,0.21794121,0.09171601,6386944500.0,247.39,251.27,246.02,,745715,492553,32.27961,,0.0,
FDND,FT Vest Dow Jones Internet & Target Income ETF,Derivative Income,First Trust,6233307.0,0.0349,,,6233307.0,21.93,22.27,22.0199,,6758,4368,31.86909,,3.49,
FDNI,First Trust Dow Jones International Internet ETF,Diversified Emerging Mkts,First Trust,121397488.0,0.0095999995,0.14799811,0.0244487,121397488.0,32.55,32.425,32.07,,3510,113387,22.137774,,0.96,
FDRR,Fidelity Dividend ETF for Rising Rates,Large Value,Fidelity Investments,519486656.0,0.0276,0.1048709,0.1455578,519486656.0,50.64992,50.9923,50.26,,17435,24552,18.532442,,2.76,
FDRV,Fidelity Electric Vehicles and Future Transportation ETF,Global Large-Stock Growth,Fidelity Investments,24515788.0,0.0056,-0.090055,,24515788.0,14.3028,14.399,13.93,,8877,8771,24.020933,,0.56,
FDT,First Trust Developed Markets Ex-US AlphaDEX Fund,Foreign Large Value,First Trust,450000128.0,0.033099998,0.0977325,0.1164546,450000128.0,64.86,64.5543,64.08,,16066,36085,9.956974,,3.31,
FDTB,Foundations Dynamic Income ETF,Nontraditional Bond,Regents Park Funds,5482835.0,0.0252,,,5482835.0,9.52,9.53,9.52,,21,22173,,,2.52,
FDTS,First Trust Developed Markets ex-US Small Cap AlphaDEX Fund,Foreign Small/Mid Value,First Trust,6600954.0,0.033800002,0.079681404,0.120828,6600954.0,46.68,46.0466,46.5753,,2,282,7.743133,,3.38,
FDTX,Fidelity Disruptive Technology ETF,Technology,Fidelity Investments,155581056.0,0.0,0.18858169,0.1182201,155581056.0,35.02301,35.24,34.66,,13953,21365,33.490566,,0.0,
FDV,Federated Hermes U.S. Strategic Dividend ETF,Large Value,Federated,317694688.0,0.0315,,,317694688.0,26.85,26.82,26.69,,31541,112698,19.104649,,3.15,
FDVL,Foundations Dynamic Value ETF,Large Value,Regents Park Funds,16650747.0,0.042600002,,,16650747.0,10.13,10.3931,10.19,,57,82519,18.339254,,4.26,
FDVV,Fidelity High Dividend ETF,Large Value,Fidelity Investments,4722977792.0,0.031600002,0.122563295,0.17991011,4722977800.0,49.43741,49.6,49.2,,983721,668496,16.81797,,3.16,
FDWM,Fidelity Women's Leadership ETF,Large Blend,Fidelity Investments,3740833.0,0.0058999998,0.11410341,,3740833.0,22.5318,22.7054,22.58,,545,782,1.2003356,,0.59,
FEAC,Fidelity Enhanced U.S. All-Cap Equity ETF,Large Blend,Fidelity Investments,4710768.0,,,,4710768.0,24.51592,25.1564,25.0976,,454,1866,23.036036,,,
FEAT,YieldMax Dorsey Wright Featured 5 Income ETF,,,,,,,,,35.96,35.5,,5373,19796,,,,
FEBM,FT Vest U.S. Equity Max Buffer ETF - February,Defined Outcome,First Trust,52119948.0,,,,52119948.0,28.81,28.81,28.71,,4790,42347,24.357107,,,
FEBP,PGIM S&P 500 Buffer 12 ETF - Feb,Defined Outcome,PGIM Investments,8229258.0,0.0,,,8229258.0,28.144,28.6105,28.305,,8,1347,24.82895,,0.0,
FEBT,Allianzim U.S. Large Cap Buffer10 Feb ETF,Defined Outcome,AllianzIM,92500560.0,0.0,,,92500560.0,33.6141,33.655,33.27,,7918,33526,24.957994,,0.0,
FEBU,AllianzIM U.S. Equity Buffer15 Uncapped Feb ETF,Defined Outcome,AllianzIM,46105160.0,,,,46105160.0,24.6431,24.64,24.55,,495,20757,24.730011,,,
FEBW,Allianzim U.S. Large Cap Buffer20 Feb ETF,Defined Outcome,AllianzIM,99160464.0,0.0,,,99160464.0,30.9816,30.9924,30.86,,2991,12957,24.672676,,0.0,
FEBZ,TrueShares Structured Outcome (February) ETF,Defined Outcome,TrueShares,6312641.0,0.0315,0.12857,,6312641.0,34.1825,34.6129,34.765,,0,1087,25.99377,,3.15,
FEDM,FlexShares ESG & Climate Developed Markets ex-US Core Index Fund,Foreign Large Blend,Flexshares Trust,54104124.0,0.0273,0.1001937,,54104124.0,54.6202,54.5323,54.65,,3,2512,17.56159,,2.73,
FEGE,First Eagle Global Equity ETF,Global Large-Stock Blend,First Eagle,173590048.0,,,,173590048.0,38.53,38.59,38.66,,55116,108701,18.653675,,,
FEIG,FlexShares ESG & Climate Investment Grade Corporate Core Index Fund,Corporate Bond,Flexshares Trust,44820904.0,0.0484,0.02564,,44820904.0,40.1474,40.1566,40.18,,5335,2738,,,4.84,
FELC,Fidelity Enhanced Large Cap Core ETF,Large Blend,Fidelity Investments,4040928000.0,0.0111,0.1465524,0.1660473,4040928000.0,32.3404,32.57,32.19,,651124,1644025,23.831144,,1.11,
FELG,Fidelity Enhanced Large Cap Growth ETF,Large Growth,Fidelity Investments,3087509248.0,0.0053,0.19738859,0.1780903,3087509250.0,34.13469,34.5,33.99,,225723,509630,31.716284,,0.53,
FELV,Fidelity Enhanced Large Cap Value ETF,Large Value,Fidelity Investments,2154284288.0,0.0167,0.0859767,0.14626859,2154284290.0,30.43755,30.47,30.23,,161274,271236,18.519197,,1.67,
FEM,First Trust Emerging Markets AlphaDEX Fund,Diversified Emerging Mkts,First Trust,385502400.0,0.033,0.0558395,0.090095304,385502400.0,24.19,24.09,23.87,,20515,72622,9.017517,,3.3,
FEMB,First Trust Emerging Markets Local Currency Bond ETF,Emerging-Markets Local-Currency Bond,First Trust,147608272.0,0.054,0.059402097,0.0191779,147608272.0,28.04,27.85,27.98,,47598,45142,,,5.4,
FEMR,Fidelity Enhanced Emerging Markets ETF,Diversified Emerging Mkts,Fidelity Investments,10160020.0,,,,10160020.0,26.96219,27.1705,27.119,,4859,4019,13.480784,,,
FEMS,First Trust Emerging Markets Small Cap AlphaDEX Fund,Diversified Emerging Mkts,First Trust,236409808.0,0.0382,0.0591949,0.11173549,236409808.0,39.3,39.24,39.3,,14628,37004,7.916575,,3.82,
FENI,Fidelity Enhanced International ETF,Foreign Large Blend,Fidelity Investments,2420791040.0,0.026600001,0.1320538,0.1354247,2420791040.0,32.20853,32.21,31.95,,270118,530179,15.649271,,2.66,
FENY,Fidelity MSCI Energy Index ETF,Equity Energy,Fidelity Investments,1332273152.0,0.0336,0.032394,0.2206912,1332273150.0,22.58657,22.5,22.33,,870453,1541912,14.110499,,3.36,
FEOE,First Eagle Overseas Equity ETF,Foreign Large Blend,First Eagle,70741568.0,,,,70741568.0,41.0562,40.94,40.54,,69784,49173,17.164404,,,
FEP,First Trust Europe AlphaDEX Fund,Europe Stock,First Trust,235236384.0,0.0373,0.1262691,0.1407924,235236384.0,45.95,46.21,45.59,,20961,47296,11.4041,,3.73,
FEPI,REX FANG & Innovation Equity Premium Income ETF,Derivative Income,"REX Advisers, LLC",426724160.0,0.3039,,,426724160.0,43.23,43.66,43.12,,129662,147330,36.65259,,30.39,
FESM,Fidelity Enhanced Small Cap ETF,Small Blend,Fidelity Investments,1657081344.0,0.0154,0.0951626,0.1389813,1657081340.0,29.93545,30.06,29.72,,60429,326941,16.5394,,1.54,
FETH,Fidelity Ethereum Fund,Digital Assets,Fidelity (FMR),743578112.0,,,,743578110.0,25.64605,26.37,25.59,,806053,1596542,,,,
FEUS,FlexShares ESG & Climate US Large Cap Core Index Fund,Large Blend,Flexshares Trust,59704356.0,0.0126,0.1395615,,59704356.0,64.0996,64.5868,64.66,,10,3204,24.3116,,1.26,
FEUZ,First Trust Eurozone AlphaDEX ETF,Europe Stock,First Trust,46551776.0,0.0187,0.1372661,0.140121,46551776.0,52.62,52.9131,52.71,,469,17823,11.351719,,1.87,
FEX,First Trust Large Cap Core AlphaDEX Fund,Large Blend,First Trust,1215383168.0,0.013200001,0.1008827,0.1461567,1215383170.0,103.83,104.07,102.83,,117758,40885,18.181866,,1.32,
FEZ,SPDR EURO STOXX 50 ETF,Europe Stock,SPDR State Street Global Advisors,4377185792.0,0.025999999,0.18479191,0.1674193,4377185800.0,58.61114,59.46,58.2,3566278656.0,1779869,2752231,17.155293,,2.6,
FFDI,,Foreign Large Blend,Fidelity Investments,13784657.0,,,,13784657.0,28.91939,28.8939,28.55,,1438,7352,22.000507,,,
FFEB,FT Vest U.S. Equity Buffer ETF - February,Defined Outcome,First Trust,943951552.0,0.0,0.124483205,0.1194779,943951550.0,50.01,50.28,49.9599,,17704,62220,24.917147,,0.0,
FFEM,,Diversified Emerging Mkts,Fidelity Investments,10181288.0,,,,10181288.0,27.12413,27.0445,26.945,,64,1358,15.476772,,,
FFGX,,Foreign Large Blend,Fidelity Investments,23915662.0,,,,23915662.0,27.9519,27.8677,27.71,,731,23631,21.094488,,,
FFIU,Fieldstone UVA Unconstrained Medium-Term Fixed Income ETF,Long-Term Bond,Spinnaker ETF Trust,47894392.0,0.039300002,0.018940901,-0.0033939,47894392.0,21.41832,21.47,21.48,,2571,6944,,,3.93,
FFLC,Fidelity Covington Trust - Fidelity Fundamental Large Cap Core ETF,,,,,,,,,45.73,45.07,,47745,152876,,,,
FFLG,Fidelity Covington Trust - Fidelity Fundamental Large Cap Growth ETF,,,,,,,,,24.37,23.96,,12569,80115,,,,
FFLS,The Future Fund Long/Short ETF,Long-Short Equity,The Future Fund,38050848.0,0.0017,,,38050848.0,24.41,24.4952,24.4,,727,5838,25.965809,,0.17,
FFLV,,Large Value,Fidelity Investments,9937720.0,0.0179,,,9937720.0,21.21177,21.37,21.25,,1455,8166,16.821344,,1.79,
FFND,One Global ETF,Large Growth,The Future Fund,68384456.0,0.0,0.1610364,,68384456.0,25.97,26.0917,25.85,,12264,19385,23.353579,,0.0,
FFOG,Franklin Templeton ETF Trust - Franklin Focused Growth ETF,,,,,,,,,40.67,39.85,,14617,23644,43.670414,,,
FFSM,Fidelity Covington Trust - Fidelity Fundamental Small-Mid Cap ETF,,,,,,,,,25.9,25.7,,26343,345339,,,,
FFTY,Innovator IBD 50 ETF,Mid-Cap Growth,Innovator ETFs,60915328.0,0.0112,0.0028161001,-0.0051909,60915328.0,29.4959,29.37,28.9,,47559,90147,26.282627,,1.12,
FGD,First Trust Dow Jones Global Select Dividend Index Fund,Foreign Large Value,First Trust,646412864.0,0.0556,0.086879596,0.1592512,646412860.0,26.04,26.04,25.93,,327960,174522,9.486481,,5.56,
FGDL,Franklin Responsibly Sourced Gold ETF,Equity Precious Metals,Franklin Templeton Investments,235556608.0,0.0,,,235556608.0,44.5664,43.9,44.83,,61136,125344,,,0.0,
FGM,First Trust Germany AlphaDEX Fund,Miscellaneous Region,First Trust,14988828.0,0.0167,0.1321739,0.1071151,14988828.0,53.43,53.88,55.0,,9062,11785,13.634234,,1.67,
FGSM,Frontier Asset Global Small Cap Equity ETF,Global Small/Mid Stock,"Frontier Asset Management, LLC",60778108.0,,,,60778108.0,25.77,25.7142,25.75,,2640,6779,13.396594,,,
FHDG,FT Vest U.S. Equity Quarterly Dynamic Buffer ETF,Defined Outcome,First Trust,15054681.0,,,,15054681.0,30.71,30.87,30.69,,7891,11268,24.681986,,,
FHEQ,Fidelity Hedged Equity ETF,Equity Hedged,Fidelity Investments,550797760.0,0.0073,,,550797760.0,27.34485,27.4962,27.18,,33754,128753,23.639507,,0.73,
FHLC,Fidelity MSCI Health Care Index ETF,Health,Fidelity Investments,2571831808.0,0.0152,0.0144755,0.060345802,2571831810.0,61.64456,61.77,61.36,,125957,163287,23.510752,,1.52,
FHYS,Federated Hermes Short Duration High Yield ETF,High Yield Bond,Federated,29200532.0,0.0646,0.073169,,29200532.0,22.92,22.98,22.95,,16155,11600,,,6.46,
FIAT,YieldMax Short COIN Option Income Strategy ETF,Derivative Income,YieldMax ETFs,51078320.0,,,,51078320.0,5.3153,5.16,5.35,,586110,616185,,,,
FIAX,Nicholas Fixed Income Alternative ETF,Nontraditional Bond,Nicholas Wealth Management,155797152.0,0.0876,,,155797152.0,17.9958,18.1,18.06,,20386,16047,18.016117,,8.76,
FIBR,iShares U.S. Fixed Income Balanced Risk Systematic ETF,Corporate Bond,iShares,70064024.0,0.0514,0.0473634,0.0075362003,70064024.0,87.32198,87.318,87.4,,196,4704,10.917099,,5.14,
FICS,First Trust International Developed Cap Strength ETF,Foreign Large Growth,First Trust,197023568.0,0.02,0.1021968,,197023568.0,39.63,39.59,39.35,,76075,39192,21.189749,,2.0,
FID,First Trust S&P International Dividend Aristocrats ETF,Foreign Large Value,First Trust,92115024.0,0.039,0.0709046,0.1174016,92115024.0,18.54,18.48,18.5045,,18474,26865,13.506001,,3.9,
FIDI,Fidelity International High Dividend ETF,Foreign Large Value,Fidelity Investments,118933200.0,0.0498,0.1001827,0.1433055,118933200.0,23.09381,23.11,22.87,,47482,50060,13.742622,,4.98,
FIDU,Fidelity MSCI Industrials Index ETF,Industrials,Fidelity Investments,1237129728.0,0.0149,0.1773151,0.1879245,1237129730.0,73.67008,73.88,73.01,,24610,84022,25.59071,,1.49,
FIG,Simplify Macro Strategy ETF,Moderate Allocation,Simplify Asset Management,11164284.0,0.0311,0.0282686,,11164284.0,23.8134,23.505,23.45,,6842,5584,21.154215,,3.11,
FIGB,Fidelity Investment Grade Bond ETF,Intermediate Core Bond,Fidelity Investments,197569984.0,0.0419,0.0183258,,197569984.0,42.30098,42.39,42.3,,20690,36782,,,4.19,
FIIG,First Trust Intermediate Duration Investment Grade Corporate ETF,Corporate Bond,First Trust Advisors L.P.,469444896.0,0.044699997,,,469444896.0,20.44,20.37,20.44,,122186,158333,,,4.47,
FILL,iShares MSCI Global Energy Producers ETF,Equity Energy,iShares,74306912.0,0.0448,0.018218,0.1801112,74306912.0,22.93296,22.75,22.6,54759120.0,4909,10180,12.35893,,4.48,
FINE,Themes European Luxury ETF,Consumer Cyclical,Themes ETF Trust,614252.0,0.0105,,,614252.0,21.8447,22.0716,21.8542,,11,423,23.868483,,1.05,
FINT,Frontier Asset Total International Equity ETF,Foreign Large Blend,"Frontier Asset Management, LLC",46729656.0,,,,46729656.0,27.98,27.88,27.87,,2635,5041,14.124422,,,
FINX,Global X FinTech ETF,Technology,Global X Funds,262589456.0,0.008,0.0786763,0.0096736,262589456.0,30.24,30.29,29.78,,15393,63969,27.79914,,0.8,
FIRI,FIRE Funds Income Target ETF,Moderate Allocation,Fire ETFs,1137832.0,,,,1137832.0,19.0434,19.12,19.04,,4904,960,,,,
FIRS,FIRE Funds Wealth Builder ETF,Moderate Allocation,Fire ETFs,3334151.0,,,,3334151.0,20.7281,20.8239,20.88,,796,2922,21.641533,,,
FISR,SPDR SSGA Fixed Income Sector Rotation ETF,Intermediate Core Bond,SPDR State Street Global Advisors,364695776.0,0.0369,0.0049827998,-0.0173967,364695776.0,25.23136,25.2,25.233,,24776,114852,,,3.69,
FITE,SPDR S&P Kensho Future Security ETF,Technology,SPDR State Street Global Advisors,66577548.0,0.0016,0.1454037,0.1484854,66577548.0,68.25946,68.5822,68.21,,1436,11484,29.704395,,0.16,
FIVA,Fidelity International Value Factor ETF,Foreign Large Value,Fidelity Investments,195609088.0,0.0317,0.127384,0.1469552,195609088.0,28.6027,28.7,28.35,,33340,85555,12.058387,,3.17,
FIVY,YieldMax Dorsey Wright Hybrid 5 Income ETF,,,,,,,,,38.47,38.04,,3676,8000,23.943985,,,
FIW,First Trust Water ETF,Natural Resources,First Trust,1711437440.0,0.0074,0.123631,0.1543086,1711437440.0,104.37,104.46,103.49,,26705,48366,24.510403,,0.74,
FIXD,First Trust Smith Opportunistic Fixed Income ETF,Intermediate Core-Plus Bond,First Trust,3613172480.0,0.0432,0.0095759,-0.0122118,3613172480.0,43.01,42.84,42.99,,1270124,748596,,,4.32,
FIXP,FolioBeyond Enhanced Fixed Income Premium ETF,Intermediate Core-Plus Bond,FolioBeyond,10817241.0,,,,10817241.0,19.5783,19.5833,19.56,,1379,3285,13.679484,,,
FJAN,FT Vest U.S. Equity Buffer ETF - January,Defined Outcome,First Trust,970862272.0,0.0,0.1230259,,970862270.0,45.42,45.68,45.19,,185909,71001,24.939083,,0.0,
FJP,First Trust Japan AlphaDEX Fund,Japan Stock,First Trust,159133760.0,0.0241,0.1146513,0.084979296,159133760.0,58.25,57.37,57.4662,,6316,12668,10.076067,,2.41,
FJUL,FT Vest U.S. Equity Buffer ETF - July,Defined Outcome,First Trust,950102464.0,0.0,0.1349545,,950102460.0,48.86,49.1232,48.61,,6400,61069,24.943659,,0.0,
FJUN,FT Vest U.S. Equity Buffer ETF - June,Defined Outcome,First Trust,908261888.0,0.0,0.1352607,,908261890.0,51.16,51.48,51.07,,14531,34334,24.924244,,0.0,
FKU,First Trust United Kingdom AlphaDEX Fund,Miscellaneous Region,First Trust,55185332.0,0.0359,0.1327433,0.1513075,55185332.0,45.28,45.14,45.2325,,1057,7120,14.540213,,3.59,
FLAO,AIM ETF Products Trust - AllianzIM U.S. Equity 6 Month Floor5 Apr/Oct ETF,,,,,,,,,26.9598,26.83,,33,38769,,,,
FLAU,Franklin FTSE Australia ETF,Miscellaneous Region,Franklin Templeton Investments,53840912.0,0.0324,0.0617295,0.1291523,53840912.0,30.31,30.0445,30.23,,2244,13039,20.217566,,3.24,
FLAX,Franklin FTSE Asia ex Japan ETF,Pacific/Asia ex-Japan Stk,Franklin Templeton Investments,28235970.0,0.030199999,0.0644816,0.077870004,28235970.0,24.93,24.6727,24.7375,,3703,7225,14.907738,,3.02,
FLBL,Franklin Senior Loan ETF,Bank Loan,Franklin Templeton Investments,1048113024.0,0.0763,0.083856404,0.065798305,1048113020.0,24.07,24.155,24.13,,108290,599936,,,7.63,
FLBR,Franklin FTSE Brazil ETF,Latin America Stock,Franklin Templeton Investments,188597904.0,0.0639,0.0230914,0.11117931,188597904.0,17.34,17.38,16.98,,25843,80358,9.97673,,6.39,
FLCA,Franklin FTSE Canada ETF,Miscellaneous Region,Franklin Templeton Investments,415840576.0,0.023599999,0.09509481,0.1597355,415840576.0,40.32,40.01,40.08,,10648,24101,20.11742,,2.36,
FLCB,Franklin U.S. Core Bond ETF,Intermediate Core Bond,Franklin Templeton Investments,2555923968.0,0.0417,0.015552599,-0.0098463,2555923970.0,21.08,21.05,21.11,,259676,422785,,,4.17,
FLCC,Federated Hermes MDT Large Cap Core ETF,Large Blend,Federated,21343708.0,,,,21343708.0,28.68,28.5044,28.34,,774,11358,22.349611,,,
FLCE,Frontier Asset U.S. Large Cap Equity ETF,Large Blend,"Frontier Asset Management, LLC",41654164.0,,,,41654164.0,24.68,24.8,24.59,,5137,9892,24.949297,,,
FLCG,Federated Hermes MDT Large Cap Growth ETF,Large Growth,Federated,191114272.0,,,,191114272.0,28.15,28.16,27.7732,,3372,118658,29.407446,,,
FLCH,Franklin FTSE China ETF,China Region,Franklin Templeton Investments,166754400.0,0.025999999,0.058686,0.0072205,166754400.0,21.41,21.4088,21.29,,35837,90434,12.875227,,2.6,
FLCO,Franklin Investment Grade Corporate ETF,Corporate Bond,Franklin Templeton Investments,587014464.0,0.044299997,0.0262603,-0.0022594,587014460.0,21.03,21.02,21.05,,18075,77601,,,4.43,
FLCV,Federated Hermes MDT Large Cap Value ETF,Large Value,Federated,30407540.0,,,,30407540.0,28.21,28.2174,28.003,,970,6209,17.547424,,,
FLDB,Fidelity Low Duration Bond ETF,Ultrashort Bond,Fidelity Investments,373947264.0,0.048699997,,,373947264.0,50.46892,50.5,50.5,,22,2022,,,4.87,
FLDR,Fidelity Low Duration Bond Factor ETF,Ultrashort Bond,Fidelity Investments,816651840.0,0.0519,0.0493012,0.0300986,816651840.0,50.02761,50.025,50.08,,153603,185334,,,5.19,
FLDZ,RiverNorth Patriot ETF,Mid-Cap Blend,TrueShares,3787201.0,0.0119,0.0953379,,3787201.0,27.8945,28.8685,27.94,,0,160,18.226423,,1.19,
FLEE,Franklin FTSE Europe ETF,Europe Stock,Franklin Templeton Investments,89785552.0,0.034,0.1354699,0.1404842,89785552.0,33.33,33.5736,33.2189,,11272,31182,17.261213,,3.4,
FLEU,Franklin FTSE Eurozone ETF,Europe Stock,Franklin Templeton Investments,22908780.0,0.026700001,0.1426075,0.15079449,22908780.0,29.93,30.359,30.3,,53386,17123,16.221912,,2.67,
FLGB,Franklin FTSE United Kingdom ETF,Miscellaneous Region,Franklin Templeton Investments,747968320.0,0.0395,0.1242392,0.1445962,747968320.0,30.47,30.37,30.24,,42837,148720,18.034172,,3.95,
FLGR,Franklin FTSE Germany ETF,Miscellaneous Region,Franklin Templeton Investments,42030240.0,0.019199999,0.1962429,0.1479651,42030240.0,32.47,32.8856,32.43,,11829,24147,17.63728,,1.92,
FLGV,Franklin U.S. Treasury Bond ETF,Intermediate Government,Franklin Templeton Investments,1005968576.0,0.040999997,0.0072001,,1005968580.0,20.2,20.19,20.25,,34198,204623,,,4.1,
FLHK,Franklin FTSE Hong Kong ETF,China Region,Franklin Templeton Investments,12483120.0,0.0434,-0.0082999,0.0241833,12483120.0,19.08,19.0106,18.93,,2901,4560,13.978983,,4.34,
FLHY,Franklin High Yield Corporate ETF,High Yield Bond,Franklin Templeton Investments,566996864.0,0.066199996,0.080773294,0.0578044,566996860.0,23.81,23.8,23.79,,61216,157458,,,6.62,
FLIA,Franklin International Aggregate Bond ETF,Global Bond-USD Hedged,Franklin Templeton Investments,673424448.0,0.0294,0.0211378,0.0030973,673424450.0,20.35,20.3,20.35,,39861,125595,33.635174,,2.94,
FLIN,Franklin FTSE India ETF,India Equity,Franklin Templeton Investments,2008201472.0,0.0156,0.1178486,0.1916055,2008201470.0,38.95,38.45,38.83,,262667,452528,24.557037,,1.56,
FLJH,Franklin FTSE Japan Hedged ETF,Japan Stock,Franklin Templeton Investments,85843440.0,0.0517,0.2000877,0.1855727,85843440.0,31.55,31.3,31.11,,10097,19073,13.985355,,5.17,
FLJJ,Allianzim U.S. Large Cap 6 Month Floor5 Jan/Jul ETF,Defined Outcome,AllianzIM,32864808.0,0.0,,,32864808.0,28.7134,28.726,28.5868,,6608,43368,24.714205,,0.0,
FLJP,Franklin FTSE Japan ETF,Japan Stock,Franklin Templeton Investments,2080286848.0,0.0425,0.1065185,0.090051,2080286850.0,31.47,31.01,30.99,,510359,803930,14.043805,,4.25,
FLKR,Franklin FTSE South Korea ETF,Miscellaneous Region,Franklin Templeton Investments,115565568.0,0.064,-0.016279401,0.0524168,115565568.0,20.09,19.98,20.05,,29827,36041,9.539103,,6.4,
FLLA,Franklin FTSE Latin America ETF,Latin America Stock,Franklin Templeton Investments,30912252.0,0.057800002,0.0445258,0.1265118,30912252.0,21.33,21.3151,21.0,,18131,18787,10.6603775,,5.78,
FLMB,Franklin Municipal Green Bond ETF,Muni National Long,Franklin Templeton Investments,110005168.0,0.039300002,0.0257758,-0.0014598999,110005168.0,22.88,22.902,22.82,,31691,34895,,,3.93,
FLMI,Franklin Dynamic Municipal Bond ETF,High Yield Muni,Franklin Templeton Investments,598297472.0,0.041100003,0.0458491,0.025095401,598297470.0,24.03,24.08,24.07,,156999,271612,,,4.11,
FLMX,Franklin FTSE Mexico ETF,Miscellaneous Region,Franklin Templeton Investments,46627904.0,0.027,0.093188696,0.1777315,46627904.0,29.84,29.5,29.33,,20985,45969,11.863941,,2.7,
FLN,First Trust Latin America AlphaDEX Fund,Latin America Stock,First Trust,12039923.0,0.0468,0.0422514,0.1287354,12039923.0,19.26,19.3442,19.33,,1174,6641,10.061495,,4.68,
FLOT,iShares Floating Rate Bond ETF,Ultrashort Bond,iShares,8808970240.0,0.0551,0.0543184,0.0357339,8808970200.0,50.88753,50.9,50.92,,918014,2025073,,,5.51,
FLOW,Global X U.S. Cash Flow Kings 100 ETF,Mid-Cap Value,Global X Funds,10239353.0,0.0228,,,10239353.0,30.45,30.6239,30.475,,386,5360,12.840886,,2.28,
FLQL,Franklin U.S. Large Cap Multifactor Index ETF,Large Blend,Franklin Templeton Investments,1327541248.0,0.012200001,0.152449,0.1574904,1327541250.0,58.98,59.35,58.62,,16031,105068,24.218262,,1.22,
FLQM,Franklin U.S. Mid Cap Multifactor Index ETF,Mid-Cap Blend,Franklin Templeton Investments,1515491456.0,0.0139999995,0.110119894,0.1458572,1515491460.0,53.01,53.51,52.67,,75494,221796,17.66891,,1.4,
FLQS,Franklin U.S. Small Cap Multifactor Index ETF,Small Blend,Franklin Templeton Investments,42090072.0,0.0156,0.089637496,0.12508939,42090072.0,39.72,39.8942,39.54,,4603,4473,16.195005,,1.56,
FLRG,Fidelity U.S. Multifactor ETF,Large Blend,Fidelity Investments,205786912.0,0.0154,0.1470033,,205786912.0,34.31541,34.46,34.18,,21071,35125,20.666313,,1.54,
FLRN,SPDR Bloomberg Investment Grade Floating Rate ETF,Ultrashort Bond,SPDR State Street Global Advisors,2753574912.0,0.055,0.054556597,0.0356575,2753574910.0,30.74589,30.75,30.77,,675879,1118093,,,5.5,
FLRT,Pacer Pacific Asset Floating Rate High Income ETF,Bank Loan,Pacer,471076352.0,0.0759,0.091542594,0.067557804,471076352.0,47.1088,47.11,47.1,,56927,142133,10.915024,,7.59,
FLSA,Franklin FTSE Saudi Arabia ETF,Miscellaneous Region,Franklin Templeton Investments,17410536.0,0.0304,-0.0193888,0.113677196,17410536.0,33.63,34.51,33.94,,394,1325,17.447357,,3.04,
FLSP,Franklin Systematic Style Premia ETF,Multistrategy,Franklin Templeton Investments,336686464.0,0.0117,0.0521705,0.040939104,336686464.0,24.34,24.05,24.43,,17728,56939,18.352283,,1.17,
FLSW,Franklin FTSE Switzerland ETF,Miscellaneous Region,Franklin Templeton Investments,52354444.0,0.0174,0.099547595,0.1045829,52354444.0,38.05,37.9769,37.74,,2749,15096,23.308786,,1.74,
FLTB,Fidelity Limited Term Bond ETF,Short-Term Bond,Fidelity Investments,225521696.0,0.0424,0.0411284,0.018305399,225521696.0,50.00675,50.04,50.14,,16180,25863,,,4.24,
FLTR,VanEck IG Floating Rate ETF,Ultrashort Bond,VanEck,2340573440.0,0.0558,0.059605297,0.041104898,2340573440.0,25.43,25.43,25.43,,516583,1389960,,,5.58,
FLTW,Franklin FTSE Taiwan ETF,China Region,Franklin Templeton Investments,320502208.0,0.0207,0.108611405,0.1660735,320502208.0,49.15,49.03,48.44,,108194,143265,17.193275,,2.07,
FLUD,Franklin Ultra Short Bond ETF,Ultrashort Bond,Franklin Templeton Investments,101171264.0,0.0473,0.048996,,101171264.0,24.95,24.955,24.9439,,320,34146,,,4.73,
FLV,American Century Focused Large Cap Value ETF,Large Value,American Century Investments,248800576.0,0.0195,0.0810643,0.1258953,248800576.0,67.8545,67.9499,67.67,,76302,16884,20.10163,,1.95,
FLXR,TCW Flexible Income ETF,Multisector Bond,TCW ETF,925783936.0,0.059699997,0.057372898,0.037605,925783940.0,38.9134,39.0,39.03,,428276,287758,,,5.97,
FMAG,Fidelity Magellan ETF,Large Growth,Fidelity Investments,206439392.0,0.0013,0.19010821,,206439392.0,31.98684,32.213,31.84,,13963,67398,0.99163824,,0.13,
FMAR,FT Vest U.S. Equity Buffer ETF - March,Defined Outcome,First Trust,828370944.0,0.0,0.113501996,,828370940.0,43.06,43.25,42.9999,,76848,81238,24.81216,,0.0,
FMAT,Fidelity MSCI Materials Index ETF,Natural Resources,Fidelity Investments,402029728.0,0.0173,0.030525802,0.1291081,402029728.0,48.56783,48.54,48.08,,19099,75536,23.649294,,1.73,
FMAY,FT Vest U.S. Equity Buffer ETF - May,Defined Outcome,First Trust,821636096.0,0.0,0.1043068,0.090490796,821636100.0,47.87,48.11,47.7,,67665,32206,25.310291,,0.0,
FMB,First Trust Managed Municipal ETF,Muni National Interm,First Trust,1930509056.0,0.033299997,0.0247987,0.009293,1930509060.0,49.59,49.44,49.52,,165502,254368,,,3.33,
FMCE,FM Compounders Equity ETF,Large Growth,First Manhattan Co.,59116392.0,,,,59116392.0,25.37,26.0793,25.27,,403,922,,,,
FMCX,FMC Excelsior Focus Equity ETF,Large Blend,First Manhattan Co.,95492752.0,0.0025,0.12024531,,95492752.0,30.86,31.03,31.05,,50,1033,,,0.25,
FMDE,Fidelity Enhanced Mid Cap ETF,Mid-Cap Blend,Fidelity Investments,2394847744.0,0.012200001,0.119011,0.1518748,2394847740.0,32.78519,32.92,32.51,,310966,435598,20.868748,,1.22,
FMED,Fidelity Disruptive Medicine ETF,Health,Fidelity Investments,50906168.0,0.0047,0.0145563,-0.0046482,50906168.0,23.01835,23.0808,22.92,,2739,5133,37.393692,,0.47,
FMET,Fidelity Metaverse ETF,Communications,Fidelity Investments,29495904.0,0.0094,0.0957348,,29495904.0,30.09644,30.424,30.1256,,1783,5430,24.160194,,0.94,
FMF,First Trust Managed Futures Strategy Fund,Systematic Trend,First Trust,152287040.0,0.0481,-0.015404,0.028805,152287040.0,45.04,44.86,44.94,,18486,26003,,,4.81,
FMHI,First Trust Municipal High Income ETF,High Yield Muni,First Trust,740687424.0,0.041500002,0.0322268,0.0270174,740687420.0,46.5,46.39,46.24,,92386,130206,,,4.15,
FMNY,First Trust New York High Income Municipal ETF,Muni New York Long,First Trust,19508712.0,0.037100002,0.028487898,,19508712.0,25.81,25.8579,25.88,,3194,2453,,,3.71,
FMQQ,FMQQ The Next Frontier Internet ETF,Diversified Emerging Mkts,FMQQ,29121558.0,0.0042,0.0618269,,29121558.0,14.17,14.0162,14.08,,2199,5001,30.613956,,0.42,
FMTM,MarketDesk Focused U.S. Momentum ETF,,,,,,,,,25.4321,25.47,,3009,18952,25.212679,,,
FMUB,Fidelity Municipal Bond Opportunities ETF,,,,,,,,,49.27,49.37,,2800,2935,,,,
FMUN,Fidelity Systematic Municipal Bond Index ETF,,,,,,,,,48.41,48.33,,9766,12009,,,,
FNCL,Fidelity MSCI Financials Index ETF,Financial,Fidelity Investments,2110831488.0,0.0159,0.1574962,0.20067391,2110831490.0,70.23049,70.49,69.65,,66819,154550,16.819803,,1.59,
FNDA,Schwab Fundamental U.S. Small Company ETF,Small Blend,Schwab ETFs,7860161024.0,0.0163,0.0589164,0.1444353,7860161000.0,27.28,27.38,26.96,,564242,1871706,17.242794,,1.63,
FNDB,Schwab Fundamental U.S. Broad Market ETF,Large Value,Schwab ETFs,857684160.0,0.0185,0.1058631,0.1680262,857684160.0,22.8,22.9,22.71,,84684,131615,18.078072,,1.85,
FNDC,Schwab Fundamental International Small Equity ETF,Foreign Small/Mid Value,Schwab ETFs,2729644288.0,0.0322,0.091002196,0.116897,2729644290.0,39.72,39.4,39.46,,252215,538822,13.505537,,3.22,
FNDE,Schwab Fundamental Emerging Markets Equity ETF,Diversified Emerging Mkts,Schwab ETFs,6409664512.0,0.0463,0.1071677,0.1269824,6409664500.0,32.05,31.92,31.8,,442721,856104,10.283565,,4.63,
FNDF,Schwab Fundamental International Equity ETF,Foreign Large Value,Schwab ETFs,15096220672.0,0.0357,0.11232781,0.156501,15096220700.0,38.6,38.58,38.35,,1436598,1429041,12.8361435,,3.57,
FNDX,Schwab Fundamental U.S. Large Company ETF,Large Value,Schwab ETFs,16777099264.0,0.0187,0.1095488,0.16985911,16777099300.0,23.35,23.45,23.22,,2332717,3715617,18.168062,,1.87,
FNGG,Direxion Daily NYSE FANG+ Bull 2X Shares,Trading--Leveraged Equity,Direxion Funds,93025856.0,0.0113,0.4819841,,93025856.0,173.564,176.4869,170.03,,17687,30858,39.546844,,1.13,
FNK,First Trust Mid Cap Value AlphaDEX Fund,Mid-Cap Value,First Trust,185431200.0,0.0196,0.0616539,0.1643657,185431200.0,49.62,49.8373,49.235,,4846,16658,10.918408,,1.96,
FNOV,FT Vest U.S. Equity Buffer ETF - November,Defined Outcome,First Trust,820611520.0,0.0,0.1099659,0.0992712,820611520.0,47.77,48.0392,47.56,,4876,63652,24.871693,,0.0,
FNX,First Trust Mid Cap Core AlphaDEX Fund,Mid-Cap Blend,First Trust,1055343872.0,0.0148,0.08260491,0.1483078,1055343870.0,109.88,110.26,108.55,,10482,40276,14.517312,,1.48,
FNY,First Trust Mid Cap Growth AlphaDEX Fund,Mid-Cap Growth,First Trust,349450176.0,0.006,0.1046684,0.1170909,349450176.0,78.28,78.23,77.795,,5093,24404,24.232716,,0.6,
FOCT,FT Vest U.S. Equity Buffer ETF - October,Defined Outcome,First Trust,787453440.0,0.0,0.0959361,,787453440.0,42.58,42.81,42.55,,5101,69839,24.861742,,0.0,
FOPC,Frontier Asset Opportunistic Credit ETF,Intermediate Core-Plus Bond,"Frontier Asset Management, LLC",35076592.0,,,,35076592.0,25.32,25.3,25.3397,,2550,4823,,,,
FORH,Formidable ETF,Global Small/Mid Stock,Formidable Funds,19498758.0,0.0,-0.0030034,,19498758.0,22.42,22.296,22.24,,2063,2558,16.921255,,0.0,
FOVL,iShares Focused Value Factor ETF,Mid-Cap Value,iShares,23383732.0,0.026400002,0.1265277,0.2066683,23383732.0,69.54301,69.5762,68.9768,,938,5550,12.300413,,2.64,
FOWF,Pacer Solactive Whitney Future of Warfare ETF,Industrials,Pacer,1295431.0,,,,1295431.0,27.3497,24.6695,27.22,,335,485,23.847754,,,
FOXY,Simplify Currency Strategy ETF,Single Currency,Simplify Asset Management,14684226.0,,,,14684226.0,26.0104,25.961,25.78,,5068,11039,,,,
FPA,First Trust Asia Pacific Ex-Japan AlphaDEX Fund,Pacific/Asia ex-Japan Stk,First Trust,14879678.0,0.0341,0.0664548,0.1178467,14879678.0,31.79,31.36,31.95,,615,2507,10.104515,,3.41,
FPAG,FPA Global Equity ETF,Global Large-Stock Value,FPA,184590608.0,0.0127,0.1499947,,184590608.0,31.54,31.69,31.389,,5297,24234,20.063482,,1.27,
FPAS,FPA Short Duration Government ETF,Short Government,FPA,1909190.0,,,,1909190.0,25.04,25.0686,25.14,,1301,1746,,,,
FPE,First Trust Preferred Securities and Income ETF,Preferred Stock,First Trust,5621135872.0,0.0582,0.054087803,0.0460723,5621135900.0,17.41,17.38,17.37,,665904,1458304,,,5.82,
FPEI,First Trust Institutional Preferred Securities and Income ETF,Preferred Stock,First Trust,1499964160.0,0.0563,0.0631075,0.0579779,1499964160.0,18.56,18.53,18.54,,183855,494642,,,5.63,
FPFD,Fidelity Preferred Securities & Income ETF,Preferred Stock,Fidelity Investments,54588276.0,0.051,0.061809603,,54588276.0,21.13545,21.2175,21.22,,7399,16187,,,5.1,
FPRO,Fidelity Real Estate Investment ETF,Real Estate,Fidelity Investments,14664665.0,0.0241,0.0114801,,14664665.0,22.13184,22.16,22.105,,1343,5971,0.702673,,2.41,
FPX,First Trust US Equity Opportunities ETF,Mid-Cap Growth,First Trust,773666688.0,0.00090000004,0.1536129,0.116516896,773666690.0,133.26,132.4,130.75,,21710,28868,32.104404,,0.09,
FPXE,First Trust IPOX Europe Equity Opportunities ETF,Europe Stock,First Trust,4123923.0,0.0173,0.1270839,0.074049205,4123923.0,29.51,29.33,29.54,,341,1971,22.137005,,1.73,
FPXI,First Trust International Equity Opportunities ETF,Foreign Large Growth,First Trust,137258160.0,0.0088,0.071382,0.042133097,137258160.0,52.64,52.6,51.77,,2809,11269,24.15319,,0.88,
FQAL,Fidelity Quality Factor ETF,Large Blend,Fidelity Investments,999994432.0,0.0128999995,0.1402791,0.1498997,999994430.0,66.04722,66.4,65.7,,30401,58503,25.464497,,1.29,
FRDM,Freedom 100 Emerging Markets ETF,Diversified Emerging Mkts,"Life + Liberty Investments, LLC",1007478784.0,0.0297,0.099967696,0.1528926,1007478780.0,38.1715,38.18,38.19,,175641,161880,13.089811,,2.97,
FREL,Fidelity MSCI Real Estate Index ETF,Real Estate,Fidelity Investments,1038876288.0,0.0353,0.009316401,0.074585,1038876290.0,26.40254,26.38,26.3,,149815,243436,31.59368,,3.53,
FRI,First Trust S&P REIT Index Fund,Real Estate,First Trust,146199120.0,0.0347,0.0267938,0.0927711,146199120.0,26.6,26.59,26.53,,13021,49268,31.618536,,3.47,
FRNW,Fidelity Clean Energy ETF,Miscellaneous Sector,Fidelity Investments,21716872.0,0.0146,-0.1208573,,21716872.0,14.29273,14.158,14.01,,13766,7215,19.253109,,1.46,
FRTY,Alger Mid Cap 40 ETF,Mid-Cap Growth,Alger,79535704.0,0.0011999999,0.085338004,,79535704.0,17.343,17.3535,17.1001,,8509,46700,33.586704,,0.12,
FSBD,Fidelity Sustainable Core Plus Bond ETF,Intermediate Core-Plus Bond,Fidelity Investments,11721764.0,0.044499997,0.0212188,,11721764.0,46.28922,46.445,46.03,,13,2188,16.019018,,4.45,
FSCC,Federated Hermes MDT Small Cap Core ETF,Small Blend,Federated,12465290.0,,,,12465290.0,24.32,24.3391,24.12,,11867,1949,13.47165,,,
FSCS,First Trust SMID Capital Strength ETF,Mid-Cap Blend,First Trust,27218628.0,0.011,0.1088465,0.1569057,27218628.0,35.15,35.33,35.19,,1589,12058,16.502077,,1.1,
FSEC,Fidelity Investment Grade Securitized ETF,Intermediate Core Bond,Fidelity Investments,3721248000.0,0.0309,0.0134779,,3721248000.0,42.6928,42.63,42.64,,489999,963303,,,3.09,
FSEP,FT Vest U.S. Equity Buffer ETF - September,Defined Outcome,First Trust,773152704.0,0.0,0.11970589,,773152700.0,45.74,46.01,45.6699,,5593,39957,24.860584,,0.0,
FSGS,First Trust SMID Growth Strength ETF,,,,,,,,,29.0294,28.8022,,390,8142,18.728067,,,
FSIG,First Trust Limited Duration Investment Grade Corporate ETF,Short-Term Bond,First Trust,1242303104.0,0.045500003,0.0442353,,1242303100.0,18.91,18.91,18.94,,177341,442496,,,4.55,
FSLD,Fidelity Sustainable Low Duration Bond ETF,Ultrashort Bond,Fidelity Investments,5019010.0,0.048,0.0450323,,5019010.0,50.28519,50.2263,50.3,,82,234,,,4.8,
FSMB,First Trust Short Duration Managed Municipal ETF,Muni National Short,First Trust,447331648.0,0.030199999,0.025762899,0.015523,447331648.0,19.77,19.755,19.77,,66655,117001,,,3.02,
FSMD,Fidelity Small-Mid Multifactor ETF,Small Blend,Fidelity Investments,1456645248.0,0.014400001,0.1015306,0.1453607,1456645250.0,39.98446,40.12,39.69,,186697,676226,17.195267,,1.44,
FSST,Fidelity Sustainable U.S. Equity ETF,Large Blend,Fidelity Investments,14090106.0,0.0057,0.13590279,,14090106.0,25.88367,26.0136,25.85,,328,1742,1.3716003,,0.57,
FSTA,Fidelity MSCI Consumer Staples Index ETF,Consumer Defensive,Fidelity Investments,1352520064.0,0.0215,0.085813105,0.1124708,1352520060.0,51.50346,51.37,51.24,,50832,161226,24.487461,,2.15,
FSYD,Fidelity Sustainable High Yield ETF,High Yield Bond,Fidelity Investments,44198232.0,0.0682,0.0714646,,44198232.0,46.8779,47.0222,46.91,,3444,10550,24.120356,,6.82,
FSZ,First Trust Switzerland AlphaDEX Fund,Miscellaneous Region,First Trust,64488992.0,0.0164,0.115829,0.1354452,64488992.0,74.98,75.08,75.0969,,1923,3807,21.320337,78.936844,1.64,
FTA,First Trust Large Cap Value AlphaDEX Fund,Large Value,First Trust,1069172096.0,0.0222,0.0590689,0.14193611,1069172100.0,74.86,75.16,74.41,,20597,47965,13.888858,,2.22,
FTAG,First Trust Indxx Global Agriculture ETF,Natural Resources,First Trust,5931017.0,0.026500002,-0.046626102,0.1003229,5931017.0,25.78,25.685,25.6725,,167,1322,21.164288,,2.65,
FTBD,Fidelity Tactical Bond ETF,Multisector Bond,Fidelity Investments,26824546.0,0.0471,,,26824546.0,48.26482,48.2595,48.49,,2638,3066,,,4.71,
FTC,First Trust Large Cap Growth AlphaDEX Fund,Large Growth,First Trust,1039339712.0,0.0034999999,0.1582049,0.1492366,1039339710.0,140.85,140.83,139.02,,89782,35460,28.050123,,0.35,
FTCB,First Trust Core Investment Grade ETF,Intermediate Core Bond,First Trust,945755584.0,0.0446,,,945755580.0,20.53,20.53,20.56,,2479341,581831,,,4.46,
FTCE,First Trust Exchange-Traded Fund VI - First Trust New Constructs Core Earnings Leaders ETF,,,,,,,,,20.52,20.44,,4239,3353,,,,
FTCS,First Trust Capital Strength ETF,Large Blend,First Trust,8253023744.0,0.013099999,0.0911156,0.1112679,8253023700.0,89.85,90.56,89.45,,188755,298242,23.17695,,1.31,
FTDS,First Trust Dividend Strength ETF,Mid-Cap Value,First Trust,24669810.0,0.0215,0.070475005,0.133618,24669810.0,50.33,50.7562,50.335,,1396,1163,14.413678,,2.15,
FTEC,Fidelity MSCI Information Technology Index ETF,Technology,Fidelity Investments,11629990912.0,0.0055,0.2107125,0.1938774,11629990900.0,176.99542,179.23,175.72,,478188,472534,35.055645,,0.55,
FTGC,First Trust Global Tactical Commodity Strategy Fund,Commodities Broad Basket,First Trust,2378767360.0,0.0293,-0.0021997,0.1590822,2378767360.0,24.55,24.4,24.28,,603102,579339,,,2.93,
FTGS,First Trust Growth Strength ETF,Large Blend,First Trust,953533824.0,0.0041,,,953533820.0,32.21,32.54,32.0,,121238,226357,24.641424,,0.41,
FTHF,First Trust Emerging Markets Human Flourishing ETF,Diversified Emerging Mkts,First Trust,40702424.0,0.0295,,,40702424.0,24.86,23.7634,24.01,,4,1253,11.795547,,2.95,
FTHI,First Trust BuyWrite Income ETF,Derivative Income,First Trust,1219869824.0,0.0343,0.1069228,0.11086819,1219869820.0,21.81,21.9,21.84,,332930,420047,22.727922,,3.43,
FTIF,First Trust Bloomberg Inflation Sensitive Equity ETF,Mid-Cap Value,First Trust,978445.0,0.0318,,,978445.0,20.49,20.4226,20.59,,0,1193,17.506546,,3.18,
FTKI,First Trust Small Cap BuyWrite Income ETF,Derivative Income,First Trust,910734.0,,,,910734.0,18.34,18.6591,18.86,,1,786,14.697529,,,
FTLS,First Trust Long/Short Equity ETF,Long-Short Equity,First Trust,1933805312.0,0.0159,0.1063841,0.1086856,1933805310.0,64.84,65.01,64.47,,68560,153500,24.606987,,1.59,
FTQI,First Trust Nasdaq BuyWrite Income ETF,Derivative Income,First Trust,574259584.0,0.044,0.090862,0.079493396,574259580.0,18.77,18.85,18.9,,112283,239144,30.004969,,4.4,
FTRB,Federated Hermes Total Return Bond ETF,Intermediate Core-Plus Bond,Federated,312473216.0,0.042600002,,,312473216.0,24.7,24.71,24.74,,87053,92728,8.006028,,4.26,
FTRI,First Trust Indxx Global Natural Resources Income ETF,Natural Resources,First Trust,90738320.0,0.0369,0.0130014,0.1454705,90738320.0,13.74,13.54,13.53,,14099,47066,15.27053,,3.69,
FTSD,Franklin Short Duration U.S. Government ETF,Short Government,Franklin Templeton Investments,216001856.0,0.047399998,0.0363624,0.017339401,216001856.0,90.4539,90.59,90.4,,28437,25380,,,4.74,
FTSL,First Trust Senior Loan Fund,Bank Loan,First Trust,2350908160.0,0.0732,0.0776931,0.0618327,2350908160.0,45.75,45.71,45.69,,157911,348015,,,7.32,
FTSM,First Trust Enhanced Short Maturity ETF,Ultrashort Bond,First Trust,6658835456.0,0.0469,0.0449135,0.027862402,6658835500.0,59.97,59.96,59.98,,457241,1097771,,,4.69,
FTWO,Strive Natural Resources and Security ETF,Miscellaneous Sector,Strive AM,25292990.0,0.0115,,,25292990.0,33.6316,33.11,33.34,,2876,7171,22.747084,,1.15,
FTXG,First Trust Nasdaq Food & Beverage ETF,Consumer Defensive,First Trust,35871216.0,0.0276,-0.024918498,0.061961997,35871216.0,22.44,22.41,22.25,,33379,32887,17.869514,,2.76,
FTXH,First Trust Nasdaq Pharmaceuticals ETF,Health,First Trust,14293799.0,0.0185,-0.0019125999,0.0338957,14293799.0,25.13,25.1039,24.9019,,487,11047,17.152102,,1.85,
FTXL,First Trust Nasdaq Semiconductor ETF,Technology,First Trust,225911328.0,0.0058,0.1192315,0.1593558,225911328.0,81.34,82.74,80.42,,12612,26563,25.567972,,0.58,
FTXN,First Trust Nasdaq Oil & Gas ETF,Equity Energy,First Trust,124293928.0,0.0295,0.006688,0.2123065,124293928.0,26.25,26.16,25.86,,22258,40541,11.589185,,2.95,
FTXO,First Trust Nasdaq Bank ETF,Financial,First Trust,214529152.0,0.024400001,0.0562706,0.1623534,214529152.0,30.54,30.7,30.28,,23643,61784,11.85779,,2.44,
FTXR,First Trust Nasdaq Transportation ETF,Industrials,First Trust,25583220.0,0.025799999,0.0630631,0.1415284,25583220.0,30.89,31.19,30.845,,3492,5222,12.727557,,2.58,
FUMB,First Trust Ultra Short Duration Municipal ETF,Muni National Short,First Trust,197521744.0,0.03,0.0266122,0.0159242,197521744.0,20.06,20.0548,20.07,,24243,66857,,,3.0,
FUNL,CornerCap Fundametrics Large-Cap ETF FUNL,Large Value,CornerCap,183775584.0,0.0185,0.0964568,,183775584.0,41.3491,41.5329,41.44,,148,2803,17.604939,,1.85,
FUSI,American Century Multisector Floating Income ETF,Ultrashort Bond,American Century Investments,50617892.0,0.0588,,,50617892.0,50.6376,50.55,50.567,,660,6117,,,5.88,
FUTY,Fidelity MSCI Utilities Index ETF,Utilities,Fidelity Investments,1723665664.0,0.028099999,0.0699203,0.106817394,1723665660.0,52.23866,51.61,51.97,,187539,199204,20.690857,,2.81,
FV,First Trust Dorsey Wright Focus 5 ETF,Mid-Cap Blend,First Trust,3412599552.0,0.0025,0.0760223,0.1315044,3412599550.0,56.77,56.97,56.24,,55535,153512,19.010477,,0.25,
FVAL,Fidelity Value Factor ETF,Large Value,Fidelity Investments,890679360.0,0.0174,0.113058,0.1547314,890679360.0,60.39006,60.85,60.07,,527178,139904,19.00433,,1.74,
FVC,First Trust Dorsey Wright Dynamic Focus 5 ETF,Tactical Allocation,First Trust,130000888.0,0.0076,0.0090586,0.0888171,130000888.0,35.08,35.06,34.91,,21639,15096,18.279943,,0.76,
FVD,First Trust Value Line Dividend Index Fund,Large Value,First Trust,8949224448.0,0.0238,0.058206502,0.1110052,8949224400.0,44.24,44.24,43.97,8390214656.0,386549,668441,19.220045,,2.38,
FWD,AB Disruptors ETF,Global Large-Stock Growth,AllianceBernstein,603128576.0,0.0,,,603128580.0,80.0714,80.25,79.24,,41517,157058,35.538845,,0.0,
FXA,Invesco CurrencyShares Australian Dollar Trust,Single Currency,Invesco,75854592.0,0.0155,-0.018612,0.0036938,75854592.0,64.13,63.52,63.93,,84986,26577,,,1.55,
FXB,Invesco CurrencyShares British Pound Sterling Trust,Single Currency,Invesco,83782008.0,0.028800001,0.050281502,0.0351213,83782008.0,129.86,129.1,129.86,,18200,23612,,,2.88,
FXC,Invesco CurrencyShares Canadian Dollar Trust,Single Currency,Invesco,84618584.0,0.0159,-0.0079378,0.011698901,84618584.0,71.07,70.5,70.84,,138779,60998,,,1.59,
FXD,First Trust Consumer Discretionary AlphaDEX Fund,Consumer Cyclical,First Trust,333982144.0,0.0109,0.0990276,0.131648,333982144.0,60.9,61.39,60.59,,69397,426371,14.546718,,1.09,
FXE,Invesco CurrencyShares Euro Currency Trust,Single Currency,Invesco,525588480.0,0.0177,0.0342821,0.012296099,525588480.0,104.73,104.08,104.55,215024496.0,140989,232290,,,1.77,
FXED,Sound Enhanced Fixed Income ETF,Conservative Allocation,Sound ETF,39335924.0,0.0688,0.0623004,,39335924.0,17.7132,17.71,17.56,,23749,7846,11.180911,,6.88,
FXF,Invesco CurrencyShares Swiss Franc Trust,Single Currency,Invesco,495227584.0,0.0,0.0523583,0.027509699,495227584.0,108.03,107.04,107.73,,221423,149563,,,0.0,
FXG,First Trust Consumer Staples AlphaDEX Fund,Consumer Defensive,First Trust,287928320.0,0.0191,0.0185435,0.088791706,287928320.0,63.18,63.05,62.9,,47997,29404,17.254786,,1.91,
FXH,First Trust Health Care AlphaDEX Fund,Health,First Trust,892222272.0,0.0039,-0.021421399,0.0241236,892222270.0,99.79,99.98,99.07,,19417,36503,18.389555,,0.39,
FXI,iShares China Large-Cap ETF,China Region,iShares,5750794752.0,0.015800001,0.0849508,0.0143144,5750794800.0,36.04639,35.91,35.79,4656316416.0,27023471,52075133,10.470938,,1.58,
FXL,First Trust Technology AlphaDEX Fund,Technology,First Trust,1195347584.0,0.0004,0.1382902,0.14088,1195347580.0,146.11,147.9909,144.93,,9776,29876,22.732075,,0.04,
FXN,First Trust Energy AlphaDEX Fund,Equity Energy,First Trust,267902656.0,0.0313,-0.0149833,0.20987089,267902656.0,14.61,14.58,14.37,,482484,534063,10.661297,,3.13,
FXO,First Trust Financials AlphaDEX Fund,Financial,First Trust,1959211776.0,0.0228,0.111427404,0.2106315,1959211780.0,52.97,53.13,52.35,,154539,276306,12.270968,,2.28,
FXP,ProShares UltraShort FTSE China 50,Trading--Inverse Equity,ProShares,7656545.0,0.079,-0.3312619,-0.268268,7656545.0,11.4136,11.47,11.47,,2311,29290,,,7.9,
FXR,First Trust Industrials/Producer Durables AlphaDEX Fund,Industrials,First Trust,1673105280.0,0.0085,0.1184918,0.162033,1673105280.0,70.66,71.0,70.225,,28025,132955,18.526222,,0.85,
FXU,First Trust Utilities AlphaDEX Fund,Utilities,First Trust,1513888128.0,0.023,0.1021437,0.132293,1513888130.0,42.49,41.96,42.15,,202801,1113274,17.939049,,2.3,
FXY,Invesco CurrencyShares Japanese Yen Trust,Single Currency,Invesco,958412608.0,0.0,-0.040583402,-0.059783503,958412610.0,64.61,63.97,64.53,132594000.0,428775,540650,,,0.0,
FXZ,First Trust Materials AlphaDEX Fund,Natural Resources,First Trust,210861664.0,0.0196,-0.0598714,0.1281586,210861664.0,53.91,53.76,53.31,,40381,29714,17.532652,,1.96,
FYC,First Trust Small Cap Growth AlphaDEX Fund,Small Growth,First Trust,393300192.0,0.0082,0.0906291,0.1357382,393300192.0,73.27,73.1298,72.54,,13912,44476,20.514906,,0.82,
FYEE,Fidelity Yield Enhanced Equity ETF,Derivative Income,Fidelity Investments,11757558.0,0.0359,,,11757558.0,25.31516,25.48,25.29,,2515,8785,23.356575,,3.59,
FYLD,Cambria Foreign Shareholder Yield ETF,Foreign Small/Mid Value,CAMBRIA ETF TRUST,335584480.0,0.0434,0.081047095,0.1572073,335584480.0,28.1699,28.1,27.88,,17933,72815,9.467598,,4.34,
FYT,First Trust Small Cap Value AlphaDEX Fund,Small Value,First Trust,115921672.0,0.022,0.021704199,0.1313503,115921672.0,48.04,48.3288,47.71,,3232,20803,11.109586,,2.2,
FYX,First Trust Small Cap Core AlphaDEX Fund,Small Blend,First Trust,773616640.0,0.0174,0.051214598,0.1390102,773616640.0,91.33,91.32,90.19,,38933,36100,13.902053,,1.74,
GAA,Cambria Global Asset Allocation ETF,Global Moderate Allocation,CAMBRIA ETF TRUST,53729632.0,0.0416,0.0538949,0.0816003,53729632.0,29.6619,29.48,29.41,,5733,6041,10.751482,,4.16,
GABF,Gabelli Financial Services Opportunities ETF,Financial,Gabelli,35517592.0,0.044499997,0.24253441,,35517592.0,44.413,44.4617,43.79,,1482,7593,,,4.45,
GAEM,Simplify Gamma Emerging Market Bond ETF,Emerging Markets Bond,Simplify Asset Management,11352553.0,,,,11352553.0,25.3811,25.49,25.44,,9,414,,,,
GAL,SPDR SSgA Global Allocation ETF,Global Moderate Allocation,SPDR State Street Global Advisors,244874576.0,0.030199999,0.0774215,0.0910232,244874576.0,45.69091,45.6386,45.4,,9214,13290,17.449034,,3.02,
GAMR,Amplify Video Game Leaders ETF,Communications,Amplify ETFs,36398444.0,0.0058,0.054819196,0.0868689,36398444.0,75.7136,75.1388,75.06,,1384,1526,32.611904,,0.58,
GAPR,FT Vest U.S. Equity Moderate Buffer ETF - April,Defined Outcome,First Trust,208444016.0,0.0,,,208444016.0,37.27,37.34,37.2784,,2510,63539,24.589502,,0.0,
GARP,iShares Trust - iShares MSCI USA Quality GARP ETF,,,,,,,,,56.43,55.43,,40604,80825,,,,
GAST,Gabelli Automation ETF,Technology,Gabelli,5049590.0,0.008,0.0692122,,5049590.0,26.996,24.5098,24.25,,0,117,,,0.8,
GAUG,FT Vest U.S. Equity Moderate Buffer ETF - August,Defined Outcome,First Trust,257835344.0,0.0,,,257835344.0,35.52,35.69,35.43,,28299,64326,24.797907,,0.0,
GBF,iShares Government/Credit Bond ETF,Intermediate Core Bond,iShares,156378288.0,0.0385,0.0132489,-0.0132841,156378288.0,102.33517,102.2888,102.44,,18418,5580,,,3.85,
GBIL,Goldman Sachs Access Treasury 0-1 Year ETF,Ultrashort Bond,Goldman Sachs,6307018752.0,0.047199998,0.0426623,0.0251093,6307018800.0,100.09,100.06,100.1,,460422,897917,,,4.72,
GBLD,Invesco MSCI Green Building ETF,Global Real Estate,Invesco,4921267.0,0.045300003,-0.021182401,,4921267.0,16.73,16.4662,16.61,,44,1576,16.417713,,4.53,
GBTC,Grayscale Bitcoin Trust ETF,Digital Assets,Grayscale,17948041216.0,0.0,0.7282268,0.54939157,17948041200.0,85.74,87.72,85.79,59377651712.0,2741350,2306980,,,0.0,
GBUG,Sprott Active Gold & Silver Miners ETF,Equity Precious Metals,Sprott,34571288.0,,,,34571288.0,24.93,24.42,25.08,,41845,50068,21.366653,,,
GBUY,Goldman Sachs Future Consumer Equity ETF,Global Large-Stock Growth,Goldman Sachs,16696158.0,0.0139999995,0.110774,,16696158.0,34.9,35.0325,34.72,,1160,9593,30.853413,,1.4,
GBXA,,Defined Outcome,Goldman Sachs,5689164.0,,,,5689164.0,24.41,24.6039,24.74,,0,1784,24.923668,,,
GBXB,Goldman Sachs U.S. Large Cap Buffer 2 ETF,Defined Outcome,Goldman Sachs,6166526.0,,,,6166526.0,24.27,24.5596,24.51,,40,3260,24.775944,,,
GBXC,Goldman Sachs U.S. Large Cap Buffer 3 ETF,Defined Outcome,Goldman Sachs,8094248.0,,,,8094248.0,24.31,24.4468,24.28,,4074,5567,24.643171,,,
GCAD,Gabelli Commercial Aerospace & Defense ETF,Industrials,Gabelli,7503003.0,0.0177,,,7503003.0,37.967,37.9719,38.49,,458,1007,,,1.77,
GCAL,Goldman Sachs Dynamic California Municipal Income ETF,Muni California Intermediate,Goldman Sachs,13582057.0,,,,13582057.0,49.21,49.3511,49.4599,,5762,3617,,,,
GCC,WisdomTree Enhanced Commodity Strategy Fund,Commodities Broad Basket,WisdomTree,121974144.0,0.035,0.0041166,,121974144.0,19.629,19.5745,19.56,,20567,57084,,,3.5,
GCOR,Goldman Sachs Access U.S. Aggregate Bond ETF,Intermediate Core Bond,Goldman Sachs,544552320.0,0.0428,0.0116039,,544552320.0,40.51,40.49,40.49,,42403,147119,,,4.28,
GCOW,Pacer Global Cash Cows Dividend ETF,Global Large-Stock Value,Pacer,2189524736.0,0.0396,0.0840311,0.1434643,2189524740.0,37.4559,37.4,37.28,,219853,336615,12.952817,,3.96,
GDE,WisdomTree Efficient Gold Plus Equity Strategy Fund,Large Blend,WisdomTree,78871992.0,0.0621,0.31206092,,78871992.0,44.948,44.55,44.86,,32934,45628,25.535727,,6.21,
GDEC,FT Vest U.S. Equity Moderate Buffer ETF - December,Defined Outcome,First Trust,382057632.0,0.0,,,382057632.0,33.76,33.8982,33.62,,96477,93623,24.687561,,0.0,
GDIV,Harbor Dividend Growth Leaders ETF,Large Blend,Harbor,234151344.0,0.0134000005,0.0791391,0.1253697,234151344.0,14.61882,14.68,14.55,,8099,84361,26.05948,,1.34,
GDMA,Gadsden Dynamic Multi-Asset ETF,Global Moderately Conservative Allocation,Gadsden,115729496.0,0.0229,0.0307112,0.0765235,115729496.0,33.0285,32.96,32.9299,,18480,24847,15.906379,,2.29,
GDMN,WisdomTree Efficient Gold Plus Gold Miners Strategy Fund,Commodities Focused,WisdomTree,36015436.0,0.0561,0.3030706,,36015436.0,49.773,47.95,49.3,,33048,33084,20.229244,,5.61,
GDOC,Goldman Sachs Future Health Care Equity ETF,Health,Goldman Sachs,19903196.0,0.0002,0.0222005,,19903196.0,30.79,30.7324,30.7893,,13,1185,30.90979,,0.02,
GDX,VanEck Gold Miners ETF,Equity Precious Metals,VanEck,15005948928.0,0.0082,0.17895728,0.0874139,15005948900.0,50.52,49.18,50.35,,23604406,23201242,20.331715,,0.82,
GDXJ,VanEck Junior Gold Miners ETF,Equity Precious Metals,VanEck,5342544384.0,0.0182,0.19410999,0.0840369,5342544400.0,64.71,62.82,64.34,,6008847,5624220,21.425117,,1.82,
GDXY,YieldMax Gold Miners Option Income Strategy ETF,Large Blend,YieldMax ETFs,69543328.0,,,,69543328.0,15.2509,14.94,15.1,,213659,171644,,,,
GEM,Goldman Sachs ActiveBeta Emerging Markets Equity ETF,Diversified Emerging Mkts,Goldman Sachs,913507264.0,0.024600001,0.0667406,0.0747069,913507260.0,35.23,35.02,34.82,,100380,130000,13.239434,,2.46,
GEMD,Goldman Sachs Access Emerging Markets USD Bond ETF,Emerging Markets Bond,Goldman Sachs,28260012.0,0.0577,0.03882,,28260012.0,39.95,39.8333,39.84,,3676,28098,,,5.77,
GEME,Pacific NoS Global EM Equity Active ETF,,,,,,,,,26.235,26.09,,10,25228,9.773282,,,
GEND,Genter Capital Dividend Income ETF,Large Value,Genter funds,601651.0,,,,601651.0,10.21994,10.47,10.33,,30,612,17.885727,,,
GENM,Genter Capital Municipal Quality Intermediate ETF,Muni National Interm,Genter funds,4513177.0,,,,4513177.0,10.05469,10.1374,10.11,,4097,8774,,,,
GENT,Genter Capital Taxable Quality Intermediate ETF,Intermediate Core Bond,Genter funds,38393280.0,,,,38393280.0,10.20364,10.235,10.2279,,8949,29166,,,,
GENW,Genter Capital International Dividend ETF,Foreign Large Value,Genter funds,677734.0,,,,677734.0,11.71985,11.705,11.85,,23,1065,12.854755,,,
GFEB,FT Vest U.S. Equity Moderate Buffer ETF - February,Defined Outcome,First Trust,318502624.0,0.0,,,318502624.0,37.5,37.6797,37.4393,,3006,75839,24.719858,,0.0,
GFGF,Guru Favorite Stocks ETF,Large Blend,GuruFocusETF,31885618.0,0.0011,0.1571121,,31885618.0,31.3921,31.6011,31.4113,,6,652,29.048368,,0.11,
GFLW,VictoryShares Free Cash Flow Growth ETF,,,,,,,,,24.56,24.18,,30455,243633,33.94893,,,
GGLL,Direxion Daily GOOGL Bull 2X Shares,Trading--Leveraged Equity,Direxion Funds,217154080.0,0.0517,,,217154080.0,32.496,33.49,32.78,,2591703,1969011,19.55202,,5.17,
GGLS,Direxion Daily GOOGL Bear 1X Shares,Trading--Inverse Equity,Direxion Funds,4912654.0,0.0388,,,4912654.0,13.141,12.96,13.08,,199526,143515,,,3.88,
GGM,GGM Macro Alignment ETF,Large Blend,GGM ETF,19212334.0,0.0148,,,19212334.0,25.73,25.9901,26.0401,,3,741,23.947355,,1.48,
GGME,Invesco Next Gen Media and Gaming ETF,Technology,Invesco,124350960.0,0.0013,0.1382014,0.1367136,124350960.0,54.67,54.9021,54.05,,2925,14785,31.780342,,0.13,
GGRW,Gabelli Growth Innovators ETF,Technology,Gabelli,5673380.0,0.0,0.22648041,,5673380.0,30.885,31.1628,31.0,,605,1146,,,0.0,
GGUS,Goldman Sachs MarketBeta Russell 1000 Growth Equity ETF,Large Growth,Goldman Sachs,280267904.0,0.0070999996,,,280267904.0,53.49,53.9769,53.62,,4115,31984,33.74655,,0.71,
GHMS,Goose Hollow Multi-Strategy Income ETF,Multisector Bond,Goose Hollow ETF,15532079.0,0.0438,,,15532079.0,25.95,25.99,25.89,,1813,4180,26.565027,,4.38,
GHTA,Goose Hollow Tactical Allocation ETF,Tactical Allocation,Goose Hollow ETF,37509484.0,0.0241,0.1134239,,37509484.0,29.91,29.9648,29.955,,1067,6387,18.574423,,2.41,
GHYB,Goldman Sachs Access High Yield Corporate Bond ETF,High Yield Bond,Goldman Sachs,108611472.0,0.0687,0.0719348,0.047257,108611472.0,44.51,44.4455,44.3,,5239,23157,,,6.87,
GHYG,iShares US & Intl High Yield Corp Bond ETF,High Yield Bond,iShares,179033008.0,0.059899997,0.0747139,0.0519414,179033008.0,45.00658,44.96,44.95,,5679,37655,11.003699,,5.99,
GIAX,Nicholas Global Equity and Income ETF,Derivative Income,Nicholas Wealth Management,51203044.0,,,,51203044.0,17.3635,17.5019,17.28,,48604,34441,25.274128,,,
GIGB,Goldman Sachs Access Investment Grade Corporate Bond ETF,Corporate Bond,Goldman Sachs,690938944.0,0.045700002,0.0272022,-0.0029971001,690938940.0,44.93,44.92,44.9001,,41865,130096,,,4.57,
GII,SPDR S&P Global Infrastructure ETF,Infrastructure,SPDR State Street Global Advisors,516295872.0,0.0298,0.086989805,0.1300529,516295872.0,66.55118,66.0,66.02,,28768,36771,19.883684,,2.98,
GIND,Goldman Sachs India Equity ETF,,,,,,,,,26.6209,26.9104,,29,7994,31.657774,,,
GINN,Goldman Sachs Innovate Equity ETF,Technology,Goldman Sachs,202947392.0,0.012999999,0.1289893,,202947392.0,62.54,62.81,62.48,,872,13484,21.975698,,1.3,
GINX,SGI Enhanced Global Income ETF,Global Large-Stock Value,Summit Global Investments,77308656.0,0.0241,,,77308656.0,27.3587,27.37,27.43,,3865,20068,13.344437,,2.41,
GJAN,FT Vest U.S. Equity Moderate Buffer ETF - January,Defined Outcome,First Trust,358527712.0,0.0,,,358527712.0,38.44,38.55,38.29,,56481,29884,24.687185,,0.0,
GJUL,FT Vest U.S. Equity Moderate Buffer ETF - July,Defined Outcome,First Trust,300642496.0,0.0,,,300642496.0,36.8,36.92,36.67,,18342,54777,24.836834,,0.0,
GJUN,FT Vest U.S. Equity Moderate Buffer ETF - June,Defined Outcome,First Trust,266925136.0,0.0,,,266925136.0,36.04,36.18,35.94,,7442,28588,24.836723,,0.0,
GK,AdvisorShares Gerber Kawasaki ETF,Large Growth,AdvisorShares,21625016.0,0.0,0.082720205,,21625016.0,21.585,21.9164,21.7,,163,2536,37.592663,,0.0,
GLBL,,Global Large-Stock Blend,Pacer,808236.0,,,,808236.0,21.2023,20.2298,20.46,,0,68,25.884773,,,
GLCR,GlacierShares Nasdaq Iceland ETF,,,,,,,,,25.0506,25.0506,,1064,804,13.889228,,,
GLD,SPDR Gold Shares,Commodities Focused,SPDR State Street Global Advisors,100214767616.0,0.0,0.21468611,0.1367185,100214768000.0,308.08685,303.11,308.86,80627924992.0,13257061,12239884,,,0.0,
GLDM,SPDR Gold MiniShares,Commodities Focused,SPDR State Street Global Advisors,14614512640.0,0.0,0.2182365,0.1396993,14614512600.0,66.20408,65.15,66.38,,4439579,4537906,,,0.0,
GLDY,Defiance Gold Enhanced Options Income ETF,,,,,,,,,19.015,19.35,,3157,4343,,,,
GLIN,VanEck India Growth Leaders ETF,India Equity,VanEck,136853424.0,0.0395,0.1319631,0.1800496,136853424.0,46.23,45.75,45.91,,3836,32812,17.3778,,3.95,
GLL,ProShares UltraShort Gold,Trading--Inverse Commodities,ProShares,128334104.0,0.0,-0.29020968,-0.222001,128334104.0,10.723,11.23,10.83,,4678403,3217226,,,0.0,
GLOF,iShares Global Equity Factor ETF,Global Large-Stock Blend,iShares,120060624.0,0.0257,0.1364502,0.1394571,120060624.0,45.65899,45.8033,45.45,,33045,16115,17.97444,,2.57,
GLOV,Goldman Sachs ActiveBeta(R) World Low Vol Plus Equity ETF,Global Large-Stock Blend,Goldman Sachs,1212574336.0,0.016900001,0.1334193,,1212574340.0,53.23,53.39,52.95,,43911,63676,20.20171,,1.69,
GLOW,VictoryShares WestEnd Global Equity ETF,Global Large-Stock Blend,Victory Capital,3888988.0,,,,3888988.0,26.72,26.7747,25.605,,250,5933,20.521011,,,
GLRY,Inspire Momentum ETF,Small Blend,Inspire,76961480.0,0.0069,0.136731,,76961480.0,31.47,31.3524,30.97,,9656,16184,19.45229,,0.69,
GLTR,abrdn Physical Precious Metals Basket Shares ETF,Commodities Focused,Aberdeen Standard Investments,1362320128.0,0.0,0.15068349,0.10731611,1362320130.0,134.62064,133.2,135.67,,32912,56879,,,0.0,
GMAR,FT Vest U.S. Equity Moderate Buffer ETF - March,Defined Outcome,First Trust,427860640.0,0.0,,,427860640.0,37.77,38.01,37.77,,15953,121730,24.729136,,0.0,
GMAY,FT Vest U.S. Equity Moderate Buffer ETF - May,Defined Outcome,First Trust,218777024.0,0.0,,,218777024.0,37.73,37.89,37.71,,129968,77139,25.440178,,0.0,
GMET,VanEck Green Metals ETF,Natural Resources,VanEck,16252134.0,0.0194,-0.1076103,,16252134.0,21.93,21.397,21.73,,4948,1926,20.300127,,1.94,
GMEU,T-Rex 2X Long GME Daily Target ETF,Trading--Leveraged Equity,"Tuttle Capital Management, LLC",5223594.0,,,,5223594.0,25.6602,30.94,30.17,,337442,121013,,,,
GMF,SPDR S&P Emerging Asia Pacific ETF,Pacific/Asia ex-Japan Stk,SPDR State Street Global Advisors,340005440.0,0.019199999,0.0871387,0.0871986,340005440.0,122.53771,121.26,121.17,,3129,13941,15.774253,,1.92,
GMMA,Gammaroad Market Navigation ETF,Tactical Allocation,GammaRoad,5061156.0,,,,5061156.0,20.1117,20.2162,20.2099,,128,1449,25.646645,,,
GMMF,iShares Government Money Market ETF,,iShares,42172036.0,,,,42172036.0,100.34969,100.335,100.35,,6317,6001,,,,
GMNY,Goldman Sachs Dynamic New York Municipal Income ETF,Muni New York Intermediate,Goldman Sachs,6121279.0,,,,6121279.0,48.7,48.8696,48.88,,22,706,,,,
GMOI,GMO International Value ETF,Foreign Large Value,GMO,130128912.0,,,,130128912.0,28.1926,28.2,28.2,,18168,63474,11.032978,,,
GMOM,Cambria Global Momentum ETF,Tactical Allocation,CAMBRIA ETF TRUST,106084488.0,0.0343,0.0028097,0.0766671,106084488.0,29.3628,29.1482,29.0,,6579,6858,16.015669,,3.43,
GMOV,GMO U.S. Value ETF,Large Value,GMO,48014632.0,,,,48014632.0,23.9163,24.02,23.8699,,1795,17733,13.391636,,,
GMUB,Goldman Sachs Municipal Income ETF,Muni National Interm,Goldman Sachs,14792947.0,,,,14792947.0,49.15,49.24,49.3099,,10586,6163,,,,
GMUN,Goldman Sachs Community Municipal Bond ETF,Muni National Interm,Goldman Sachs,9763735.0,0.0298,,,9763735.0,48.9,48.825,48.781,,0,238,,,2.98,
GNMA,iShares GNMA Bond ETF,Intermediate Government,iShares,350368928.0,0.040700004,0.0104871,-0.010971201,350368928.0,42.95315,42.925,43.0395,,9008,35709,,,4.07,
GNOM,Global X Genomics & Biotechnology ETF,Health,Global X Funds,47084288.0,0.0,-0.1384349,-0.1450977,47084288.0,7.69,7.71,7.58,,26053,79211,,,0.0,
GNOV,FT Vest U.S. Equity Moderate Buffer ETF - November,Defined Outcome,First Trust,255396416.0,0.0,,,255396416.0,35.02,35.1698,34.98,,12078,25219,24.76235,,0.0,
GNR,SPDR S&P Global Natural Resources ETF,Natural Resources,SPDR State Street Global Advisors,2691191040.0,0.045700002,-0.0084441,0.12437879,2691191040.0,53.16797,52.99,52.79,,79062,242441,16.137089,,4.57,
GOAU,U.S. Global GO GOLD and Precious Metal Miners ETF,Equity Precious Metals,U.S. Global Investors,119912000.0,0.0148,0.20375352,0.0985876,119912000.0,28.5613,27.8,28.29,,36395,36979,24.859467,,1.48,
GOCT,FT Vest U.S. Equity Moderate Buffer ETF - October,Defined Outcome,First Trust,209007568.0,0.0,,,209007568.0,35.08,35.26,35.02,,4984,38149,24.736012,,0.0,
GOEX,Global X Gold Explorers ETF,Equity Precious Metals,Global X Funds,57587264.0,0.0177,0.1802713,0.0974457,57587264.0,44.25,43.0,43.82,,33697,17215,21.020132,,1.77,
GOLY,Strategy Shares - Strategy Shares Gold Enhanced Yield ETF,,,,,,,,,28.2975,28.76,,21110,36598,,,,
GOOP,Kurv Yield Premium Strategy Google ETF,Derivative Income,Kurv Investment Management Inc.,7446099.0,0.1912,,,7446099.0,24.7415,25.0799,25.03,,6628,7652,,,19.12,
GOOX,T-Rex 2X Long Alphabet Daily Target ETF,Trading--Leveraged Debt,"Tuttle Capital Management, LLC",12302576.0,0.0,,,12302576.0,22.72,23.45,22.89,,138928,77184,19.494637,,0.0,
GOOY,YieldMax GOOGL Option Income Strategy ETF,Derivative Income,YieldMax ETFs,107333080.0,0.4646,,,107333080.0,12.106,12.28,12.07,,131770,133968,,,46.46,
GOP,Unusual Whales Subversive Republican Trading ETF,Large Blend,Subversive Capital,51522740.0,0.0058999998,,,51522740.0,31.703,31.8521,31.46,,3778,11834,20.629732,,0.59,
GOVI,Invesco Equal Weight 0-30 Years Treasury ETF,Long Government,Invesco,885183424.0,0.0355,-0.0248877,-0.0540106,885183420.0,26.65,26.61,26.73,,57581,285536,,,3.55,
GOVT,iShares U.S. Treasury Bond ETF,Intermediate Government,iShares,27464722432.0,0.032899998,0.0063823997,-0.0204019,27464722400.0,22.58104,22.56,22.62,,8171610,14978423,,,3.29,
GOVZ,iShares 25+ Year Treasury STRIPS Bond ETF,Long Government,iShares,260143888.0,0.0471,-0.1412706,,260143888.0,8.97173,8.97,9.03,,579167,1030860,,,4.71,
GPIQ,Goldman Sachs Nasdaq-100 Premium Income ETF,Derivative Income,Goldman Sachs,602901824.0,0.1109,,,602901820.0,46.93,47.33,46.81,,277241,293282,31.347307,,11.09,
GPIX,Goldman Sachs S&P 500 Premium Income ETF,Derivative Income,Goldman Sachs,673670208.0,0.089099996,,,673670210.0,47.33,47.65,47.28,,234057,264446,25.016907,,8.91,
GPRF,Goldman Sachs Access U.S. Preferred Stock and Hybrid Securities ETF,Preferred Stock,Goldman Sachs,98887064.0,,,,98887064.0,49.55,49.5389,49.5532,,928,9014,,,,
GPTY,YieldMax AI & Tech Portfolio Option Income ETF,Derivative Income,YieldMax ETFs,18712794.0,,,,18712794.0,42.837,43.0523,42.23,,22095,14053,37.749413,,,
GQI,Natixis Gateway Quality Income ETF,Derivative Income,Natixis Funds,132222136.0,0.0862,,,132222136.0,51.9769,52.37,51.59,,17228,23468,25.985909,,8.62,
GQQQ,Astoria US Quality Growth Kings ETF,,,,,,,,,25.3117,25.02,,13499,17893,27.60016,,,
GQRE,FlexShares Global Quality Real Estate Index Fund,Global Real Estate,Flexshares Trust,413942400.0,0.038399998,0.0131337,0.0642101,413942400.0,57.879,57.7652,57.59,,8716,22404,19.167505,,3.84,
GREK,Global X MSCI Greece ETF,Miscellaneous Region,Global X Funds,191912240.0,0.0367,0.3199858,0.2795106,191912240.0,52.93,53.88,52.5,,52826,62173,9.458155,,3.67,
GRID,First Trust NASDAQ Clean Edge Smart Grid Infrastructure Index Fund,Infrastructure,First Trust,2049533312.0,0.011,0.1706568,0.21909541,2049533310.0,128.8,128.77,127.3,,155688,145350,25.965046,,1.1,
GRNB,VanEck Green Bond ETF,Global Bond,VanEck,125913472.0,0.039100002,0.0325492,0.0018848,125913472.0,23.78,23.83,23.85,,45677,20512,,,3.91,
GRNY,Tidal Trust III - Fundstrat Granny Shots US Large Cap ETF,,,,,,,,,20.61,20.32,,870440,1216222,,,,
GROZ,,Large Growth,Zacks Funds,20100176.0,,,,20100176.0,24.21,24.4366,24.17,,13944,12460,34.351154,,,
GRPM,Invesco S&P MidCap 400 GARP ETF,Small Blend,Invesco,450803296.0,0.012,0.0888004,0.1495759,450803296.0,103.46,103.72,101.93,,14999,30642,11.73158,,1.2,
GRPZ,Invesco S&P Smallcap 600 GARP ETF,Small Blend,Invesco,2281039.0,0.011,,,2281039.0,23.79,24.5969,24.38,,3,261,11.446627,,1.1,
GRW,TCW Compounders ETF,Large Growth,TCW ETF,135706112.0,0.1118,0.1887801,0.1585822,135706112.0,33.69569,33.74,33.57,,10172,15928,41.389565,,11.18,
GSC,Goldman Sachs Small Cap Equity ETF,Small Blend,Goldman Sachs,127391368.0,0.0075,,,127391368.0,48.04,48.08,47.41,,13991,21676,21.23193,,0.75,
GSEE,Goldman Sachs MarketBeta Emerging Markets Equity ETF,Diversified Emerging Mkts,Goldman Sachs,104471680.0,0.026600001,0.0620666,0.0744258,104471680.0,47.91,47.7288,47.815,,219,3471,14.688905,,2.66,
GSEP,FT Vest U.S. Equity Moderate Buffer ETF – September,Defined Outcome,First Trust,210577856.0,0.0,,,210577856.0,35.24,35.33,35.13,,6558,26095,24.731226,,0.0,
GSEU,Goldman Sachs ActiveBeta Europe Equity ETF,Europe Stock,Goldman Sachs,98654400.0,0.0202,0.136278,0.1354256,98654400.0,41.96,42.22,41.8,,26103,20920,16.140135,,2.02,
GSEW,Goldman Sachs Equal Weight U.S. Large Cap Equity ETF,Large Blend,Goldman Sachs,1137709568.0,0.015800001,0.1139963,0.13699959,1137709570.0,77.69,78.03,77.105,,80536,104290,21.761244,,1.58,
GSFP,Goldman Sachs Future Planet Equity ETF,Global Large-Stock Growth,Goldman Sachs,11742337.0,0.0107,0.0387435,,11742337.0,32.88,32.7708,32.58,,339,15471,24.567211,,1.07,
GSG,iShares S&P GSCI Commodity-Indexed Trust,Commodities Broad Basket,iShares,903541440.0,0.0,-0.0427568,0.1763793,903541440.0,21.54341,21.39,21.36,1348577920.0,130369,674488,4.7804875,,0.0,
GSIB,Themes Global Systemically Important Banks ETF,Financial,Themes ETF Trust,5682746.0,0.0146,,,5682746.0,40.6011,40.8087,40.8,,14123,5168,9.801282,,1.46,
GSID,Goldman Sachs MarketBeta International Equity ETF,Foreign Large Blend,Goldman Sachs,839226752.0,0.026099999,0.1132479,0.1189209,839226750.0,62.59,62.6112,62.32,,122,21988,16.472898,,2.61,
GSIE,Goldman Sachs ActiveBeta International Equity ETF,Foreign Large Blend,Goldman Sachs,3811632384.0,0.0276,0.1178313,0.1239721,3811632380.0,38.89,38.82,38.52,,432832,509719,15.678755,,2.76,
GSIG,Goldman Sachs Access Investment Grade Corporate 1-5 Year Bond ETF,Short-Term Bond,Goldman Sachs,7118916.0,0.0465,0.0407567,,7118916.0,47.17,47.17,47.16,,256,312,,,4.65,
GSJY,Goldman Sachs ActiveBeta Japan Equity ETF,Japan Stock,Goldman Sachs,39879156.0,0.0155,0.1063244,0.0857972,39879156.0,40.94,40.422,40.5504,,20542,15388,13.20063,,1.55,
GSLC,Goldman Sachs ActiveBeta U.S. Large Cap Equity ETF,Large Blend,Goldman Sachs,12425208832.0,0.0119,0.1487358,0.1527186,12425208800.0,113.98,114.82,113.27,,193302,289580,24.310196,,1.19,
GSPY,Gotham Enhanced 500 ETF,Large Blend,Gotham,503387424.0,0.0089,0.1443464,,503387424.0,31.6221,31.86,31.53,,13376,7958,22.43501,,0.89,
GSSC,Goldman Sachs ActiveBeta U.S. Small Cap Equity ETF,Small Blend,Goldman Sachs,499127488.0,0.0156,0.069237396,0.128362,499127488.0,64.54,64.77,64.03,,24682,37234,15.755063,,1.56,
GSST,Goldman Sachs Ultra Short Bond ETF,Ultrashort Bond,Goldman Sachs,876384128.0,0.0529,0.0496631,0.031276,876384130.0,50.44,50.42,50.44,,190164,274296,,,5.29,
GSUS,Goldman Sachs MarketBeta US Equity ETF,Large Blend,Goldman Sachs,2449674496.0,0.0127,0.1558806,0.1618965,2449674500.0,79.97,80.51,79.61,,27809,81014,25.50814,,1.27,
GSY,Invesco Ultra Short Duration ETF,Ultrashort Bond,Invesco,2794793984.0,0.0511,0.0494334,0.030181501,2794793980.0,50.04,50.02,50.04,,614583,733341,,,5.11,
GTEK,Goldman Sachs Future Tech Leaders Equity ETF,Technology,Goldman Sachs,151844800.0,0.0,0.09737039,,151844800.0,33.08,33.16,32.8,,4912,19493,32.014412,,0.0,
GTIP,Goldman Sachs Access Inflation Protected USD Bond ETF,Inflation-Protected Bond,Goldman Sachs,149364240.0,0.040599998,0.0090945,0.0143048,149364240.0,48.85,48.8441,48.8461,,10417,11860,,,4.06,
GTO,Invesco Total Return Bond ETF,Intermediate Core-Plus Bond,Invesco,1878635648.0,0.0444,0.017624201,-0.0005806,1878635650.0,45.87,45.81,45.94,,139804,217500,,,4.44,
GTOS,Invesco Actively Managed Exchange-Traded Fund Trust - Invesco Short Duration Total Return Bond ETF,,,,,,,,,24.81,24.83,,4599,2893,,,,
GTR,WisdomTree Target Range Fund,Equity Hedged,WisdomTree,52887764.0,0.028299998,0.0473167,,52887764.0,23.811,23.8435,23.72,,196,8049,20.470394,,2.83,
GUMI,Goldman Sachs Ultra Short Municipal Income ETF,Muni National Short,Goldman Sachs,11294775.0,,,,11294775.0,50.23,50.135,50.2,,539,3260,,,,
GUNR,FlexShares Morningstar Global Upstream Natural Resources Index Fund,Natural Resources,Flexshares Trust,4627328512.0,0.0352,-0.019293899,0.1213308,4627328500.0,39.1199,38.79,38.72,,593417,630288,15.967545,,3.52,
GUNZ,Tuttle Capital Self Defense Index ETF,Miscellaneous Sector,"Tuttle Capital Management, LLC",565696.0,,,,565696.0,29.16561,25.2313,29.14,,38,268,21.26827,,,
GURU,Global X Guru Index ETF,Large Blend,Global X Funds,43688448.0,0.0017,0.1386408,0.09816089,43688448.0,50.82,50.65,50.3107,,976,1933,22.209908,,0.17,
GUSA,Goldman Sachs MarketBeta U.S. 1000 Equity ETF,Large Blend,Goldman Sachs,1735517696.0,0.0125,0.1364486,,1735517700.0,50.22,48.88,48.5,,1,487,24.966597,,1.25,
GUSH,Direxion Daily S&P Oil & Gas Exp. & Prod. Bull 2X Shares,Trading--Leveraged Equity,Direxion Funds,198063728.0,0.0427,-0.206826,0.1932138,198063728.0,21.104,21.07,20.59,,798812,1063288,11.581401,,4.27,
GVAL,Cambria Global Value ETF,Foreign Small/Mid Value,CAMBRIA ETF TRUST,180552464.0,0.0381,0.1486372,0.1548283,180552464.0,26.5288,26.43,26.37,,35932,121207,10.001708,,3.81,
GVI,iShares Intermediate Government/Credit Bond ETF,Short-Term Bond,iShares,3423450368.0,0.0334,0.0264924,0.0030749,3423450370.0,105.41211,105.38,105.55,,93824,150250,,,3.34,
GVIP,Goldman Sachs Hedge Industry VIP ETF,Large Growth,Goldman Sachs,294938656.0,0.0029,0.1976806,0.1577657,294938656.0,128.45,129.2635,127.31,,2857,13765,25.66033,,0.29,
GVLU,Gotham 1000 Value ETF,Mid-Cap Value,Gotham,172264624.0,0.030299999,,,172264624.0,23.0789,23.235,23.0,,716,7780,14.317895,,3.03,
GVUS,Goldman Sachs MarketBeta Russell 1000 Value Equity ETF,Large Value,Goldman Sachs,353794784.0,0.020399999,,,353794784.0,47.86,49.0775,49.03,,2,11841,19.055145,,2.04,
GWX,SPDR S&P International Small Cap ETF,Foreign Small/Mid Blend,SPDR State Street Global Advisors,653952832.0,0.0249,0.055693798,0.0891207,653952830.0,35.13101,34.7676,34.83,,29819,57103,13.54472,,2.49,
GXC,SPDR S&P China ETF,China Region,SPDR State Street Global Advisors,407772160.0,0.025799999,0.044686697,0.00318,407772160.0,86.58506,85.98,85.62,,5418,73984,12.960463,,2.58,
GXDW,Global X Dorsey Wright Thematic ETF,,,,,,,,,24.2975,24.2382,,81,3268,26.76145,,,
GXG,Global X MSCI Colombia ETF,Miscellaneous Region,Global X Funds,87622384.0,0.0499,0.0702564,0.1222874,87622384.0,29.01,28.91,28.77,,67013,126185,8.590031,,4.99,
GXUS,Goldman Sachs MarketBeta(R) Total International Equity ETF,Foreign Large Blend,Goldman Sachs,471261664.0,0.0296,,,471261664.0,49.2,46.5764,48.38,,6,114,16.152206,,2.96,
GYLD,Arrow Dow Jones Global Yield ETF,Global Moderate Allocation,ArrowShares,19884496.0,0.1252,0.0659293,0.1075731,19884496.0,12.83,12.74,12.85,,339372,14417,11.007912,,12.52,
HACK,Amplify Cybersecurity ETF,Technology,Amplify ETFs,1945227520.0,0.0014,0.20358339,0.1376214,1945227520.0,80.8808,80.74,79.77,,89502,149477,34.41702,,0.14,
HAIL,SPDR S&P Kensho Smart Mobility ETF,Technology,SPDR State Street Global Advisors,18509516.0,0.0306,-0.077336505,0.0357509,18509516.0,27.88543,28.1101,27.52,,2199,4301,13.6913185,,3.06,
HAP,VanEck Natural Resources ETF,Natural Resources,VanEck,147387648.0,0.025,0.0193887,0.1502529,147387648.0,50.17,49.7234,49.99,,5226,7839,16.437191,,2.5,
HAPI,Harbor Human Capital Factor US Large Cap ETF,Large Blend,Harbor,356048064.0,0.0022,,,356048064.0,35.67893,35.93,35.5901,,1383,6773,25.245787,,0.22,
HAPS,Harbor Human Capital Factor US Small Cap ETF,Small Blend,Harbor,117927728.0,0.0081,,,117927728.0,26.74856,23.9754,27.49,,11,314,15.714288,,0.81,
HAPY,Harbor Human Capital Factor Unconstrained ETF,Mid-Cap Growth,Harbor,3319843.0,0.0093,0.1154097,,3319843.0,22.90101,23.5189,23.0,,5,236,20.493542,,0.93,
HARD,Simplify Commodities Strategy No K-1 ETF,Commodities Broad Basket,Simplify Asset Management,34345156.0,0.0328,,,34345156.0,28.3471,28.65,28.37,,16813,48260,,,3.28,
HART,NYLI Healthy Hearts ETF,Health,New York Life Investment Management LLC,9084207.0,0.0135,0.0439401,,9084207.0,29.495,29.6302,29.39,,347,1336,20.856524,,1.35,
HAUS,Residential REIT ETF,Real Estate,Armada ETF,7525488.0,0.0257,0.014080401,,7525488.0,17.8017,17.8989,18.01,,4638,3896,37.700336,,2.57,
HAUZ,Xtrackers International Real Estate ETF,Global Real Estate,Xtrackers,795188544.0,0.041199997,-0.0013067999,0.0394731,795188540.0,21.988,21.69,21.73,,81852,81079,15.856432,,4.12,
HAWX,iShares Currency Hedged MSCI ACWI ex U.S. ETF,Foreign Large Blend,iShares,245118768.0,0.0321,0.1250387,0.1321822,245118768.0,34.35511,34.5123,34.24,,55441,48955,16.169376,,3.21,
HBTA,Horizon Expedition Plus ETF,Derivative Income,Horizon Investments,27658492.0,,,,27658492.0,23.1327,23.3659,22.96,,2348,17387,29.035505,,,
HCMT,Direxion HCM Tactical Enhanced U.S. Equity Strategy ETF,Large Blend,Direxion Funds,351829536.0,0.0379,,,351829536.0,28.26,28.71,28.14,,141709,95104,25.735603,,3.79,
HCOM,Hartford Schroders Commodity Strategy ETF,Commodities Broad Basket,Hartford Mutual Funds,9920474.0,0.0422,-0.0491847,,9920474.0,15.499,15.3818,15.4201,,1492,412,24.830414,,4.22,
HCOW,Amplify COWS Covered Call ETF,Mid-Cap Value,Amplify ETFs,9193695.0,0.099,,,9193695.0,21.9515,22.09,21.55,,1159,4226,12.410209,,9.9,
HCRB,Hartford Core Bond ETF,Intermediate Core Bond,Hartford Mutual Funds,301109088.0,0.0422,0.018222399,-0.0087594,301109088.0,34.4869,34.425,34.53,,6942,26150,,,4.22,
HDEF,Xtrackers MSCI EAFE High Dividend Yield Equity ETF,Foreign Large Value,Xtrackers,1924081920.0,0.0385,0.1244654,0.13776499,1924081920.0,28.641,28.66,28.51,,142348,316873,14.4835825,,3.85,
HDG,ProShares Hedge Replication ETF,Multistrategy,ProShares,23967964.0,0.0344,0.041467,0.036449,23967964.0,49.1973,49.4392,49.35,,52,1109,16.216152,,3.44,
HDGE,AdvisorShares Ranger Equity Bear ETF,Trading--Inverse Equity,AdvisorShares,50502336.0,0.0684,-0.101904005,-0.169438,50502336.0,18.07603,17.95,18.17,,118935,130930,,,6.84,
HDMV,First Trust Horizon Managed Volatility Developed International ETF,Foreign Large Value,First Trust,29218590.0,0.026400002,0.092183396,0.0873831,29218590.0,35.35,35.1147,35.1,,3176,11401,16.92801,,2.64,
HDUS,Hartford Disciplined US Equity ETF,Large Blend,Hartford Mutual Funds,136941168.0,0.0171,,,136941168.0,56.2328,56.55,56.03,,2899,15073,21.982483,,1.71,
HDV,iShares Core High Dividend ETF,Large Value,iShares,11019627520.0,0.0354,0.0664448,0.1136127,11019627500.0,115.05461,114.73,114.41,,445450,565385,19.427105,,3.54,
HEAL,Global X HealthTech ETF,,,,,,,,,10.255,10.05,,5133,21557,45.4676,,,
HEAT,Touchstone Climate Transition ETF,Global Large-Stock Blend,Touchstone,11360553.0,0.0064,,,11360553.0,26.915,25.8582,25.81,,0,276,28.013905,-269.189,0.64,
HECO,SPDR Galaxy Hedged Digital Asset Ecosystem ETF,,,,,,,,,28.67,28.26,,44,669,18.99323,,,
HEDJ,WisdomTree Europe Hedged Equity Fund,Europe Stock,WisdomTree,1708375808.0,0.0305,0.1433156,0.1528008,1708375810.0,49.281,50.1,49.0,,69891,238125,16.703442,,3.05,
HEEM,iShares Currency Hedged MSCI Emerging Markets ETF,Diversified Emerging Mkts,iShares,156146832.0,0.0233,0.0798436,0.081006005,156146832.0,28.79273,28.827,28.71,252350000.0,9169,27284,14.307051,,2.33,
HEFA,iShares Currency Hedged MSCI EAFE ETF,Foreign Large Blend,iShares,7721474048.0,0.0297,0.14075631,0.1497357,7721474000.0,37.32453,37.57,37.05,,2410782,2670777,16.67272,,2.97,
HEGD,Swan Hedged Equity US Large Cap ETF,Equity Hedged,Swan,378886816.0,0.0044,0.096096404,,378886816.0,22.5383,22.57,22.52,,57464,85701,24.530596,,0.44,
HEJD,VictoryShares Hedged Equity Income ETF,Equity Hedged,Victory Capital,35395832.0,,,,35395832.0,26.45,26.5257,26.4487,,1,4504,14.43098,,,
HELO,Jpmorgan Hedged Equity Laddered Overlay ETF,Equity Hedged,JPMorgan,2892248064.0,0.0068,,,2892248060.0,60.5224,60.84,60.35,,252937,509176,25.094965,,0.68,
HELX,Franklin Genomic Advancements ETF,Health,Franklin Templeton Investments,10888398.0,0.0,-0.0736423,-0.0283716,10888398.0,25.75,25.8998,24.94,,297,2428,30.53625,,0.0,
HEQQ,JPMorgan Nasdaq Hedged Equity Laddered Overlay ETF,,,,,,,,,51.58,51.4121,,8,1019,30.972965,,,
HEQT,Simplify Hedged Equity ETF,Equity Hedged,Simplify Asset Management,402054304.0,0.0126,0.1157885,,402054304.0,29.1622,29.28,29.02,,569160,181941,24.58675,,1.26,
HERD,Pacer Cash Cows Fund of Funds ETF,Global Large-Stock Value,Pacer,82917576.0,0.0239,0.073810704,0.155822,82917576.0,38.4958,38.59,38.34,,2946,11000,13.354569,,2.39,
HERO,Global X Video Games & Esports ETF,Communications,Global X Funds,111166888.0,0.0088,0.0923982,0.0823275,111166888.0,28.83,28.605,28.6,,9409,53760,24.967226,,0.88,
HEWJ,iShares Currency Hedged MSCI Japan ETF,Japan Stock,iShares,361520032.0,0.0225,0.1935546,0.1811917,361520032.0,42.71492,42.7,42.4,,20308,102806,14.163306,,2.25,
HEZU,iShares Currency Hedged MSCI Eurozone ETF,Europe Stock,iShares,679846208.0,0.0255,0.1624032,0.16614111,679846210.0,40.77274,41.33,40.43,,19497,225538,16.35549,,2.55,
HF,DGA Core Plus Absolute Return ETF,,,,,,,,,19.9783,20.07,,229,1493,22.785566,,,
HFGM,Unlimited HFGM Global Macro ETF,Macro Trading,Unlimited,6373537.0,,,,6373537.0,26.0382,26.0617,26.023,,1893,16225,16.586006,,,
HFGO,Hartford Large Cap Growth ETF,Large Growth,Hartford Mutual Funds,132130592.0,0.0,0.224988,,132130592.0,22.6096,22.7949,22.53,,12368,26366,35.23529,,0.0,
HFND,Unlimited HFND Multi-Strategy Return Tracker ETF,Multistrategy,Unlimited,27855326.0,0.0383,,,27855326.0,21.478,21.4662,19.75,,9787,8388,16.527315,,3.83,
HFSI,Hartford Funds Exchange-Traded Trust - Hartford Strategic Income ETF,,,,,,,,,34.1644,34.14,,8529,19420,,,,
HFSP,TradersAI Large Cap Equity & Cash ETF,,,,,,,,,16.75,16.97,,601,1063,23.110619,,,
HFXI,NYLI FTSE International Equity Currency Neutral ETF,Foreign Large Blend,New York Life Investment Management LLC,961662912.0,0.0238,0.1206869,0.1319679,961662910.0,28.92287,28.96,28.62,,152263,296707,16.746521,,2.38,
HGER,Harbor Commodity All-Weather Strategy ETF,Commodities Broad Basket,Harbor,302243040.0,0.0308,0.049881,,302243040.0,24.06342,23.97,23.96,,68791,202219,,,3.08,
HIBL,Direxion Daily S&P 500 High Beta Bull 3X Shares,Trading--Leveraged Equity,Direxion Funds,47136788.0,0.011,-0.028919,0.2282486,47136788.0,30.804,31.58,29.45,,134553,274222,29.0481,,1.1,
HIBS,Direxion Daily S&P 500 High Beta Bear 3X Shares,Trading--Inverse Equity,Direxion Funds,23468864.0,0.0514,-0.4876219,-0.64483786,23468864.0,13.653,13.32,14.17,,330660,370365,,,5.14,
HIDE,Alpha Architect High Inflation And Deflation ETF,Equity Hedged,Alpha Architect,39318964.0,0.028199999,,,39318964.0,22.4381,22.46,22.4301,,9101,15934,31.882502,,2.82,
HIDV,AB US High Dividend ETF,Large Value,AllianceBernstein,41555912.0,0.024500001,,,41555912.0,69.2601,69.6261,68.84,,727,7377,18.657444,,2.45,
HIGH,Simplify Enhanced Income ETF,Short-Term Bond,Simplify Asset Management,184590448.0,0.071,,,184590448.0,24.0471,24.27,24.25,,61931,127915,,,7.1,
HIMU,iShares High Yield Muni Active ETF,High Yield Muni,iShares,1782778112.0,0.0403,0.0397217,0.0351983,1782778110.0,47.9029,47.58,48.0,,109757,333468,,,4.03,
HIMZ,Defiance Daily Target 2X Long HIMS ETF,,,,,,,,,36.78,36.31,,1462101,933009,147.33827,,,
HIPS,GraniteShares HIPS US High Income ETF,Aggressive Allocation,Graniteshares,100489808.0,0.108500004,0.0728191,0.1158125,100489808.0,12.04,12.0411,12.02,,24431,58844,11.585668,,10.85,
HISF,First Trust High Income Strategic Focus ETF,Multisector Bond,First Trust,46493960.0,0.0468,0.0287057,0.0407668,46493960.0,43.77,43.71,43.7447,,389,3480,,,4.68,
HIYS,Invesco High Yield Select ETF,High Yield Bond,Invesco,7755926.0,0.0685,,,7755926.0,25.06,25.096,25.0784,,732,1342,,,6.85,
HJUL,Innovator Premium Income 9 Buffer ETF - July,Defined Outcome,Innovator ETFs,1185320.0,,,,1185320.0,23.9228,23.94,23.94,,3,298,,,,
HKND,Humankind US Stock ETF,Large Value,Humankind,147654720.0,0.0178,0.0709275,,147654720.0,31.19,32.0134,31.26,,30,919,19.886509,,1.78,
HLAL,Wahed FTSE USA Shariah ETF,Large Blend,Wahed Invest,559018240.0,0.0073,0.1159952,0.1577825,559018240.0,50.3658,50.93,50.21,,48700,74177,26.010698,,0.73,
HLGE,Hartford Longevity Economy ETF,Mid-Cap Blend,Hartford Mutual Funds,11824069.0,0.0114,0.108686306,,11824069.0,30.9842,31.7628,30.85,,219,461,20.700827,,1.14,
HMOP,Hartford Municipal Opportunities ETF,Muni National Interm,Hartford Mutual Funds,528926976.0,0.0337,0.0329373,0.0153185,528926976.0,38.0308,38.01,38.07,,55135,103360,,,3.37,
HNDL,Strategy Shares Nasdaq 7 Handl Index ETF,Moderately Conservative Allocation,Strategy Shares,678805120.0,0.072399996,0.0591246,0.046578497,678805120.0,20.82,20.82,20.77,,48275,82838,23.804436,,7.24,
HOCT,Innovator Premium Income 9 Buffer ETF - October,Defined Outcome,Innovator ETFs,12837809.0,0.0684,,,12837809.0,23.6985,23.7436,23.67,,1101,6660,,,6.84,
HODL,VanEck Bitcoin ETF,Digital Assets,VanEck,1355765120.0,0.0,,,1355765120.0,30.81,31.46,30.75,,890708,867301,,,0.0,
HOMZ,The Hoya Capital Housing ETF,Mid-Cap Value,Hoya Capital Real Estate,34314800.0,0.0239,0.0886505,0.1490811,34314800.0,41.8848,41.99,41.74,,3286,3106,15.796462,,2.39,
HOOG,Leverage Shares 2X Long HOOD Daily ETF,,,,,,,,,28.33,26.34,,47281,70893,,,,
HOOX,Defiance Daily Target 2X Long HOOD ETF,,,,,,,,,44.2288,42.75,,30518,56782,50.046333,,,
HOOY,YieldMax HOOD Option Income Strategy ETF,Derivative Income,YieldMax ETFs,,,,,,58.2784,59.96,57.51,,9767,10633,,,,
HQGO,Hartford US Quality Growth ETF,Large Growth,Hartford Mutual Funds,45344156.0,0.0054,,,45344156.0,51.2696,51.7379,51.2948,,2,2536,26.504322,,0.54,
HRTS,Tema Obesity & Cardiometabolic ETF,Health,Tema Global Limited,55627228.0,0.0047999998,,,55627228.0,27.2428,27.14,27.45,,3242,8465,24.54647,,0.48,
HSBH,HSBC Holdings PLC ADRhedged,,,,,,,,,65.0907,64.17,,3694,10955,17.231812,,,
HSCZ,iShares Currency Hedged MSCI EAFE Small-Cap ETF,Foreign Small/Mid Blend,iShares,147647312.0,0.0321,0.1105045,0.1290476,147647312.0,33.84349,33.95,33.61,,10843,26947,14.529162,,3.21,
HSMV,First Trust Horizon Managed Volatility Small/Mid ETF,Small Blend,First Trust,21136416.0,0.0163,0.0624976,0.1016607,21136416.0,35.4,35.5158,35.34,,907,1652,19.27226,,1.63,
HTAB,Hartford Schroders Tax-Aware Bond ETF,Intermediate Core Bond,Hartford Mutual Funds,406743840.0,0.038,0.0233855,3.5099998e-05,406743840.0,18.6682,18.65,18.69,,83043,162423,,,3.8,
HTAX,Macquarie National High-Yield Municipal Bond ETF,High Yield Muni,Macquarie,6630561.0,,,,6630561.0,23.82,24.01,23.88,,250,9789,,,,
HTEC,Robo Global Healthcare Technology and Innovation ETF,Health,Robo Global,43954524.0,0.0,-0.0354854,-0.0190657,43954524.0,26.77,26.7507,26.34,,4113,7561,28.75809,,0.0,
HTRB,Hartford Total Return Bond ETF,Intermediate Core-Plus Bond,Hartford Mutual Funds,2000409088.0,0.0454,0.0221021,-0.0015891001,2000409090.0,33.2471,33.23,33.27,480462496.0,150520,309198,,,4.54,
HTUS,Hull Tactical US ETF,Equity Hedged,Hull Tactical Funds,77864080.0,0.019299999,0.1770427,0.2066927,77864080.0,37.37,37.6271,37.33,,10408,38495,24.67309,,1.93,
HUSV,First Trust Horizon Managed Volatility Domestic ETF,Large Value,First Trust,98642576.0,0.012200001,0.084153794,0.120266706,98642576.0,39.77,39.7682,39.48589,,2439,16893,26.347124,,1.22,
HVAC,AdvisorShares HVAC and Industrials ETF,Industrials,AdvisorShares,576323.0,,,,576323.0,25.603,26.2732,25.46,,119,498,22.658659,,,
HWAY,Themes US Infrastructure ETF,,,,,,,,,26.4772,26.35,,292,1265,21.373219,13.4930105,,
HWSM,Hotchkis & Wiley SMID Cap Diversified Value Fund,,,,,,,,,23.9025,23.8031,,9200,2389,12.829093,,,
HYBB,iShares BB Rated Corporate Bond ETF,High Yield Bond,iShares,204438928.0,0.0634,0.0634326,,204438928.0,45.95477,46.01,45.96,,31339,127792,,,6.34,
HYBI,Neos ETF Trust - Neos Enhanced Income Credit Select ETF,,,,,,,,,49.46,49.38,,22363,11949,,,,0.35
HYBL,SPDR Blackstone High Income ETF,High Yield Bond,SPDR State Street Global Advisors,336187040.0,0.0784,0.0764981,,336187040.0,28.13826,28.14,28.12,,56747,182346,,,7.84,
HYBX,TCW High Yield Bond ETF,High Yield Bond,TCW ETF,40400868.0,0.0644,0.0655005,0.0449185,40400868.0,30.2055,30.32,30.09,,513,5449,,,6.44,
HYD,VanEck High Yield Muni ETF,High Yield Muni,VanEck,3372887552.0,0.044299997,0.0158385,0.0117191,3372887550.0,49.75,49.55,49.61,,621187,1135268,,-2483.0,4.43,
HYDB,iShares High Yield Systematic Bond ETF,High Yield Bond,iShares,1593866624.0,0.070700005,0.0785606,0.0655865,1593866620.0,46.41618,46.55,46.43,,403271,435100,,,7.07,
HYDR,Global X Hydrogen ETF,Miscellaneous Sector,Global X Funds,24771684.0,0.0054,-0.35631248,,24771684.0,18.31,18.0,18.08,,3863,10671,,,0.54,
HYDW,Xtrackers Low Beta High Yield Bond ETF,High Yield Bond,Xtrackers,192547472.0,0.0558,0.059179403,0.039365,192547472.0,46.482,46.445,46.35,,1446,48493,,,5.58,
HYEM,VanEck Emerging Markets High Yield Bond ETF,Emerging Markets Bond,VanEck,376776992.0,0.0651,0.0778597,0.0424414,376776992.0,19.51,19.49,19.48,,79950,207846,,,6.51,
HYFI,AB High Yield ETF,High Yield Bond,AllianceBernstein,180778176.0,0.0661,0.073677205,0.0651455,180778176.0,36.7345,36.8472,36.88,,73411,28752,,,6.61,
HYG,iShares iBoxx $ High Yield Corporate Bond ETF,High Yield Bond,iShares,14188549120.0,0.059,0.0697964,0.047880996,14188549100.0,78.72949,78.97,78.76,15442619392.0,29492929,54541714,10.855714,1315.8333,5.9,
HYGH,iShares Interest Rate Hedged High Yield Bond ETF,High Yield Bond,iShares,395630528.0,0.077199996,0.095837206,0.0790834,395630528.0,85.35861,85.46,85.12,,36130,66438,10.802756,,7.72,
HYGI,iShares Inflation Hedged High Yield Bond ETF,High Yield Bond,iShares,5341148.0,0.060599998,,,5341148.0,26.83998,26.89,26.8064,,2222,4917,10.884218,,6.06,
HYGV,FlexShares High Yield Value-Scored Bond Index Fund,High Yield Bond,Flexshares Trust,1283468672.0,0.0805,0.0665314,0.05846,1283468670.0,40.0708,40.17,40.05,,142925,248855,,,8.05,
HYGW,iShares High Yield Corporate Bond Buywrite Strategy ETF,Derivative Income,iShares,220692720.0,0.115200005,,,220692720.0,30.5078,30.5503,30.49,,26463,46947,10.536315,,11.52,
HYHG,ProShares High Yield—Interest Rate Hedged,Nontraditional Bond,ProShares,162711808.0,0.0695,0.0981087,0.0817686,162711808.0,63.9748,64.095,63.5,,17660,17019,,,6.95,
HYIN,WisdomTree Alternative Income Fund,Nontraditional Bond,WisdomTree,58573464.0,0.13159999,0.0479259,,58573464.0,16.783,16.77,16.53,,22056,39065,10.802577,,13.16,
HYKE,Vest 2 Year Interest Rate Hedge ETF,Nontraditional Bond,CBOE Vest,1182827.0,0.0173,,,1182827.0,25.6281,26.625,24.1,,3,63,,,1.73,
HYLB,Xtrackers USD High Yield Corporate Bond ETF,High Yield Bond,Xtrackers,3555776000.0,0.0633,0.0722462,0.051978797,3555776000.0,36.156,36.18,36.1,,4010663,2990687,,,6.33,
HYLS,First Trust Tactical High Yield ETF,High Yield Bond,First Trust,1646056960.0,0.0626,0.0677357,0.0404823,1646056960.0,41.09,41.05,41.05,,135650,290992,,,6.26,
HYMB,SPDR Nuveen Bloomberg High Yield Municipal Bond ETF,High Yield Muni,SPDR State Street Global Advisors,2558400000.0,0.044499997,0.0293735,0.0194379,2558400000.0,24.55073,24.55,24.6,,762919,1537739,,,4.45,
HYRM,Xtrackers Risk Managed USD High Yield Strategy ETF,High Yield Bond,Xtrackers,45173084.0,0.063,0.0615762,,45173084.0,23.038,23.0471,23.0164,,2666,2553,,,6.3,
HYS,PIMCO 0-5 Year High Yield Corporate Bond Index Exchange-Traded Fund,High Yield Bond,PIMCO,1365841920.0,0.075,0.0756176,0.066915795,1365841920.0,93.26,93.26,93.16,,28393,175201,,,7.5,
HYSA,Bondbloxx USD High Yield Bond Sector Rotation ETF,High Yield Bond,BondBloxx Investment Management,30503092.0,0.0688,,,30503092.0,14.9369,14.9,14.87,,15776,12330,4.0492115,,6.88,
HYSD,Columbia Short Duration High Yield ETF,High Yield Bond,Columbia Threadneedle,26871910.0,,,,26871910.0,19.98,20.0297,19.9992,,29,21328,,,,
HYTI,FT Vest High Yield & Target Income ETF,Derivative Income,First Trust,11619719.0,,,,11619719.0,19.77,19.8095,19.77,,33160,16509,,,,
HYTR,CounterPoint High Yield Trend ETF,Nontraditional Bond,Counterpoint Mutual Funds,127165264.0,0.0572,0.034151003,0.0198537,127165264.0,21.29,21.295,21.26,,19614,57461,10.593526,,5.72,
HYUP,Xtrackers High Beta High Yield Bond ETF,High Yield Bond,Xtrackers,12304830.0,0.0794,0.083443604,0.0646072,12304830.0,41.274,41.3611,41.3,,2182,2320,,,7.94,
HYXF,iShares ESG Advanced High Yield Corporate Bond ETF,High Yield Bond,iShares,180045104.0,0.0635,0.0714319,0.0451245,180045104.0,46.33477,46.59,46.43,,15901,36536,,,6.35,
HYXU,iShares International High Yield Bond ETF,High Yield Bond,iShares,41294928.0,0.0465,0.0826299,0.0542738,41294928.0,52.27846,52.25,52.16,,12138,7903,,,4.65,
HYZD,WisdomTree Interest Rate Hedged High Yield Bond Fund,Nontraditional Bond,WisdomTree,171132624.0,0.0638,0.0845901,0.0749859,171132624.0,22.122,22.16,22.17,,42919,48657,,,6.38,
IAGG,iShares Core International Aggregate Bond ETF,Global Bond-USD Hedged,iShares,6991951872.0,0.042,0.0329407,0.0060256,6991951900.0,50.54781,50.49,50.64,,2942229,1676263,,,4.2,
IAI,iShares U.S. Broker-Dealers & Securities Exchanges ETF,Financial,iShares,1191486976.0,0.0115,0.2234236,0.23716779,1191486980.0,153.1511,153.77,151.28,,136333,245055,23.476469,,1.15,
IAK,iShares U.S. Insurance ETF,Financial,iShares,741365504.0,0.017,0.18078871,0.2319802,741365500.0,132.9793,132.99,132.09,,93902,90495,13.512796,,1.7,
IAPR,Innovator International Developed Power Buffer ETF - April,Defined Outcome,Innovator ETFs,238856624.0,0.0,0.0636992,,238856624.0,28.4723,28.73,28.48,,12002,52468,16.450773,,0.0,
IAT,iShares U.S. Regional Banks ETF,Financial,iShares,609846528.0,0.032899998,-0.0076296004,0.116933,609846530.0,46.19746,46.43,45.52,,178127,375014,11.693781,,3.29,
IAU,iShares Gold Trust,Commodities Focused,iShares,46418194432.0,0.0,0.21622299,0.1383283,46418194000.0,63.04118,62.03,63.21,61488107520.0,7536712,9409580,,,0.0,
IAUG,Innovator International Developed Power Buffer ETF - August,Defined Outcome,Innovator ETFs,16930976.0,,,,16930976.0,26.8521,26.7136,26.79,,329,3787,16.585718,,,
IAUM,iShares Gold Trust Micro,Commodities Focused,iShares,2627887616.0,0.0,0.2187726,,2627887620.0,33.33434,32.79,33.44,,2983938,2270353,,,0.0,
IBAT,iShares Energy Storage & Materials ETF,Miscellaneous Sector,iShares,5724910.0,0.0148,,,5724910.0,20.68392,20.7,21.07,,2019,849,18.730616,,1.48,
IBB,iShares Biotechnology ETF,Health,iShares,5524998144.0,0.003,0.016584199,-0.0161433,5524998100.0,121.36605,121.42,120.758,8451125248.0,729455,1680900,21.122139,,0.3,
IBBQ,Invesco Nasdaq Biotechnology ETF,Health,Invesco,37882448.0,0.0114,0.0399495,,37882448.0,20.41,20.36,20.32,,10121,16249,23.817541,,1.14,
IBCA,iShares iBonds Dec 2035 Term Corporate ETF,Target Maturity,iShares,26426632.0,,,,26426632.0,24.80695,24.8629,24.95,,15560,39257,,,,
IBD,Inspire Corporate Bond ETF,Corporate Bond,Inspire,403741280.0,0.0421,0.0354733,0.0100504,403741280.0,23.61,23.5891,23.57,,33074,85484,,,4.21,
IBDQ,iShares iBonds Dec 2025 Term Corporate ETF,Target Maturity,iShares,3095161344.0,0.0387,0.0367922,0.0187159,3095161340.0,25.1385,25.14,25.14,,393028,440765,,,3.87,
IBDR,iShares iBonds Dec 2026 Term Corporate ETF,Target Maturity,iShares,3270760448.0,0.0418,0.0383128,0.01525,3270760450.0,24.16193,24.17,24.21,,583219,627392,,,4.18,
IBDS,iShares iBonds Dec 2027 Term Corporate ETF,Target Maturity,iShares,3014289152.0,0.0436,0.039668,0.0164939,3014289150.0,24.11518,24.13,24.18,,507342,558461,,,4.36,
IBDT,iShares iBonds Dec 2028 Term Corporate ETF,Target Maturity,iShares,2803155456.0,0.0458,0.042199798,0.0144453,2803155460.0,25.18148,25.21,25.21,,378807,411803,,,4.58,
IBDU,iShares iBonds Dec 2029 Term Corporate ETF,Target Maturity,iShares,2557612544.0,0.047199998,0.0421629,0.012510199,2557612540.0,23.03051,23.05,23.09,,298287,415049,,,4.72,
IBDV,iShares iBonds Dec 2030 Term Corporate ETF,Target Maturity,iShares,1793298432.0,0.0461,0.0406462,,1793298430.0,21.6077,21.63,21.65,,225135,462731,,,4.61,
IBDW,iShares iBonds Dec 2031 Term Corporate ETF,Target Maturity,iShares,1474461696.0,0.049099997,0.037727598,,1474461700.0,20.57214,20.59,20.63,,219360,256000,,,4.91,
IBDX,iShares iBonds Dec 2032 Term Corporate ETF,Target Maturity,iShares,1043034752.0,0.0496,,,1043034750.0,24.68252,24.67,24.72,,140111,169217,,,4.96,
IBDY,iShares iBonds Dec 2033 Term Corporate ETF,Target Maturity,iShares,721890368.0,0.05,,,721890370.0,25.19581,25.2,25.23,,153489,115106,,,5.0,
IBDZ,iShares iBonds Dec 2034 Term Corporate ETF,Target Maturity,iShares,323690848.0,,,,323690848.0,25.33742,25.33,25.47,,53295,88031,,,,
IBGA,iShares iBonds Dec 2044 Term Treasury ETF,Target Maturity,iShares,66361540.0,,,,66361540.0,23.89479,23.87,23.96,,7523,13787,,,,
IBGB,iShares iBonds Dec 2045 Term Treasury ETF,,,,,,,,,23.7816,23.8442,,1134,959,,,,
IBGK,iShares iBonds Dec 2054 Term Treasury ETF,Target Maturity,iShares,2422706.0,,,,2422706.0,22.92242,22.8929,22.9427,,108,426,,,,
IBGL,iShares iBonds Dec 2055 Term Treasury ETF,Target Maturity,iShares,3747441.0,,,,3747441.0,23.6001,23.5682,23.6328,,799,772,,,,
IBHE,iShares iBonds 2025 Term High Yield and Income ETF,Target Maturity,iShares,579755584.0,0.0647,0.070394605,0.0632838,579755580.0,23.21657,23.21,23.2,,325236,170322,,,6.47,
IBHF,iShares iBonds 2026 Term High Yield and Income ETF,Target Maturity,iShares,790684416.0,0.0699,0.0734409,,790684420.0,23.10502,23.18,23.1691,,158488,321334,10.866962,,6.99,
IBHG,iShares iBonds 2027 Term High Yield and Income ETF,High Yield Bond,iShares,274302656.0,0.0682,0.0722565,,274302656.0,22.2509,22.33,22.34,,58649,94187,,,6.82,
IBHH,iShares iBonds 2028 Term High Yield and Income ETF,Target Maturity,iShares,220321888.0,0.0691,0.072518304,,220321888.0,23.28681,23.35,23.43,,22930,67092,,,6.91,
IBHI,iShares iBonds 2029 Term High Yield and Income ETF,Target Maturity,iShares,156327952.0,0.0691,0.0727147,,156327952.0,23.05991,23.16,23.1,,15596,59538,10.720874,,6.91,
IBHJ,iShares iBonds 2030 Term High Yield and Income ETF,Target Maturity,iShares,55585000.0,0.0682,,,55585000.0,25.92091,26.072,25.99,,5738,12458,,,6.82,
IBHK,,Target Maturity,iShares,22658212.0,,,,22658212.0,25.27217,25.335,25.25,,57218,15214,,,,
IBHL,iShares iBonds 2032 Term High Yield and Income ETF,Target Maturity,iShares,11184998.0,,,,11184998.0,24.93144,25.0348,25.0151,,1392,4586,,,,
IBIB,iShares iBonds Oct 2025 Term TIPS ETF,Target Maturity,iShares,34363832.0,0.052399997,,,34363832.0,25.49277,25.495,25.52,,2721,11001,,,5.24,
IBIC,iShares iBonds Oct 2026 Term TIPS ETF,Target Maturity,iShares,47955736.0,0.048,,,47955736.0,25.86627,25.89,25.9,,4372,15915,,,4.8,
IBID,iShares iBonds Oct 2027 Term TIPS ETF,Target Maturity,iShares,43276200.0,0.0436,,,43276200.0,26.07813,26.08,26.12,,4586,18060,,,4.36,
IBIE,iShares iBonds Oct 2028 Term TIPS ETF,Target Maturity,iShares,43302280.0,0.044,,,43302280.0,26.06385,26.075,26.12,,8302,37180,,,4.4,
IBIF,iShares iBonds Oct 2029 Term TIPS ETF,Target Maturity,iShares,36841916.0,0.042,,,36841916.0,26.11933,26.13,26.16,,14165,7261,,,4.2,
IBIG,iShares iBonds Oct 2030 Term TIPS ETF,Target Maturity,iShares,64430912.0,0.0434,,,64430912.0,26.07273,26.075,26.14,,9010,31711,,,4.34,
IBIH,iShares iBonds Oct 2031 Term TIPS ETF,Target Maturity,iShares,26153072.0,0.044699997,,,26153072.0,25.91505,25.9,25.94,,2269,4133,,,4.47,
IBII,iShares iBonds Oct 2032 Term TIPS ETF,Target Maturity,iShares,20668844.0,0.049099997,,,20668844.0,25.58019,25.58,25.65,,1874,3590,,,4.91,
IBIJ,iShares iBonds Oct 2033 Term TIPS ETF,Target Maturity,iShares,25860472.0,0.0454,,,25860472.0,25.5619,25.55,25.63,,1802,3126,,,4.54,
IBIK,iShares iBonds Oct 2034 Term TIPS ETF,Target Maturity,iShares,40918244.0,,,,40918244.0,25.21392,25.2098,25.27,,246605,13363,,,,
IBIL,iShares iBonds Oct 2035 Term TIPS ETF,Target Maturity,iShares,5053925.0,,,,5053925.0,24.8554,24.765,24.86,,4625,7830,,,,
IBIT,iShares Bitcoin Trust ETF,Digital Assets,iShares,56501858304.0,0.0,,,56501858000.0,61.89184,63.23,61.815,,61190227,47391893,,,0.0,
IBLC,iShares Blockchain and Tech ETF,Digital Assets,iShares,29407884.0,0.020399999,0.25756758,,29407884.0,32.73849,33.8054,32.78,,8778,11496,17.4819,,2.04,
IBMN,iShares iBonds Dec 2025 Term Muni Bond ETF,Muni Target Maturity,iShares,453042464.0,0.020499999,0.023245001,0.0059893,453042464.0,26.73522,26.76,26.74,,32727,76973,,,2.05,
IBMO,iShares iBonds Dec 2026 Term Muni Bond ETF,Muni Target Maturity,iShares,509008128.0,0.0223,0.024841001,0.0060689,509008128.0,25.52607,25.53,25.5299,,57088,65319,,,2.23,
IBMP,iShares iBonds Dec 2027 Term Muni Bond ETF,Muni Target Maturity,iShares,521915680.0,0.0239,0.0266142,0.0048442,521915680.0,25.19502,25.19,25.2,,77360,78436,,,2.39,
IBMQ,iShares iBonds Dec 2028 Term Muni Bond ETF,Muni Target Maturity,iShares,435891328.0,0.0239,0.027456801,0.0030874,435891328.0,25.18966,25.16,25.25,,24571,68696,,,2.39,
IBMR,iShares iBonds Dec 2029 Term Muni Bond ETF,Muni Target Maturity,iShares,234942128.0,0.0256,,,234942128.0,24.93792,24.91,24.97,,49781,57784,,,2.56,
IBMS,,Muni Target Maturity,iShares,64331272.0,,,,64331272.0,25.32355,25.33,25.369,,16725,34223,,,,
IBMT,iShares iBonds Dec 2031 Term Muni Bond ETF,Muni Target Maturity,iShares,3739473.0,,,,3739473.0,25.00013,24.985,25.06,,23665,4812,,,,
IBND,SPDR Bloomberg International Corporate Bond ETF,Global Bond,SPDR State Street Global Advisors,252454368.0,0.0232,0.0384083,0.0080876,252454368.0,31.11,30.94,31.1,,588251,145677,,,2.32,
IBOT,Vaneck Robotics ETF,Technology,VanEck,13715437.0,0.0295,,,13715437.0,41.94,42.26,41.79,,8954,7061,26.802853,,2.95,
IBRN,iShares Neuroscience and Healthcare ETF,Health,iShares,3400350.0,0.0045,,,3400350.0,22.00252,22.0629,21.91,,2982,1044,,,0.45,
IBTF,iShares iBonds Dec 2025 Term Treasury ETF,Target Maturity,iShares,2132846464.0,0.043,0.0278181,0.0030434001,2132846460.0,23.34708,23.35,23.35,,575274,566322,,,4.3,
IBTG,iShares iBonds Dec 2026 Term Treasury ETF,Target Maturity,iShares,1852462080.0,0.040700004,0.0242123,-0.0030586002,1852462080.0,22.87051,22.865,22.89,,237568,447001,,,4.07,
IBTH,iShares iBonds Dec 2027 Term Treasury ETF,Target Maturity,iShares,1516030848.0,0.0395,0.021600598,-0.0086826,1516030850.0,22.36953,22.365,22.41,,202627,416673,,,3.95,
IBTI,iShares iBonds Dec 2028 Term Treasury ETF,Target Maturity,iShares,1000611328.0,0.038399998,0.0189949,-0.0129855005,1000611330.0,22.17818,22.165,22.23,,117078,202757,,,3.84,
IBTJ,iShares iBonds Dec 2029 Term Treasury ETF,Target Maturity,iShares,656322624.0,0.038,0.0153279,-0.0174432,656322620.0,21.67575,21.655,21.73,,101253,182936,,,3.8,
IBTK,iShares iBonds Dec 2030 Term Treasury ETF,Target Maturity,iShares,432230464.0,0.038,0.0091722,,432230464.0,19.54385,19.51,19.5608,,74054,137638,,,3.8,
IBTL,iShares iBonds Dec 2031 Term Treasury ETF,Target Maturity,iShares,370626080.0,0.0395,0.0037584,,370626080.0,20.14213,20.105,20.16,,69429,123966,,,3.95,
IBTM,iShares iBonds Dec 2032 Term Treasury ETF,Target Maturity,iShares,321995904.0,0.038,,,321995904.0,22.58649,22.54,22.61,,77416,102865,,,3.8,
IBTO,Ishares Ibonds Dec 2033 Term Treasury ETF,Target Maturity,iShares,336547200.0,0.0405,,,336547200.0,23.98515,23.9415,24.02,,99294,74101,,,4.05,
IBTP,iShares iBonds Dec 2034 Term Treasury ETF,Target Maturity,iShares,131502712.0,,,,131502712.0,25.12768,25.07,25.1761,,54606,39717,,,,
IBTQ,iShares iBonds Dec 2035 Term Treasury ETF,,,,,,,,,24.6672,24.74,,5078,3653,,,,
IBUF,Innovator International Developed 10 Buffer ETF - Quarterly,Defined Outcome,Innovator ETFs,23547592.0,,,,23547592.0,27.3641,27.4202,27.33,,2065,14044,16.374315,,,
IBUY,Amplify Online Retail ETF,Consumer Cyclical,Amplify ETFs,137444816.0,0.0,0.1329364,0.0104126,137444816.0,66.1363,66.56,65.24,510516288.0,3297,27307,25.88515,,0.0,
ICAP,Infrastructure Capital Equity Income Fund ETF,Mid-Cap Value,InfraCap,56275992.0,0.0943,0.0317088,,56275992.0,24.5578,24.6299,24.74,,5644,11268,18.693974,,9.43,
ICF,iShares Select U.S. REIT ETF,Real Estate,iShares,1946096000.0,0.026199998,0.011121401,0.0747992,1946096000.0,60.15554,60.16,59.87,1200590976.0,80835,106617,33.05074,,2.62,
ICLN,iShares Global Clean Energy ETF,Miscellaneous Sector,iShares,1313915776.0,0.0178,-0.1203957,0.0324025,1313915780.0,12.58353,12.46,12.33,,4037805,2165577,16.070671,,1.78,
ICLO,Invesco Aaa Clo Floating Rate Note ETF,Ultrashort Bond,Invesco,304434592.0,0.061300002,,,304434592.0,25.51,25.495,25.51,,82812,162969,,,6.13,
ICOI,Bitwise COIN Option Income Strategy ETF,Derivative Income,Bitwise Investments,541053.0,,,,541053.0,62.158,56.0662,55.31,,11741,1016,,,,
ICOP,Ishares Copper And Metals Mining ETF,Natural Resources,iShares,49514376.0,0.0183,,,49514376.0,28.10753,27.49,27.49,,19873,16290,18.189066,,1.83,
ICOW,Pacer Developed Markets International Cash Cows 100 ETF,Foreign Large Value,Pacer,1050004032.0,0.0464,0.0748445,0.1392342,1050004030.0,33.1763,33.09,32.88,,68456,239514,10.697803,,4.64,
ICSH,iShares Ultra Short Duration Bond Active ETF,Ultrashort Bond,iShares,5993608192.0,0.050300002,0.0478665,0.029263102,5993608200.0,50.60099,50.59,50.62,,678393,1471874,,,5.03,
ICVT,iShares Convertible Bond ETF,Convertibles,iShares,2404629504.0,0.0225,0.085708596,0.0989538,2404629500.0,86.9092,86.81,86.39,,186363,365230,,,2.25,
IDAT,iShares Future Cloud 5G and Tech ETF,Technology,iShares,7310986.0,0.0077,0.1519104,,7310986.0,32.90427,33.6761,33.36,,173,2371,29.062943,,0.77,
IDEC,Innovator International Developed Power Buffer ETF - December,Defined Outcome,Innovator ETFs,22154838.0,0.0,,,22154838.0,29.2517,29.3234,29.31,,148,2422,16.51511,,0.0,
IDEF,,,,,,,,,,25.2012,25.05,,50481,37833,,,,
IDEV,iShares Core MSCI International Developed Markets ETF,Foreign Large Blend,iShares,18953390080.0,0.0297,0.111637294,0.124324106,18953390100.0,74.51772,74.31,73.78,,728654,1948415,16.825947,,2.97,
IDGT,iShares U.S. Digital Infrastructure and Real Estate ETF,Technology,iShares,105900320.0,0.018099999,0.092512,0.107379705,105900320.0,78.65665,79.08,78.1,,9018,14666,33.0017,,1.81,
IDHQ,Invesco S&P International Developed Quality ETF,Foreign Large Growth,Invesco,408270752.0,0.0232,0.105861396,0.095747605,408270752.0,32.03,32.08,31.93,,42236,85926,19.272009,,2.32,
IDLV,Invesco S&P International Developed Low Volatility ETF,Foreign Large Blend,Invesco,275281152.0,0.0304,0.0727276,0.0790869,275281152.0,32.86,32.8236,32.5,,51091,106088,17.24886,,3.04,
IDMO,Invesco S&P International Developed Momentum ETF,Foreign Large Blend,Invesco,671113984.0,0.0177,0.1812653,0.1691078,671113980.0,49.29,49.33,48.96,,174486,242984,18.805494,,1.77,
IDNA,iShares Genomics Immunology and Healthcare ETF,Health,iShares,111770632.0,0.0106,-0.1104113,-0.1089515,111770632.0,20.14158,20.1777,19.88,,11652,33742,21.821049,,1.06,
IDOG,ALPS International Sector Dividend Dogs ETF,Foreign Large Value,ALPS,305950272.0,0.0469,0.1137068,0.1502687,305950272.0,33.47,33.55,33.27,,12262,38641,11.700421,,4.69,
IDRV,iShares Self-Driving EV and Tech ETF,Industrials,iShares,139815472.0,0.0269,-0.0646149,0.059579503,139815472.0,30.93099,31.07,30.58,,17797,23946,11.7868,,2.69,
IDU,iShares U.S. Utilities ETF,Utilities,iShares,1433961728.0,0.0227,0.082258195,0.1109553,1433961730.0,104.20366,102.94,103.59,609511488.0,50390,121679,22.003645,,2.27,
IDUB,Aptus International Enhanced Yield ETF,Derivative Income,APTUS ETFs,282610496.0,0.0543,0.0556527,,282610496.0,22.008,21.98,21.87,,37137,37920,16.012667,,5.43,
IDV,iShares International Select Dividend ETF,Foreign Large Value,iShares,4689231872.0,0.053200003,0.09786549,0.14251429,4689231900.0,33.66342,33.64,33.42,,521202,874623,9.881991,,5.32,
IDVO,Amplify CWP International Enhanced Dividend Income ETF,Foreign Large Blend,Amplify ETFs,226312576.0,0.0588,,,226312576.0,33.3646,33.25,32.98,,73172,87519,16.157217,,5.88,
IDVZ,Opal International Dividend Income ETF,Foreign Large Value,TrueShares,74132528.0,,,,74132528.0,28.9141,28.8852,28.7999,,13757,17230,13.979209,,,
IDX,VanEck Indonesia Index ETF,Miscellaneous Region,VanEck,29606922.0,0.044099998,-0.0656004,0.0392798,29606922.0,14.97,14.66,14.77,29074500.0,10039,41880,12.006575,,4.41,
IEDI,iShares U.S. Consumer Focused ETF,Consumer Cyclical,iShares,33433374.0,0.0097,0.16296221,0.1354041,33433374.0,52.92155,53.3866,52.675,,2128,5534,27.194508,,0.97,
IEF,iShares 7-10 Year Treasury Bond ETF,Long Government,iShares,34838351872.0,0.0361,-0.0014433999,-0.0299628,34838352000.0,93.69414,93.5,93.92,13690419200.0,9860358,11123847,,,3.61,
IEFA,iShares Core MSCI EAFE ETF,Foreign Large Blend,iShares,133191262208.0,0.031,0.11437841,0.121223696,133191262000.0,81.83849,81.69,81.05,,10761603,13118398,16.514914,,3.1,
IEI,iShares 3-7 Year Treasury Bond ETF,Intermediate Government,iShares,16455337984.0,0.0317,0.0190035,-0.0067112,16455338000.0,117.50876,117.37,117.76,,2081628,2363796,,,3.17,
IEMG,iShares Core MSCI Emerging Markets ETF,Diversified Emerging Mkts,iShares,83732398080.0,0.0308,0.0697573,0.0864847,83732398000.0,57.32673,57.19,57.07,66113462272.0,9284785,12457080,14.703315,,3.08,
IEO,iShares U.S. Oil & Gas Exploration & Production ETF,Equity Energy,iShares,463332064.0,0.028199999,0.0089889,0.2389497,463332064.0,85.60668,85.72,84.75,,44955,83092,13.007888,,2.82,
IEQ,Lazard Active ETF Trust - Lazard International Dynamic Equity ETF,,,,,,,,,25.7031,25.7,,28171,17800,,,,
IETC,iShares U.S. Tech Independence Focused ETF,Technology,iShares,440672256.0,0.0054,0.250728,0.199696,440672256.0,85.28374,86.17,84.67,,58330,76306,37.076557,,0.54,
IEUR,iShares Core MSCI Europe ETF,Europe Stock,iShares,5819544576.0,0.0305,0.1279112,0.1376004,5819544600.0,65.21415,65.36,64.63,,516056,1263547,17.455553,,3.05,
IEUS,iShares MSCI Europe Small-Cap ETF,Europe Stock,iShares,103695032.0,0.0286,0.079840496,0.1120869,103695032.0,64.4181,64.55,63.89,193485600.0,2851,14571,14.788097,,2.86,
IEV,iShares Europe ETF,Europe Stock,iShares,2054875136.0,0.026800001,0.1314844,0.13955909,2054875140.0,62.7049,62.97,62.02,2523354112.0,577987,517866,17.616238,,2.68,
IEZ,iShares U.S. Oil Equipment & Services ETF,Equity Energy,iShares,116000592.0,0.0225,-0.044358,0.1651898,116000592.0,16.24494,16.21,15.91,,260864,173201,11.198121,,2.25,
IFEB,Innovator International Developed Power Buffer ETF - February,Defined Outcome,Innovator ETFs,27914146.0,0.0,,,27914146.0,27.9792,27.9797,27.85,,272,10847,16.58884,,0.0,
IFGL,iShares International Developed Real Estate ETF,Global Real Estate,iShares,95703528.0,0.0434,-0.020137899,0.0262924,95703528.0,21.64669,21.34,21.46,,5793,23126,18.261593,,4.34,
IFRA,iShares U.S. Infrastructure ETF,Infrastructure,iShares,2287317248.0,0.0202,0.10916799,0.18620911,2287317250.0,47.40945,47.14,46.75,,250016,683539,19.990831,,2.02,
IFV,First Trust Dorsey Wright International Focus 5 ETF,Foreign Large Blend,First Trust,107212192.0,0.0178,0.062593095,0.1028983,107212192.0,22.01,21.9251,21.71,,13359,18488,13.901025,,1.78,
IG,Principal Investment Grade Corporate Active ETF,Corporate Bond,Principal Funds,97231888.0,0.0521,0.023745101,-8.28e-05,97231888.0,20.19692,20.2335,20.23,,9721,20788,,,5.21,
IGBH,iShares Interest Rate Hedged Long-Term Corporate Bond ETF,Ultrashort Bond,iShares,96139664.0,0.0708,0.077649206,0.0677625,96139664.0,23.67322,23.725,23.78,,8580,50403,,,7.08,
IGCB,TCW Corporate Bond ETF,Corporate Bond,TCW ETF,25733374.0,0.036,,,25733374.0,45.1701,44.9459,45.2,,500,7441,,,3.6,
IGE,iShares North American Natural Resources ETF,Natural Resources,iShares,594908224.0,0.026500002,0.0391092,0.1828446,594908220.0,42.83799,42.52,42.27,905960256.0,32703,84388,16.260511,,2.65,
IGEB,iShares Investment Grade Systematic Bond ETF,Corporate Bond,iShares,1080921984.0,0.0506,0.038550302,0.008625,1080921980.0,44.26077,44.31,44.36,,82729,170485,,,5.06,
IGF,iShares Global Infrastructure ETF,Infrastructure,iShares,6410316800.0,0.0297,0.0848026,0.1292261,6410316800.0,58.68536,58.16,58.03,,354860,725277,20.023888,,2.97,
IGHG,ProShares Investment Grade—Interest Rate Hedged,Nontraditional Bond,ProShares,259847920.0,0.0523,0.0860363,0.065499805,259847920.0,77.5112,77.6413,77.555,,3408,22193,,,5.23,
IGIB,iShares 5-10 Year Investment Grade Corporate Bond ETF,Corporate Bond,iShares,14703244288.0,0.044299997,0.04046,0.0097355,14703244300.0,51.97582,51.92,52.05,,818760,1926466,,,4.43,
IGLB,iShares 10+ Year Investment Grade Corporate Bond ETF,Long-Term Bond,iShares,2483075328.0,0.051599998,0.0053227004,-0.025764,2483075330.0,47.93566,47.93,48.03,,478289,916739,,,5.16,
IGLD,FT Vest Gold Strategy Target Income ETF,Commodities Focused,First Trust,200750624.0,0.155,0.145175,,200750624.0,21.91,21.67,21.77,,140842,118663,,,15.5,
IGM,iShares Expanded Tech Sector ETF,Technology,iShares,5401396736.0,0.0025,0.2504748,0.1862321,5401396700.0,100.67732,101.86,100.17,775544000.0,1858106,613055,32.5512,,0.25,
IGOV,iShares International Treasury Bond ETF,Global Bond,iShares,841204608.0,0.0054,-0.0082931,-0.0324713,841204610.0,41.56214,41.21,41.41,,323996,454958,,,0.54,
IGPT,Invesco AI and Next Gen Software ETF,Technology,Invesco,382043616.0,0.0,0.1237908,0.0613421,382043616.0,44.42,44.91,44.22,,75137,58514,27.743092,,0.0,
IGRO,iShares International Dividend Growth ETF,Foreign Large Blend,iShares,1083849600.0,0.0217,0.1119862,0.1323099,1083849600.0,77.93824,77.71,76.99,,57048,74777,17.315395,,2.17,
IGSB,iShares 1-5 Year Investment Grade Corporate Bond ETF,Short-Term Bond,iShares,21001369600.0,0.041199997,0.043505203,0.021526402,21001369600.0,52.23644,52.22,52.31,,1341741,4230173,,,4.12,
IGTR,Innovator Gradient Tactical Rotation Strategy ETF,Global Large-Stock Blend,Innovator ETFs,74137192.0,0.024600001,,,74137192.0,23.8373,23.7872,23.65,,8884,18717,23.910507,,2.46,
IGV,iShares Expanded Tech-Software Sector ETF,Technology,iShares,11081979904.0,0.0,0.22444001,0.1433237,11081979900.0,101.88217,102.71,101.48,1274125056.0,3956292,6156987,43.532795,,0.0,
IHAK,iShares Cybersecurity and Tech ETF,Technology,iShares,935492288.0,0.002,0.1229951,0.1186739,935492290.0,51.24552,51.75,50.8,,42653,117946,27.318144,,0.2,
IHDG,WisdomTree International Hedged Quality Dividend Growth Fund,Foreign Large Growth,WisdomTree,2563348992.0,0.019299999,0.086575896,0.1037785,2563348990.0,44.582,44.83,44.22,,330711,482958,21.930334,,1.93,
IHE,iShares U.S. Pharmaceuticals ETF,Health,iShares,597943936.0,0.016900001,0.014553401,0.0613567,597943940.0,63.63764,63.49,63.03,,63820,114846,19.474562,,1.69,
IHF,iShares U.S. Healthcare Providers ETF,Health,iShares,635878208.0,0.0082,-0.0323293,0.0432689,635878210.0,46.17276,46.42,46.29,,319818,178346,17.050554,,0.82,
IHI,iShares U.S. Medical Devices ETF,Health,iShares,4493023232.0,0.0046,0.046141,0.0739163,4493023200.0,60.7255,60.88,60.4,,856535,756625,31.024485,,0.46,
IHY,VanEck International High Yield Bond ETF,High Yield Bond,VanEck,27710624.0,0.0496,0.069943696,0.039692,27710624.0,21.41,21.43,21.35,,4119,19911,62.814583,,4.96,
IHYF,Invesco High Yield Bond Factor ETF,High Yield Bond,Invesco,45432716.0,0.0735,0.0696028,,45432716.0,22.02,22.21,22.1,,860,24438,,,7.35,
IIGD,Invesco Investment Grade Defensive ETF,Short-Term Bond,Invesco,25839984.0,0.041199997,0.0361134,0.0096516,25839984.0,24.42,24.42,24.46,,2631,7331,,,4.12,
IJAN,Innovator International Developed Power Buffer ETF - January,Defined Outcome,Innovator ETFs,203474112.0,0.0,0.0933311,0.082088605,203474112.0,33.4152,33.4886,33.16,,1077,33073,16.49031,,0.0,
IJH,iShares Core S&P Mid-Cap ETF,Mid-Cap Blend,iShares,86837911552.0,0.0146,0.090348996,0.1360895,86837912000.0,59.59603,59.7,58.84,15338466304.0,7656340,11755211,18.819183,,1.46,
IJJ,iShares S&P Mid-Cap 400 Value ETF,Small Value,iShares,7271721472.0,0.020499999,0.078094505,0.1558409,7271721500.0,118.62548,118.76,117.41,4739268608.0,264974,326888,16.301054,,2.05,
IJK,iShares S&P Mid-Cap 400 Growth ETF,Mid-Cap Growth,iShares,8105390592.0,0.0083,0.099579,0.112873696,8105390600.0,87.46273,87.56,86.24,2960859648.0,241748,447831,21.87453,,0.83,
IJR,iShares Core S&P Small-Cap ETF,Small Blend,iShares,73928622080.0,0.023599999,0.0404996,0.1202463,73928622000.0,104.00878,104.54,102.63,58832343040.0,3543266,5648547,16.367016,,2.36,
IJS,iShares S&P Small-Cap 600 Value ETF,Small Value,iShares,5816833024.0,0.021,0.0168419,0.1273445,5816833000.0,94.42888,95.04,93.34,3895237632.0,223574,439950,13.608824,,2.1,
IJT,iShares S&P Small-Cap 600 Growth ETF,Small Growth,iShares,5590910464.0,0.0121,0.061078202,0.1087203,5590910500.0,126.79314,127.36,125.24,3821210880.0,68035,213211,19.52541,,1.21,
IJUL,Innovator International Developed Power Buffer ETF - July,Defined Outcome,Innovator ETFs,143679728.0,0.0,0.0927859,0.0682595,143679728.0,30.9276,30.8768,30.881,,1146,16049,16.642565,,0.0,
IJUN,Innovator International Developed Power Buffer ETF - June,Defined Outcome,Innovator ETFs,30131232.0,,,,30131232.0,27.0624,27.0388,27.0299,,4579,8747,16.65804,,,
ILCB,iShares Morningstar U.S. Equity ETF,Large Blend,iShares,937820992.0,0.012999999,0.1537109,0.15749541,937820990.0,80.29133,80.83,79.83,,9719,30479,25.298018,,1.3,
ILCG,iShares Morningstar Growth ETF,Large Growth,iShares,2296450048.0,0.0054,0.20244369,0.154154,2296450050.0,89.12887,89.88,88.66,,188844,114001,34.519806,,0.54,
ILCV,iShares Morningstar Value ETF,Large Value,iShares,994320576.0,0.0209,0.1016169,0.1368737,994320580.0,79.66375,80.04,79.13,,15367,60317,19.3788,,2.09,
ILDR,First Trust Innovation Leaders ETF,Large Growth,First Trust,56622600.0,0.0,0.2159129,,56622600.0,26.1,26.1991,25.9472,,6088,20985,33.047913,,0.0,
ILF,iShares Latin America 40 ETF,Latin America Stock,iShares,1493545856.0,0.0625,0.0531277,0.1308946,1493545860.0,25.73069,25.57,25.12,1228129920.0,2247761,1693671,11.701538,,6.25,
ILIT,Ishares Lithium Miners And Producers ETF,Natural Resources,iShares,3393319.0,0.076,,,3393319.0,7.40023,7.43,7.3562,,590,4020,,,7.6,
ILOW,AB International Low Volatility Equity ETF,Foreign Large Blend,AllianceBernstein,1083368192.0,0.0150999995,0.1326104,0.114545606,1083368190.0,40.373,40.4077,40.28,,96791,70238,17.638058,,1.51,
ILS,Brookmont Catastrophic Bond ETF,Miscellaneous Fixed Income,"Brookmont Capital Management, LLC",6987314.0,,,,6987314.0,20.04,20.06,20.0407,,1266,13865,,,,
ILTB,iShares Core 10+ Year USD Bond ETF,Long-Term Bond,iShares,607148608.0,0.048800003,-0.0159007,-0.0471351,607148610.0,47.3344,47.29,47.48,,31018,71482,,,4.88,
IMAR,Innovator International Developed Power Buffer ETF - March,Defined Outcome,Innovator ETFs,40423572.0,0.0,,,40423572.0,27.4241,27.5932,27.541,,3160,40071,16.523212,,0.0,
IMAY,Innovator International Developed Power Buffer ETF - May,Defined Outcome,Innovator ETFs,12167413.0,0.0,,,12167413.0,27.2882,27.6952,27.58,,14827,20914,16.538532,,0.0,
IMCB,iShares Morningstar Mid-Cap ETF,Mid-Cap Blend,iShares,988834048.0,0.0152,0.0983772,0.13497719,988834050.0,76.0003,76.35,75.45,,19627,35095,21.242178,,1.52,
IMCG,iShares Morningstar Mid-Cap Growth ETF,Mid-Cap Growth,iShares,2491096576.0,0.008,0.1267213,0.114606,2491096580.0,76.06236,76.67,75.47,,85612,204553,28.709166,,0.8,
IMCV,iShares Morningstar Mid-Cap Value ETF,Mid-Cap Value,iShares,639831360.0,0.026099999,0.0706065,0.1582914,639831360.0,73.16928,73.36,72.7,,18301,33177,16.63666,,2.61,
IMF,Invesco Managed Futures Strategy ETF,Systematic Trend,Invesco,305991424.0,,,,305991424.0,43.97,43.8864,43.8099,,55,12702,14.8532295,,,
IMFL,Invesco International Developed Dynamic Multifactor ETF,Foreign Large Blend,Invesco,544974016.0,0.030299999,0.0939046,,544974020.0,26.63,26.62,26.38,,8980,55555,21.429518,,3.03,
IMOM,Alpha Architect International Quantitative Momentum ETF,Foreign Large Blend,Alpha Architect,91844600.0,0.0399,0.093551196,0.084986694,91844600.0,31.2193,30.97,31.085,,3084,23855,13.919021,,3.99,
IMST,Bitwise MSTR Option Income Strategy ETF,Derivative Income,Bitwise Investments,41056336.0,,,,41056336.0,59.65,52.5877,52.04,,305334,79633,,,,
IMTB,iShares Core 5-10 Year USD Bond ETF,Intermediate Core-Plus Bond,iShares,247589296.0,0.0436,0.0196146,-0.0049334,247589296.0,42.64456,42.63,42.6322,,6746,28436,,,4.36,
IMTM,iShares MSCI Intl Momentum Factor ETF,Foreign Large Blend,iShares,2669896448.0,0.025899999,0.1378691,0.117224194,2669896450.0,44.23408,44.1,43.74,,682481,433198,19.829006,,2.59,
INCE,Franklin Income Equity Focus ETF,Large Blend,Franklin Templeton Investments,86363568.0,0.048,0.0960944,0.1197791,86363568.0,55.18,55.13,54.95,,974,10309,17.225353,,4.8,
INCM,Franklin Income Focus ETF,Moderately Conservative Allocation,Franklin Templeton Investments,577700096.0,0.0543,,,577700100.0,26.28,26.34,26.29,,150365,177101,18.4261,,5.43,
INCO,Columbia India Consumer ETF,India Equity,Columbia Threadneedle,312742656.0,0.0291,0.1570048,0.1929443,312742656.0,64.58,63.6,64.35,,18841,51726,34.70448,,2.91,
INDA,iShares MSCI India ETF,India Equity,iShares,9093673984.0,0.0074,0.101020806,0.17669901,9093674000.0,54.4749,53.79,54.3,,7155719,8091753,24.466927,,0.74,
INDE,Matthews India Active ETF,India Equity,Matthews Asia Funds,13911486.0,0.0058,,,13911486.0,29.527,28.8674,29.39,,145,2733,27.173351,,0.58,
INDF,Range India Financials ETF,India Equity,Exchange Traded Concepts,10624143.0,0.0559,0.1559577,,10624143.0,39.08,38.5825,38.99,,2038,5544,18.584782,,5.59,
INDH,WisdomTree India Hedged Equity Fund ETF,India Equity,WisdomTree,7400252.0,,,,7400252.0,42.981,42.47,42.5,,941,1307,25.325262,,,
INDL,Direxion Daily MSCI India Bull 2x Shares,Trading--Leveraged Equity,Direxion Funds,89293312.0,0.0277,0.110152595,0.33386108,89293312.0,61.304,59.51,60.6,,46335,66036,24.686651,,2.77,
INDS,Pacer Benchmark Industrial Real Estate SCTR ETF,Real Estate,Pacer,138281376.0,0.0272,-0.018093,0.0652741,138281376.0,35.9532,35.8396,35.65,,12445,20383,22.654606,,2.72,
INDY,iShares India 50 ETF,India Equity,iShares,693761792.0,0.0008,0.0937722,0.17322531,693761790.0,53.54888,52.79,53.33,,82164,230326,23.018919,,0.08,
INEQ,Columbia International Equity Income ETF,Foreign Large Value,Columbia Threadneedle,33014456.0,0.0154,0.1342939,0.1489941,33014456.0,34.25,34.1645,34.2299,,1012,4215,13.251981,,1.54,
INFL,Horizon Kinetics Inflation Beneficiaries ETF,Global Small/Mid Stock,Horizon Kinetics,1194805120.0,0.0168,0.12657389,,1194805120.0,42.2091,41.79,41.8,,77041,154726,25.122702,,1.68,
INFO,Harbor PanAgora Dynamic Large Cap Core ETF,Large Blend,Harbor,63711276.0,,,,63711276.0,20.47313,20.6107,20.49,,2425,3960,23.666306,,,
INFR,ClearBridge Sustainable Infrastructure ETF,Infrastructure,Franklin Templeton Investments,11637828.0,0.020599999,,,11637828.0,26.27,26.2212,26.19,,373,1839,18.049776,,2.06,
INKM,SPDR SSgA Income Allocation ETF,Global Moderately Conservative Allocation,SPDR State Street Global Advisors,66686556.0,0.047,0.045141503,0.0612637,66686556.0,31.90282,31.8433,31.89,,4850,9012,20.185469,,4.7,
INMU,iShares Intermediate Muni Income Active ETF,Muni National Interm,iShares,74508608.0,0.0353,0.030622499,,74508608.0,23.23456,23.24,23.27,,40068,54811,,,3.53,
INOV,Innovator International Developed Power Buffer ETF - November,Defined Outcome,Innovator ETFs,13816560.0,0.0,,,13816560.0,31.4931,31.5469,31.54,,1486,2682,16.581467,,0.0,
INQQ,INQQ The India Internet ETF,India Equity,Exchange Traded Concepts,62712948.0,0.0123000005,0.080449894,,62712948.0,16.01,15.6554,15.86,,12763,38007,43.090176,,1.23,
INRO,iShares U.S. Industry Rotation Active ETF,Large Blend,iShares,24381546.0,0.0069,,,24381546.0,27.06096,27.2258,27.02,,985,7377,24.84496,,0.69,
INTF,iShares International Equity Factor ETF,Foreign Large Blend,iShares,1929178496.0,0.0315,0.1237391,0.1286286,1929178500.0,33.55457,33.52,33.27,,75561,463414,14.679062,,3.15,
INTL,Main International ETF,Foreign Large Blend,Main Management ETFs,123215792.0,0.0252,,,123215792.0,24.85,24.745,24.697,,10262,15438,15.880506,,2.52,
INTW,GraniteShares 2x Long INTC Daily ETF,,,,,,,,,17.22,16.5,,187136,328988,,,,
INVN,Alger Russell Innovation ETF,Large Growth,Alger,11167982.0,,,,11167982.0,18.33,18.4989,18.24,,1759,4177,19.57131,,,
IOCT,Innovator International Developed Power Buffer ETF- October,Defined Outcome,Innovator ETFs,124050184.0,0.0,0.1034319,,124050184.0,31.9334,32.0362,31.91,,5226,106449,17.301838,,0.0,
ION,Proshares S&P Global Core Battery Metals ETF,Natural Resources,ProShares,2548127.0,0.017,,,2548127.0,27.9392,27.38,27.61,,3698,1480,18.333277,,1.7,
IONL,GraniteShares 2x Long IONQ Daily ETF,,,,,,,,,59.57,49.0,,274061,39911,,,,
IONX,Defiance Daily Target 2X Long IONQ ETF,,,,,,,,,85.255,69.97,,1805599,544417,,,,
IOO,iShares Global 100 ETF,Global Large-Stock Blend,iShares,5984395264.0,0.0113,0.15830751,0.1693909,5984395300.0,100.96324,101.68,100.28,4313475072.0,71480,232639,23.940626,,1.13,
IOPP,Simplify Tara India Opportunities ETF,India Equity,Simplify Asset Management,9148695.0,0.0744,,,9148695.0,26.9332,26.4332,26.73,,2010,2482,32.957123,,7.44,
IPAC,iShares Core MSCI Pacific ETF,Diversified Pacific/Asia,iShares,2061414784.0,0.0323,0.0879949,0.092630796,2061414780.0,66.87631,66.18,66.15,,95962,124858,15.090205,,3.23,
IPAV,Global X Infrastructure Development ex-U.S. ETF,Infrastructure,Global X Funds,3262622.0,,,,3262622.0,26.21,26.0383,26.32,,0,1431,15.84556,,,
IPAY,Amplify Digital Payments ETF,Miscellaneous Sector,Amplify ETFs,268924160.0,0.0082,0.081962496,0.0394131,268924160.0,55.6023,56.1167,54.94,,3017,19519,22.312023,,0.82,
IPDP,Dividend Performers ETF,Derivative Income,Innovative Portfolios,20437764.0,0.0416,0.154593,0.21905161,20437764.0,19.4647,20.1633,20.1193,,29,517,22.437025,,4.16,
IPKW,Invesco International BuyBack Achievers ETF,Foreign Large Value,Invesco,161879712.0,0.038900003,0.125961,0.17231889,161879712.0,47.14,47.35,46.9,,25884,104787,10.7946615,,3.89,
IPO,Renaissance IPO ETF,Mid-Cap Growth,Renaissance Capital,128534648.0,0.0032,0.1266802,0.0362864,128534648.0,42.9664,42.9,42.0,,8374,26888,23.292032,,0.32,
IPOS,Renaissance International IPO ETF,Foreign Large Growth,Renaissance Capital,4031973.0,0.0095999995,-0.0745331,-0.1056825,4031973.0,14.2151,14.0742,14.1422,,2870,1119,28.57975,,0.96,
IPPP,Preferred-Plus ETF,Preferred Stock,Innovative Portfolios,11690092.0,0.0589,0.043559898,0.0487004,11690092.0,9.6534,9.6568,9.56,,2007,1249,,,5.89,
IQDF,FlexShares International Quality Dividend Index Fund,Foreign Large Value,Flexshares Trust,672213376.0,0.0647,0.121257894,0.1306397,672213380.0,26.6315,26.705,26.48,,72089,77703,12.806404,,6.47,
IQDG,WisdomTree International Quality Dividend Growth Fund,Foreign Large Growth,WisdomTree,775156992.0,0.0201,0.0775627,0.089390896,775156990.0,38.355,38.31,38.1,,28541,107669,21.970411,,2.01,
IQDY,FlexShares International Quality Dividend Dynamic Index Fund,Foreign Large Value,Flexshares Trust,66029208.0,0.068,0.121615104,0.1445746,66029208.0,31.3556,31.4579,31.26,,3355,8638,13.331159,,6.8,
IQHI,NYLI MacKay High Income ETF,High Yield Bond,New York Life Investment Management LLC,59617180.0,0.0955,,,59617180.0,25.929,25.9201,25.91,,1669,3025,,,9.55,
IQLT,iShares MSCI Intl Quality Factor ETF,Foreign Large Blend,iShares,10409602048.0,0.025799999,0.1112271,0.1169069,10409602000.0,42.52226,42.49,42.12,,728912,2146417,19.87987,,2.58,
IQM,Franklin Intelligent Machines ETF,Technology,Franklin Templeton Investments,27232148.0,0.0,0.2274976,0.2130076,27232148.0,67.63,68.0019,67.19,,1914,3860,41.840904,,0.0,
IQQQ,ProShares Nasdaq-100 High Income ETF,Derivative Income,ProShares,125298608.0,0.061,,,125298608.0,37.9206,38.2826,38.0,,38295,56114,30.30465,,6.1,
IQRA,NYLI CBRE Real Assets ETF,Global Real Estate,New York Life Investment Management LLC,5357031.0,0.0315,,,5357031.0,26.983,26.7403,25.61,,0,101,21.808067,,3.15,
IQSI,NYLI Candriam International Equity ETF,Foreign Large Blend,New York Life Investment Management LLC,208426704.0,0.0247,0.11280619,0.1213895,208426704.0,32.61088,32.6378,32.47,,4070,18323,18.166729,,2.47,
IQSM,NYLI Candriam U.S. Mid Cap Equity ETF,Mid-Cap Blend,New York Life Investment Management LLC,198387696.0,0.0128,,,198387696.0,31.176,31.2819,31.22,,214,4220,20.865753,,1.28,
IQSU,NYLI Candriam U.S. Large Cap Equity ETF,Large Blend,New York Life Investment Management LLC,342145344.0,0.012,0.12968831,0.1516833,342145344.0,47.09898,47.4873,47.03,,2332,9973,26.750286,,1.2,
IRET,iREIT - MarketVector Quality REIT Index ETF,Real Estate,IRET ETF,4226035.0,0.0555,,,4226035.0,18.5868,18.6185,18.55,,214,1428,27.717108,,5.55,
IROC,Invesco Actively Managed Exchange-Traded Fund Trust - Invesco Rochester High Yield Municipal ETF,,,,,,,,,49.8994,49.8801,,275,465,,,,
IRTR,Ishares Lifepath Retirement ETF,Target-Date Retirement,iShares,14870725.0,0.031400003,,,14870725.0,28.72009,28.7173,28.6401,,1043,8255,20.179924,,3.14,
IRVH,Global X Interest Rate Volatility & Inflation Hedge ETF,Inflation-Protected Bond,Global X Funds,2372265.0,0.0305,,,2372265.0,20.96,20.6737,20.77,,12,576,,,3.05,
ISCB,iShares Morningstar Small-Cap ETF,Small Blend,iShares,214782096.0,0.0147,0.0724232,0.105194196,214782096.0,55.33058,55.4733,54.56,,3770,13087,17.352394,,1.47,
ISCF,iShares MSCI Intl Small-Cap Multifactor ETF,Foreign Small/Mid Blend,iShares,326718112.0,0.039,0.090550296,0.1126895,326718112.0,37.25539,36.99,37.01,,20695,54874,13.387109,,3.9,
ISCG,iShares Morningstar Small-Cap Growth ETF,Small Growth,iShares,603813312.0,0.0094,0.0912428,0.0705929,603813310.0,46.85589,46.89,46.3,,25509,105657,24.321949,,0.94,
ISCV,iShares Morningstar Small-Cap Value ETF,Small Value,iShares,419325824.0,0.0225,0.0525189,0.1494714,419325824.0,58.82166,58.96,58.01,,9714,36266,13.733783,,2.25,
ISEP,Innovator International Developed Power Buffer ETF - September,Defined Outcome,Innovator ETFs,79556768.0,0.0,,,79556768.0,30.0562,30.1,30.068,,1540,72484,,,0.0,
ISHG,iShares 1-3 Year International Treasury Bond ETF,Global Bond,iShares,273168096.0,0.0234,0.020390602,0.0009948,273168096.0,74.26929,73.77,74.0,,68349,100257,,,2.34,
ISHP,First Trust S-Network Global E-Commerce ETF,Consumer Cyclical,First Trust,5454184.0,0.0099,0.17373449,0.1236699,5454184.0,38.04,37.95,37.9673,,9,3582,19.466911,,0.99,
ISMD,Inspire Small/Mid Cap ETF,Small Blend,Inspire,164619824.0,0.0145000005,0.051733,0.12541729,164619824.0,33.62,33.82,33.27,,19116,38528,16.451805,,1.45,
ISMF,iShares Managed Futures Active ETF,Systematic Trend,iShares,17179988.0,,,,17179988.0,24.64148,24.635,24.69,,143,3427,21.620106,,,
ISPY,ProShares S&P 500 High Income ETF,Derivative Income,ProShares,767807808.0,0.1167,,,767807810.0,39.8701,40.16,39.79,,165770,242161,24.262598,,11.67,
ISRA,VanEck Israel ETF,Miscellaneous Region,VanEck,94268200.0,0.012,0.061493702,0.081958905,94268200.0,45.66,45.98,45.43,,1111,3649,13.727795,,1.2,
ISTB,iShares Core 1-5 Year USD Bond ETF,Short-Term Bond,iShares,4536100352.0,0.0388,0.0357106,0.0146859,4536100400.0,48.19151,48.18,48.24,,397894,583138,10.964,,3.88,
ISVL,iShares International Developed Small Cap Value Factor ETF,Foreign Small/Mid Value,iShares,27018980.0,0.0348,0.1239454,,27018980.0,40.56714,40.3416,40.09,,20089,4458,12.680141,,3.48,
ISWN,Amplify BlackSwan ISWN ETF,Equity Hedged,Amplify ETFs,30509130.0,0.0305,0.0151358,,30509130.0,19.9617,19.8978,19.85,,1759,3698,,,3.05,
ITA,iShares U.S. Aerospace & Defense ETF,Industrials,iShares,6401786880.0,0.0078,0.21549441,0.18550739,6401786900.0,170.98566,170.2,168.86,,483142,440557,33.635895,,0.78,
ITAN,Sparkline Intangible Value ETF,Large Value,Sparkline Capital,36478816.0,0.0097,0.1318104,,36478816.0,30.4315,30.7082,30.3,,3349,5142,18.402473,,0.97,
ITB,iShares U.S. Home Construction ETF,Consumer Cyclical,iShares,2580523776.0,0.0107,0.17465,0.1728257,2580523780.0,89.70994,90.15,88.7,,1801922,2160484,10.850511,,1.07,
ITDB,Ishares Lifepath Target Date 2030 ETF,Target-Date 2030,iShares,21998664.0,0.0194,,,21998664.0,30.19585,30.22,30.12,,4115,8946,20.291859,,1.94,
ITDC,Ishares Lifepath Target Date 2035 ETF,Target-Date 2035,iShares,29480322.0,0.0191,,,29480322.0,30.75317,30.81,30.67,,2909,14503,20.341774,,1.91,
ITDD,Ishares Lifepath Target Date 2040 ETF,Target-Date 2040,iShares,29335758.0,0.0156,,,29335758.0,31.43627,31.48,31.35,,8091,13552,20.443926,,1.56,
ITDE,Ishares Lifepath Target Date 2045 ETF,Target-Date 2045,iShares,27132624.0,0.0165,,,27132624.0,31.90725,31.962,31.87,,756,7942,20.451817,,1.65,
ITDF,Ishares Lifepath Target Date 2050 ETF,Target-Date 2050,iShares,24876966.0,0.0156,,,24876966.0,32.36277,32.45,32.19,,7959,7460,20.354525,,1.56,
ITDG,Ishares Lifepath Target Date 2055 ETF,Target-Date 2055,iShares,16235439.0,0.014400001,,,16235439.0,32.58925,32.61,32.47,,4175,4984,20.301794,,1.44,
ITDH,Ishares Lifepath Target Date 2060 ETF,Target-Date 2060,iShares,9971947.0,0.0167,,,9971947.0,32.54052,32.6187,32.31,,8730,4425,20.322302,,1.67,
ITDI,Ishares Lifepath Target Date 2065 ETF,Target-Date 2065+,iShares,9347068.0,0.016900001,,,9347068.0,32.53489,32.6094,32.4516,,263,2782,20.30667,,1.69,
ITDJ,iShares LifePath Target Date 2070 ETF,Target-Date 2065+,iShares,2900678.0,,,,2900678.0,25.2413,25.2988,25.2,,782,2422,20.301144,,,
ITEQ,Amplify Bluestar Israel Technology ETF,Technology,Amplify ETFs,85310296.0,0.0001,0.0315445,0.0244608,85310296.0,51.5947,51.6167,50.76,,1256,4477,28.04866,,0.01,
ITM,VanEck Intermediate Muni ETF,Muni National Interm,VanEck,1922992128.0,0.028299998,0.025241598,-0.0002709,1922992130.0,45.14,45.07,45.09,,306038,577777,,,2.83,
ITOT,iShares Core S&P Total U.S. Stock Market ETF,Large Blend,iShares,64055631872.0,0.0134000005,0.14501661,0.1552335,64055632000.0,126.5254,127.32,125.72,40315596800.0,1126077,2638184,24.48807,,1.34,
ITWO,Proshares Russell 2000 High Income ETF,Derivative Income,ProShares,45518136.0,,,,45518136.0,34.2221,34.3365,34.1,,4616,12419,15.77839,,,
IUS,Invesco RAFI Strategic US ETF,Large Value,Invesco,585680576.0,0.0165,0.1131869,0.17072621,585680580.0,49.09,49.32,48.93,,112654,81241,19.431702,,1.65,
IUSB,iShares Core Total USD Bond Market ETF,Intermediate Core-Plus Bond,iShares,33184911360.0,0.040599998,0.020204699,-0.0046213,33184911400.0,45.27642,45.25,45.32,,2704997,3158887,10.765666,,4.06,
IUSG,iShares Core S&P U.S. Growth ETF,Large Growth,iShares,20222228480.0,0.0064,0.1789662,0.1642214,20222228500.0,138.84998,139.91,137.96,14687617024.0,482414,718244,30.49153,,0.64,
IUSV,iShares Core S&P U.S. Value ETF,Large Value,iShares,19576461312.0,0.0215,0.1071488,0.146639,19576461300.0,90.39898,90.84,89.91,8990820352.0,723963,1053125,20.478249,,2.15,
IVAL,Alpha Architect International Quantitative Value ETF,Foreign Large Value,Alpha Architect,135814736.0,0.0297,0.079714596,0.083351,135814736.0,27.4034,27.27,27.24,,8289,19144,10.358602,,2.97,
IVE,iShares S&P 500 Value ETF,Large Value,iShares,36633538560.0,0.0207,0.1073946,0.1441706,36633539000.0,186.50198,187.4,185.34,24771244032.0,700141,1179488,20.769167,,2.07,
IVEG,iShares Emergent Food and AgTech Multisector ETF,Global Small/Mid Stock,iShares,4069434.0,0.0186,-0.012038601,,4069434.0,21.35701,21.27,21.33,,702,722,22.566778,,1.86,
IVLU,iShares Edge MSCI Intl Value Factor ETF,Foreign Large Value,iShares,2068445312.0,0.0387,0.1431818,0.1641302,2068445310.0,32.59326,32.62,32.28,,1468264,576820,11.693759,,3.87,
IVOG,Vanguard S&P Mid-Cap 400 Growth Index Fund ETF Shares,Mid-Cap Growth,Vanguard,1163662720.0,0.0086,0.1010265,0.113749,1163662720.0,108.64,108.8675,106.9,,11997,35734,22.018566,,0.86,
IVOL,Quadratic Interest Rate Volatility and Inflation Hedge ETF New,Inflation-Protected Bond,KraneShares,320914816.0,0.0334,-0.0488801,-0.025531098,320914816.0,19.58,19.58,19.665,,101069,509815,,,3.34,
IVOO,Vanguard S&P Mid-Cap 400 Index Fund ETF Shares,Mid-Cap Blend,Vanguard,3969982720.0,0.0154,0.089865506,0.1356026,3969982720.0,100.87,100.98,99.59,,48844,167928,18.858967,,1.54,
IVOV,Vanguard S&P Mid-Cap 400 Value Index Fund ETF Shares,Small Value,Vanguard,952417536.0,0.0189,0.0786018,0.1562309,952417540.0,91.25,91.4316,90.24,,17820,25788,16.313549,,1.89,
IVRA,Invesco Real Assets ESG ETF,Real Estate,Invesco,12228963.0,0.026600001,0.0585865,,12228963.0,15.83,15.7622,15.43,,5599,4892,26.27819,,2.66,
IVRS,iShares Future Metaverse Tech And Communications ETF,Technology,iShares,6628270.0,0.066,,,6628270.0,34.71001,35.2625,35.26,,6,371,32.27139,,6.6,
IVV,iShares Core S&P 500 ETF,Large Blend,iShares,561385963520.0,0.0139,0.1517591,0.1617773,561385960000.0,581.854,585.76,578.71,361742106624.0,4368031,8208406,25.239641,,1.39,
IVVB,iShares Large Cap Deep Buffer ETF,Defined Outcome,iShares,254714144.0,0.0091,,,254714144.0,30.03319,30.1,30.02,,19459,119796,24.805141,,0.91,
IVVM,iShares Large Cap Moderate Buffer ETF,Defined Outcome,iShares,86453584.0,0.0058999998,,,86453584.0,31.36964,31.46,31.33,,1511,36341,24.842422,,0.59,
IVVW,iShares S&P 500 BuyWrite ETF,Derivative Income,iShares,38526764.0,0.1727,,,38526764.0,44.40197,44.6058,44.32,,4627,12493,23.958582,,17.27,
IVW,iShares S&P 500 Growth ETF,Large Growth,iShares,51748052992.0,0.0049,0.18220659,0.16525039,51748053000.0,101.40237,102.19,100.83,13267044352.0,7190915,2770463,31.126223,,0.49,
IWB,iShares Russell 1000 ETF,Large Blend,iShares,38159257600.0,0.012,0.1489649,0.1581046,38159258000.0,318.2641,320.19,316.36,39879598080.0,510191,1091458,24.86708,,1.2,
IWC,iShares Micro-Cap ETF,Small Blend,iShares,762614144.0,0.0127,0.033333,0.090958096,762614140.0,117.78146,118.03,115.75,,7085,54700,14.7152,,1.27,
IWD,iShares Russell 1000 Value ETF,Large Value,iShares,60045692928.0,0.019199999,0.08661199,0.135115,60045693000.0,186.24207,186.66,184.91,56886857728.0,2222912,2608471,19.079826,,1.92,
IWF,iShares Russell 1000 Growth ETF,Large Growth,iShares,97974198272.0,0.0049,0.2061586,0.1744874,97974198000.0,390.6234,394.49,388.3,110617919488.0,1459053,1990403,33.30209,,0.49,
IWFG,NYLI Winslow Focused Large Cap Growth ETF,Large Growth,New York Life Investment Management LLC,10564406.0,0.057800002,,,10564406.0,46.824,47.2724,47.02,,1072,1574,38.203415,,5.78,
IWL,iShares Russell Top 200 ETF,Large Blend,iShares,1545366912.0,0.0111,0.1656639,0.166273,1545366910.0,142.88528,143.96,142.12,,94795,110701,26.164572,,1.11,
IWLG,NYLI Winslow Large Cap Growth ETF,Large Growth,New York Life Investment Management LLC,103715168.0,0.014400001,,,103715168.0,46.95,47.3275,46.88,,2616,9268,39.40096,,1.44,
IWM,iShares Russell 2000 ETF,Small Blend,iShares,57707433984.0,0.0127,0.0581116,0.09849399,57707434000.0,202.67776,203.2,199.78,56929484800.0,28986278,36077223,16.408646,,1.27,
IWMI,NEOS Russell 2000 High Income ETF,Derivative Income,Neos Funds,165334848.0,,,,165334848.0,43.537,43.53,43.2,,85893,74919,15.93179,,,
IWMW,iShares Russell 2000 BuyWrite ETF,Derivative Income,iShares,21657668.0,0.231,,,21657668.0,37.93083,38.0348,37.41,,2640,4011,15.455457,,23.1,
IWMY,Defiance R2000 Enhanced Options & 0DTE Income ETF,Trading--Miscellaneous,Defiance ETFs,104361312.0,1.1082,,,104361312.0,23.8211,23.8,23.54,,90461,83463,,,110.82,
IWN,iShares Russell 2000 Value ETF,Small Value,iShares,10717347840.0,0.0199,0.0283553,0.124472104,10717347800.0,148.95055,149.37,146.91,10944885760.0,1236874,1169400,13.46989,,1.99,
IWO,iShares Russell 2000 Growth ETF,Small Growth,iShares,10714973184.0,0.0092,0.0876848,0.0706004,10714973200.0,266.8005,267.23,262.49,11936167936.0,459038,534774,21.11544,,0.92,
IWP,iShares Russell Mid-Cap Growth ETF,Mid-Cap Growth,iShares,17032436736.0,0.004,0.1712799,0.1230068,17032436700.0,130.08862,130.84,128.39,9946909696.0,890919,1190873,30.966345,,0.4,
IWR,iShares Russell Mid-Cap ETF,Mid-Cap Blend,iShares,38456160256.0,0.0139,0.0978355,0.131496,38456160000.0,87.69939,88.04,86.98,30664302592.0,1710476,2251565,21.03094,,1.39,
IWS,iShares Russell Mid-Cap Value ETF,Mid-Cap Value,iShares,12637872128.0,0.0163,0.0663346,0.138041,12637872100.0,126.78215,127.22,125.65,15262786560.0,544927,662673,18.847538,,1.63,
IWTR,iShares MSCI Water Management Multisector ETF,Natural Resources,iShares,6007807.0,0.0346,,,6007807.0,31.79044,31.8429,31.6953,,6,2447,20.283293,,3.46,
IWV,iShares Russell 3000 ETF,Large Blend,iShares,14459143168.0,0.0117,0.1437482,0.1544302,14459143200.0,329.22736,331.23,327.25,18088439808.0,190208,264957,24.43997,,1.17,
IWX,iShares Russell Top 200 Value ETF,Large Value,iShares,2530088960.0,0.0188,0.095930904,0.1329018,2530088960.0,80.70174,80.75,80.11,,186344,526066,19.176989,,1.88,
IWY,iShares Russell Top 200 Growth ETF,Large Growth,iShares,12018412544.0,0.0046,0.21302311,0.18574591,12018412500.0,227.10944,229.6,226.0,,314147,544968,33.724476,,0.46,
IXC,iShares Global Energy ETF,Equity Energy,iShares,1609655040.0,0.0469,0.0315193,0.1898905,1609655040.0,38.05724,37.88,37.52,988435520.0,288712,541079,13.597706,,4.69,
IXG,iShares Global Financials ETF,Financial,iShares,470553472.0,0.024500001,0.177377,0.2061196,470553472.0,107.38249,107.7483,106.42,585477184.0,15429,28934,14.294228,,2.45,
IXJ,iShares Global Healthcare ETF,Health,iShares,3855967232.0,0.0145000005,0.015374,0.056947097,3855967230.0,84.25529,84.26,83.74,3020362496.0,86828,180149,23.71343,,1.45,
IXN,iShares Global Tech ETF,Technology,iShares,4415853056.0,0.0047,0.1977039,0.18799539,4415853100.0,82.66415,83.72,82.27,1232676992.0,71717,323533,32.285786,,0.47,
IXP,iShares Global Comm Services ETF,Communications,iShares,348108832.0,0.013300001,0.1823616,0.1329633,348108832.0,104.09156,104.53,103.97,442276256.0,6656,42260,19.881058,,1.33,
IXUS,iShares Core MSCI Total International Stock ETF,Foreign Large Blend,iShares,41039998976.0,0.0305,0.1000167,0.1132265,41039999000.0,75.22716,75.0,74.5,,1438762,3213850,16.156752,,3.05,
IYC,iShares US Consumer Discretionary ETF,Consumer Cyclical,iShares,1299517184.0,0.0053,0.18030791,0.1312993,1299517180.0,95.30115,96.045,94.57,428760000.0,78715,178004,27.017368,,0.53,
IYE,iShares U.S. Energy ETF,Equity Energy,iShares,1119588224.0,0.030199999,0.026968502,0.2056242,1119588220.0,43.54091,43.39,42.99,908226048.0,658321,493303,14.488765,,3.02,
IYF,iShares U.S. Financials ETF,Financial,iShares,3322711296.0,0.0135,0.17001529,0.1893643,3322711300.0,114.39761,114.59,113.14,1561560064.0,163810,470873,15.593262,,1.35,
IYG,iShares U.S. Financial Services ETF,Financial,iShares,1628010752.0,0.0117999995,0.16517611,0.1838285,1628010750.0,80.64764,81.01,79.9,838864064.0,98868,126750,16.957533,,1.18,
IYH,iShares U.S. Healthcare ETF,Health,iShares,2972487936.0,0.0123000005,0.0106971,0.0617667,2972487940.0,54.47346,54.61,54.28,599390016.0,180591,398569,23.363611,,1.23,
IYJ,iShares U.S. Industrials ETF,Industrials,iShares,1477893888.0,0.0094,0.1452405,0.1531957,1477893890.0,136.17938,136.93,134.75,796652928.0,22515,86307,26.167065,,0.94,
IYK,iShares US Consumer Staples ETF,Consumer Defensive,iShares,1502775296.0,0.024300002,0.0490667,0.1440374,1502775300.0,70.66699,70.23,70.33,265050000.0,126085,300100,22.618181,,2.43,
IYLD,iShares Morningstar Multi-Asset Income ETF,Global Moderately Conservative Allocation,iShares,117394112.0,0.0496,0.0500605,0.039181,117394112.0,20.37221,20.3326,20.2618,,16064,26679,12.90891,,4.96,
IYM,iShares U.S. Basic Materials ETF,Natural Resources,iShares,483951264.0,0.0166,0.0083476,0.1163814,483951264.0,133.4701,132.92,131.87,560405952.0,9686,24630,23.022465,,1.66,
IYR,iShares U.S. Real Estate ETF,Real Estate,iShares,3193291776.0,0.025799999,0.0140989,0.0731488,3193291780.0,92.21002,92.14,92.01,4550563328.0,4421569,5516100,31.676329,,2.58,
IYRI,,Derivative Income,Neos Funds,38747968.0,,,,38747968.0,48.6977,48.76,48.71,,18320,27588,31.670982,,,
IYT,iShares Transportation Average ETF,Industrials,iShares,560268096.0,0.0125,0.064332396,0.1292021,560268100.0,65.2186,65.645,64.64,182616000.0,113609,436447,16.881445,,1.25,
IYW,iShares U.S. Technology ETF,Technology,iShares,17959917568.0,0.0023,0.2287139,0.20508169,17959917600.0,155.05522,157.07,154.14,3203641088.0,819015,990495,34.434467,,0.23,
IYY,iShares Dow Jones U.S. ETF,Large Blend,iShares,2189875200.0,0.0113,0.1475429,0.1560363,2189875200.0,141.20815,142.07,140.22,1164734976.0,17091,43995,24.807709,,1.13,
IYZ,iShares U.S. Telecommunications ETF,Communications,iShares,369543232.0,0.0202,0.046097897,0.0322062,369543232.0,28.06731,28.1,27.9,383292000.0,193004,1092720,14.659964,,2.02,
IZRL,ARK Israel Innovative Technology ETF,Technology,ARK ETF Trust,97447024.0,0.0045,0.0681848,0.0020668,97447024.0,23.723,23.8124,23.0,,17033,12439,23.021055,,0.45,
JAAA,Janus Henderson AAA CLO ETF,Ultrashort Bond,Janus Henderson,20171831296.0,0.061,0.0667994,,20171831300.0,50.62,50.62,50.6,,3834796,7913658,,,6.1,
JADE,J.P. Morgan Exchange-Traded Fund Trust - JPMorgan Active Developing Markets Equity ETF,,,,,,,,,51.7954,51.85,,1508,298,,,,
JAJL,Innovator Equity Defined Protection ETF - 6 Mo Jan/Jul,Defined Outcome,Innovator ETFs,246463776.0,,,,246463776.0,27.4073,27.48,27.38,,60853,80738,24.400515,,,
JANH,Innovator Premium Income 20 Barrier ETF - January,Defined Outcome,Innovator ETFs,12033137.0,0.050100002,,,12033137.0,24.485,24.5722,24.5,,4038,5795,24.224342,,5.01,
JANJ,Innovator Premium Income 30 Barrier ETF - January,Defined Outcome,Innovator ETFs,17633788.0,0.041199997,,,17633788.0,24.6028,24.6564,24.63,,3071,7234,24.083025,,4.12,
JANM,FT Vest U.S. Equity Max Buffer ETF - January,Defined Outcome,First Trust,31656228.0,,,,31656228.0,31.17,31.1959,31.16,,1016,7463,24.340416,,,
JANP,PGIM S&P 500 Buffer 12 ETF - Jan,Defined Outcome,PGIM Investments,7866263.0,0.0,,,7866263.0,28.888,29.3312,29.05,,0,726,25.383694,,0.0,
JANT,AllianzIM U.S. Large Cap Buffer10 Jan ETF,Defined Outcome,AllianzIM,145811632.0,0.0,0.1254588,,145811632.0,36.1749,36.1939,35.9601,,12483,13222,24.907272,,0.0,
JANU,AllianzIM U.S. Equity Buffer15 Uncapped Jan ETF,Defined Outcome,AllianzIM,63647248.0,,,,63647248.0,24.9356,24.9425,24.86,,3016,16498,24.738434,,,
JANW,AllianzIM U.S. Large Cap Buffer20 Jan ETF,Defined Outcome,AllianzIM,458431296.0,0.0,0.106500104,,458431296.0,33.8922,33.91,33.76,,99782,49198,24.642395,,0.0,
JANZ,TrueShares Structured Outcome (January) ETF,Defined Outcome,TrueShares,41667756.0,0.024300002,0.1154669,,41667756.0,33.9942,34.1663,34.105,,328,20079,24.842434,,2.43,
JAPN,Horizon Kinetics Japan Owner Operator ETF,,,,,,,,,25.8139,26.06,,12735,18433,,,,
JAVA,JPMorgan Active Value ETF,Large Value,JPMorgan,3198590976.0,0.015,0.0878033,,3198590980.0,62.2589,62.51,61.76,,244855,388915,18.772018,,1.5,
JBBB,Janus Henderson B-BBB CLO ETF,Bank Loan,Janus Henderson,1327037440.0,0.078600004,0.096494,,1327037440.0,48.33,48.18,48.06,,546968,1062209,,,7.86,
JBND,Jpmorgan Active Bond ETF,Intermediate Core Bond,JPMorgan,1889250176.0,0.0437,,,1889250180.0,52.3941,52.49,52.62,,252864,351717,,,4.37,
JCHI,JPMorgan Active China ETF,China Region,JPMorgan,12510295.0,0.020299999,,,12510295.0,48.1718,48.3924,48.11,,1489,1463,14.317536,,2.03,
JCPB,JPMorgan Core Plus Bond ETF,Intermediate Core-Plus Bond,JPMorgan,6269829120.0,0.0506,0.0274499,0.0021517,6269829100.0,45.9755,46.04,46.17,,485549,868631,59.755203,,5.06,
JCPI,JPMorgan Inflation Managed Bond ETF,Inflation-Protected Bond,JPMorgan,693059200.0,0.040700004,0.0271121,0.029354502,693059200.0,47.4892,47.63,47.74,,10907,41895,,,4.07,
JCTR,JPMorgan Carbon Transition U.S. Equity ETF,Large Blend,JPMorgan,5651838.0,0.0112,0.1608045,,5651838.0,78.4057,72.5599,79.81,,79,331,27.412043,,1.12,
JDIV,JPMorgan Dividend Leaders ETF,Global Large-Stock Blend,JPMorgan,7054674.0,,,,7054674.0,49.2579,49.584,49.14,,2414,420,20.69744,,,
JDOC,Jpmorgan Healthcare Leaders ETF,Health,JPMorgan,7797496.0,0.0542,,,7797496.0,48.8746,48.8525,49.07,,520,376,25.219795,,5.42,
JDST,Direxion Daily Junior Gold Miners Index Bear 2X Shares,Trading--Inverse Equity,Direxion Funds,81285008.0,0.1028,-0.4988863,-0.4299839,81285008.0,11.052,11.74,11.18,,3559383,1993557,,,10.28,
JDVI,John Hancock Disciplined Value International Select ETF,Foreign Large Value,John Hancock,34209400.0,0.0165,,,34209400.0,29.83462,29.9625,29.79,,100,2928,14.906225,,1.65,
JEMA,JPMorgan ActiveBuilders Emerging Markets Equity ETF,Diversified Emerging Mkts,JPMorgan,1084113280.0,0.023599999,0.054716703,,1084113280.0,40.8954,40.67,40.5,,16200,86560,14.62135,,2.36,
JEMB,,Emerging Markets Bond,Janus Henderson,202935696.0,,,,202935696.0,50.08,50.4965,49.39,,42798,45976,,,,
JEPI,JPMorgan Equity Premium Income ETF,Derivative Income,JPMorgan,38938644480.0,0.0779,0.084873,0.111791894,38938644000.0,55.5306,55.73,55.44,,4862575,5392426,24.47894,,7.79,
JEPQ,JPMorgan Nasdaq Equity Premium Income ETF,Derivative Income,JPMorgan,24227807232.0,0.11229999,0.155121,,24227807200.0,52.0157,52.23,51.83,,5867413,7377001,30.26341,,11.23,
JETS,U.S. Global Jets ETF,Industrials,U.S. Global Investors,741201024.0,0.0,0.038878098,0.1001008,741201020.0,21.9217,22.1,21.58,,1263781,2719952,10.878945,,0.0,
JFLI,JPMorgan Flexible Income ETF,Tactical Allocation,JPMorgan,28282948.0,,,,28282948.0,47.7261,48.01,47.71,,1970,10641,20.557274,,,
JGLO,Jpmorgan Global Select Equity ETF,Global Large-Stock Blend,JPMorgan,6227633664.0,0.0064,,,6227633700.0,60.606,61.06,60.23,,58574,322882,24.05459,,0.64,
JGRO,JPMorgan Active Growth ETF,Large Growth,JPMorgan,5191744000.0,0.0011,,,5191744000.0,79.1987,79.75,78.74,,266158,543488,32.040085,,0.11,
JGRW,Jensen Quality Growth ETF,Large Blend,Jensen,96351152.0,,,,96351152.0,25.8411,26.0227,25.839,,2883,41985,31.24965,,,
JHAC,John Hancock Fundamental All Cap Core ETF,Large Blend,John Hancock,3939541.0,0.0075,,,3939541.0,13.50302,13.695,13.47,,1486,1744,,,0.75,
JHCB,John Hancock Corporate Bond ETF,Corporate Bond,John Hancock,55700560.0,0.052199997,0.0340864,,55700560.0,20.88877,20.9269,20.91,,3657,9685,,,5.22,
JHCP,JHancock Core Plus Bond ETF,Intermediate Core-Plus Bond,John Hancock,48731080.0,,,,48731080.0,24.67691,24.77,24.79,,0,2553,,,,
JHCR,JHancock Core Bond ETF,Intermediate Core Bond,John Hancock,10027249.0,,,,10027249.0,24.71599,24.665,24.65,,23,3722,,,,
JHDV,John Hancock U.S. High Dividend ETF,Large Value,John Hancock,7399166.0,0.0287,,,7399166.0,35.0062,31.7671,32.95,,0,85,20.803165,,2.87,
JHEM,John Hancock Multifactor Emerging Markets ETF,Diversified Emerging Mkts,John Hancock,577309824.0,0.028199999,0.063909605,0.090517305,577309820.0,28.30101,28.01,28.05,,20909,100206,13.538504,,2.82,
JHHY,John Hancock High Yield ETF,High Yield Bond,John Hancock,34535300.0,,,,34535300.0,25.36496,25.546,25.47,,61,3633,,,,
JHID,John Hancock International High Dividend ETF,Foreign Large Value,John Hancock,8567200.0,0.0481,,,8567200.0,32.88818,32.9384,32.88,,829,569,11.451413,,4.81,
JHMB,John Hancock Mortgage Backed Securities ETF,Intermediate Core-Plus Bond,John Hancock,133108592.0,0.046,0.0254211,,133108592.0,21.44077,21.445,21.4735,,25679,71341,,,4.6,
JHMD,John Hancock Multifactor Developed International ETF,Foreign Large Blend,John Hancock,679655360.0,0.0313,0.11463919,0.1248629,679655360.0,37.62095,37.58,37.3,,83185,114828,15.0170145,,3.13,
JHML,John Hancock Multifactor Large Cap ETF,Large Blend,John Hancock,889884032.0,0.0121,0.126927,0.151084,889884030.0,69.26275,69.58,68.75,,19424,35730,22.937164,,1.21,
JHMM,John Hancock Multifactor Mid Cap ETF,Mid-Cap Blend,John Hancock,3790239744.0,0.0108,0.0867583,0.13153149,3790239740.0,58.48573,58.62,57.9,,126282,250598,19.53798,,1.08,
JHMU,John Hancock Dynamic Municipal Bond ETF,Muni National Interm,John Hancock,25425132.0,0.0791,,,25425132.0,25.40759,25.3954,25.4084,,1275,7004,,,7.91,
JHPI,John Hancock Preferred Income ETF,Preferred Stock,John Hancock,72064304.0,0.0624,0.052946102,,72064304.0,22.14295,22.2466,22.191,,13905,30398,60.564396,,6.24,
JHSC,John Hancock Multifactor Small Cap ETF,Small Blend,John Hancock,487640640.0,0.0106,0.0749791,0.1200718,487640640.0,37.22472,37.47,36.81,,15193,75225,15.675058,,1.06,
JIG,JPMorgan International Growth ETF,Foreign Large Growth,JPMorgan,114189280.0,0.0162,0.100994594,0.0730011,114189280.0,68.8914,68.8046,68.3,,5901,18561,25.25893,,1.62,
JIII,Janus Henderson Income ETF,Multisector Bond,Janus Henderson,137402240.0,,,,137402240.0,49.86,49.875,49.86,,90,25665,22.273716,,,
JIRE,JPMorgan International Research Enhanced Equity ETF,Foreign Large Blend,JPMorgan,6876559360.0,0.026800001,0.12713009,0.1294737,6876559400.0,68.6666,68.56,68.1,,334678,486876,16.853203,,2.68,
JIVE,Jpmorgan International Value ETF,Foreign Large Value,JPMorgan,192210336.0,0.0189,,,192210336.0,66.0806,65.89,65.74,,17468,64360,10.043134,,1.89,
JLQD,Janus Henderson Corporate Bond ETF,Corporate Bond,Janus Henderson,24758004.0,0.0544,0.029865999,,24758004.0,40.66,40.6,40.62,,6299,288,,,5.44,
JMBS,Janus Henderson Mortgage-Backed Securities ETF,Intermediate Government,Janus Henderson,5436095488.0,0.0542,0.0138977,-0.0041882,5436095500.0,44.05,43.98,44.1,,391112,737384,,,5.42,
JMEE,JPMorgan Small & Mid Cap Enhanced Equity ETF,Small Blend,JPMorgan,1678023808.0,0.0106,0.082590796,0.1428921,1678023810.0,56.5557,56.72,55.91,,47704,229180,17.735247,,1.06,
JMHI,J P Morgan Exchange-Traded Fund Trust - High Yield Municipal Etf Fund,High Yield Muni,JPMorgan,201884608.0,0.043,0.024156598,0.0194469,201884608.0,49.4479,49.22,49.29,,17186,35460,,,4.3,
JMID,Janus Henderson Mid Cap Growth Alpha ETF,,,,,,,,,27.71,27.3875,,4086,5076,20.852577,,,
JMOM,JPMorgan U.S. Momentum Factor ETF,Large Blend,JPMorgan,1352682752.0,0.0088,0.17750749,0.1645306,1352682750.0,59.8824,60.06,59.4,,29800,107866,26.663063,,0.88,
JMSI,J P Morgan Exchange-Traded Fund Trust - Sustainable Municipal Income Etf Fund,Muni National Interm,JPMorgan,264686224.0,0.037100002,0.025337,0.0053343,264686224.0,49.078,49.05,49.1,,40156,40861,,,3.71,
JMST,JPMorgan Ultra-Short Municipal Income ETF,Muni National Short,JPMorgan,3477398272.0,0.0322,0.030476201,0.0179474,3477398270.0,50.7724,50.785,50.8,,663792,652852,,,3.22,
JMUB,JPMorgan Municipal ETF,Muni National Interm,JPMorgan,2727112704.0,0.0352,0.0316864,0.0116027,2727112700.0,49.2666,49.285,49.36,,450627,565909,10.007351,,3.52,
JNEU,AllianzIM U.S. Equity Buffer15 Uncapped Jun ETF,Defined Outcome,AllianzIM,17408124.0,,,,17408124.0,26.7557,26.7932,26.75,,1,3844,24.769138,,,
JNK,SPDR Bloomberg High Yield Bond ETF,High Yield Bond,SPDR State Street Global Advisors,6302628864.0,0.0672,0.0681068,0.048363,6302628900.0,94.97155,95.16,94.89,8491800064.0,3067307,5333466,19.928768,,6.72,
JNUG,Direxion Daily Junior Gold Miners Index Bull 2X Shares,Trading--Leveraged Equity,Direxion Funds,272872448.0,0.0176,0.1413222,-0.0487348,272872448.0,73.879,69.71,73.35,,450091,646961,28.407118,,1.76,
JOET,Virtus Terranova U.S. Quality Momentum ETF,Large Blend,Virtus,169997728.0,0.0072000003,0.149376,,169997728.0,38.7328,38.89,38.44,,16996,47431,22.457577,,0.72,
JOJO,ATAC Credit Rotation ETF,Long-Term Bond,ATAC Fund,8874792.0,0.045500003,0.0147836,,8874792.0,14.8473,14.86,14.82,,17063,33504,16.693836,,4.55,
JPAN,Matthews Japan Active ETF,Japan Stock,Matthews Asia Funds,5160461.0,0.0145000005,,,5160461.0,33.5,32.9166,33.08,,1634,2039,17.47942,,1.45,
JPEF,JPMorgan Equity Focus ETF,Large Blend,JPMorgan,1330610944.0,0.0076,0.1598737,0.1868923,1330610940.0,65.7786,66.06,65.44,,50078,155912,24.58135,,0.76,
JPEM,JPMorgan Diversified Return Emerging Markets Equity ETF,Diversified Emerging Mkts,JPMorgan,322713920.0,0.051999997,0.0738756,0.1006825,322713920.0,56.1854,55.93,55.64,,8711,23100,11.65092,,5.2,
JPIB,JPMorgan International Bond Opportunities ETF,Global Bond,JPMorgan,690549120.0,0.047399998,0.0519341,0.033607,690549120.0,47.6437,47.82,47.9,,123652,124025,4.827447,,4.74,
JPIE,JPMorgan Income ETF,Multisector Bond,JPMorgan,3393080832.0,0.0596,0.0519591,,3393080830.0,45.6683,45.83,45.86,,657238,751450,,,5.96,
JPIN,JPMorgan Diversified Return International Equity ETF,Foreign Large Value,JPMorgan,325028576.0,0.0402,0.0988525,0.1055414,325028576.0,62.4962,61.9689,61.91,,4809,25906,13.519885,,4.02,
JPLD,J P Morgan Exchange-Traded Fund Trust - Limited Duration Bond ETF,Short-Term Bond,JPMorgan,1189082880.0,0.043899998,0.046406597,0.0263891,1189082880.0,51.7355,51.74,51.76,,60417,109752,,,4.39,
JPMB,JPMorgan USD Emerging Markets Sovereign Bond ETF,Emerging Markets Bond,JPMorgan,49329840.0,0.0705,0.0443637,0.011980799,49329840.0,37.763,37.8026,37.85,,41702,68147,,,7.05,
JPME,JPMorgan Diversified Return U.S. Mid Cap Equity ETF,Mid-Cap Blend,JPMorgan,343540480.0,0.0196,0.070068695,0.1370006,343540480.0,100.4049,100.5683,99.58,,3279,25725,17.81991,,1.96,
JPMO,YieldMax JPM Option Income Strategy ETF,Derivative Income,YieldMax ETFs,49206164.0,0.32959998,,,49206164.0,15.9158,15.88,15.7,,41733,44355,,,32.96,
JPRE,JPMorgan Realty Income ETF,Real Estate,JPMorgan,414349440.0,0.023,0.0288379,0.089595206,414349440.0,46.6182,46.63,46.66,,8702,27749,37.43342,,2.3,
JPSE,JPMorgan Diversified Return U.S. Small Cap Equity ETF,Small Blend,JPMorgan,426258240.0,0.0188,0.0483692,0.1291759,426258240.0,43.3628,43.5149,42.93,,39151,51147,15.440587,,1.88,
JPST,JPMorgan Ultra-Short Income ETF,Ultrashort Bond,JPMorgan,30554507264.0,0.0496,0.0472271,0.030237,30554507300.0,50.5366,50.53,50.57,7501619712.0,4129488,7674812,,,4.96,
JPSV,Jpmorgan Active Small Cap Value ETF,Small Value,JPMorgan,21741212.0,0.0134000005,,,21741212.0,54.6938,56.5423,54.96,,203,2661,15.872448,,1.34,
JPUS,JPMorgan Diversified Return U.S. Equity ETF,Mid-Cap Value,JPMorgan,352639488.0,0.0229,0.0791793,0.1373753,352639488.0,114.4218,114.5716,114.0099,,2308,19604,18.28816,,2.29,
JPXN,iShares JPX-Nikkei 400 ETF,Japan Stock,iShares,91596880.0,0.0212,0.1084217,0.0869464,91596880.0,78.0665,77.2798,77.4,152092784.0,4645,25125,14.255307,,2.12,
JPY,Lazard Japanese Equity ETF,,,,,,,,,28.1294,28.13,,588,5076,,,,
JQUA,JPMorgan U.S. Quality Factor ETF,Large Blend,JPMorgan,5711082496.0,0.0134000005,0.16115959,0.1627815,5711082500.0,57.9928,58.32,57.71,,1157728,800609,24.37861,,1.34,
JRE,Janus Henderson U.S. Real Estate ETF,Real Estate,Janus Henderson,24705932.0,0.0223,0.0167183,,24705932.0,23.28,23.2802,23.2725,,2031,577,36.053005,,2.23,
JSCP,JPMorgan Short Duration Core Plus ETF,Short-Term Bond,JPMorgan,589488064.0,0.0476,0.042769898,,589488060.0,46.9448,46.93,47.0082,,39978,101561,8.117036,,4.76,
JSI,Janus Henderson Securitized Income ETF,Short-Term Bond,Janus Henderson,691539712.0,0.0648,,,691539710.0,51.89,51.94,52.0,,108836,164884,,,6.48,
JSMD,Janus Henderson Small/Mid Cap Growth Alpha ETF,Small Growth,Janus Henderson,446466400.0,0.0082,0.1153625,0.114296,446466400.0,72.99,73.14,72.4,,20839,36582,21.883,,0.82,
JSML,Janus Henderson Small Cap Growth Alpha ETF,Small Growth,Janus Henderson,163624160.0,0.016900001,0.099097796,0.0915088,163624160.0,63.75,63.88,63.07,,7262,40565,18.113401,,1.69,
JSTC,Adasina Social Justice All Cap Global ETF,Global Large-Stock Blend,Adasina,219427392.0,0.011,0.089285605,,219427392.0,19.0806,19.17,18.99,,9089,31869,21.978472,,1.1,
JTEK,JPMorgan U.S. Tech Leaders ETF,Technology,JPMorgan,1432359296.0,0.0,,,1432359300.0,76.0405,76.55,75.48,,255763,301863,38.233208,,0.0,
JUCY,Aptus Enhanced Yield ETF,Intermediate Core Bond,APTUS ETFs,306599264.0,0.078,,,306599264.0,22.5194,22.45,22.5278,,19358,57744,,,7.8,
JULD,Innovator Premium Income 10 Barrier ETF - July,Defined Outcome,Innovator ETFs,5568144.0,0.0783,,,5568144.0,25.1171,25.165,25.14,,3,1184,24.170593,,7.83,
JULH,Innovator Premium Income 20 Barrier ETF - July,Defined Outcome,Innovator ETFs,19299090.0,0.066199996,,,19299090.0,25.0817,25.1,25.07,,63,3865,23.982763,,6.62,
JULJ,Innovator Premium Income 30 Barrier ETF - July,Defined Outcome,Innovator ETFs,19963828.0,0.0572,,,19963828.0,25.0674,25.065,25.07,,776,3098,23.945965,,5.72,
JULM,FT Vest U.S. Equity Max Buffer ETF - July,Defined Outcome,First Trust,17180274.0,,,,17180274.0,31.78,31.9302,31.89,,0,800,24.61169,,,
JULP,PGIM S&P 500 Buffer 12 ETF - Jul,Defined Outcome,PGIM Investments,8931417.0,,,,8931417.0,27.089,27.6193,27.66,,0,780,25.405396,,,
JULQ,Innovator Premium Income 40 Barrier ETF - July,Defined Outcome,Innovator ETFs,7481959.0,0.0512,,,7481959.0,25.0317,25.015,25.05,,262,503,23.93652,,5.12,
JULT,AllianzIM U.S. Large Cap Buffer10 Jul ETF,Defined Outcome,AllianzIM,71259520.0,0.0,0.1321885,,71259520.0,39.4609,39.4813,39.2,,3345,51698,24.807255,,0.0,
JULU,AllianzIM U.S. Equity Buffer15 Uncapped Jul ETF,Defined Outcome,AllianzIM,67183528.0,,,,67183528.0,26.1128,26.1393,26.0,,13422,23834,24.711414,,,
JULW,AllianzIM U.S. Large Cap Buffer20 Jul ETF,Defined Outcome,AllianzIM,190464784.0,0.0,0.1033248,,190464784.0,35.4135,35.4063,35.1946,,2368,37050,24.68522,,0.0,
JULZ,Trueshares Structured Outcome (July) ETF,Defined Outcome,TrueShares,45609672.0,0.0343,0.1177861,,45609672.0,41.0813,41.2915,41.0799,,496,13861,25.17936,,3.43,
JUNM,FT Vest U.S. Equity Max Buffer ETF - June,Defined Outcome,First Trust,57990400.0,,,,57990400.0,32.07,32.166,32.0,,4441,5749,24.676205,,,
JUNP,PGIM S&P 500 Buffer 12 ETF - Jun,Defined Outcome,PGIM Investments,6356993.0,,,,6356993.0,27.402,28.048,27.42,,101,3796,25.023027,,,
JUNT,AllianzIM U.S. Large Cap Buffer10 Jun ETF,Defined Outcome,AllianzIM,17199424.0,0.0,,,17199424.0,32.6401,32.6404,32.39,,37183,3922,25.039253,,0.0,
JUNW,AllianzIM U.S. Large Cap Buffer20 Jun ETF,Defined Outcome,AllianzIM,49517232.0,0.0,,,49517232.0,30.7502,30.7416,30.54,,6644,31053,24.99142,,0.0,
JUNZ,TrueShares Structured Outcome (June) ETF,Defined Outcome,TrueShares,5837018.0,0.0359,0.10386679,,5837018.0,29.2427,29.7057,29.86,,0,1122,25.853182,,3.59,
JUST,Goldman Sachs JUST U.S. Large Cap Equity ETF,Large Blend,Goldman Sachs,408002016.0,0.0119,0.1450792,0.1541442,408002016.0,81.81,82.4117,81.47,,1855,10858,24.703121,,1.19,
JVAL,JPMorgan U.S. Value Factor ETF,Large Value,JPMorgan,503970048.0,0.0249,0.0946145,0.1549077,503970048.0,41.6003,41.87,41.31,,18775,160169,16.985846,,2.49,
JXI,iShares Global Utilities ETF,Utilities,iShares,171052992.0,0.0272,0.0748386,0.106286295,171052992.0,73.13515,72.3653,72.65,,21683,18955,17.500376,,2.72,
JXX,Janus Henderson Transformational Growth ETF,Large Growth,Janus Henderson,21543944.0,,,,21543944.0,23.06,23.5643,23.08,,35,1717,38.641483,,,
KAPR,Innovator Russell 2000 Power Buffer ETF - April,Defined Outcome,Innovator ETFs,184743904.0,0.0,0.0785739,0.0477923,184743904.0,31.216,31.31,30.94,,11432,98463,16.09618,,0.0,
KARS,KraneShares Electric Vehicles and Future Mobility Index ETF,Industrials,KraneShares,61082144.0,0.007900001,-0.1397142,0.0209646,61082144.0,21.77,21.6805,21.57,,4906,15163,19.252686,,0.79,
KAUG,Innovator U.S. Small Cap Power Buffer ETF - August,Defined Outcome,Innovator ETFs,92684584.0,,,,92684584.0,24.2211,24.2784,24.1975,,875,26134,16.07375,,,
KBA,KraneShares Bosera MSCI China A 50 Connect Index ETF,China Region,KraneShares,170079664.0,0.0223,-0.0271936,0.0248006,170079664.0,24.27,24.24,24.21,,14615,128204,14.541688,,2.23,
KBE,SPDR S&P Bank ETF,Financial,SPDR State Street Global Advisors,1362450944.0,0.0271,0.0691493,0.1602901,1362450940.0,52.66402,52.9,51.79,,939554,2443476,12.285187,,2.71,
KBUF,KraneShares 90% KWEB Defined Outcome January 2027 ETF,Defined Outcome,KraneShares,3698772.0,0.0332,,,3698772.0,30.2,30.24,30.11,,0,2023,16.906939,,3.32,
KBWB,Invesco KBW Bank ETF,Financial,Invesco,3520564480.0,0.026300002,0.0759882,0.1636781,3520564480.0,64.64,64.88,63.6,,652848,2179234,12.392817,,2.63,
KBWD,Invesco KBW High Dividend Yield Financial ETF,Financial,Invesco,388262400.0,0.1348,0.0266202,0.124106705,388262400.0,13.36,13.35,13.21,,229753,268541,9.848018,,13.48,
KBWP,Invesco KBW Property & Casualty Insurance ETF,Financial,Invesco,445136192.0,0.0173,0.1628203,0.20703979,445136192.0,121.69,121.54,121.01,,3909,31460,13.310627,,1.73,
KBWR,Invesco KBW Regional Banking ETF,Financial,Invesco,47270920.0,0.0295,0.0278311,0.1382578,47270920.0,55.66,56.0086,55.0,,2428,3360,13.072867,,2.95,
KBWY,Invesco KBW Premium Yield Equity REIT ETF,Real Estate,Invesco,204562368.0,0.0999,-0.047164697,0.0539388,204562368.0,15.18,15.17,15.06,,314586,154509,8.345572,,9.99,
KCAI,KraneShares Trust - KraneShares China Alpha Index ETF,,,,,,,,,27.7384,27.6,,10,152,,,,
KCCA,KraneShares California Carbon Allowance ETF,Commodities Focused,KraneShares,93490320.0,0.4059,-0.087369,,93490320.0,14.86,14.86,14.82,,14777,42926,10.46651,,40.59,
KCE,SPDR S&P Capital Markets ETF,Financial,SPDR State Street Global Advisors,438458176.0,0.0175,0.2220977,0.2330391,438458176.0,134.1587,134.69,132.3,93947008.0,6251,36096,20.837893,,1.75,
KCSH,Kraneshares Sustainable Ultra Short Duration Index ETF,Ultrashort Bond,KraneShares,187835312.0,,,,187835312.0,25.11,25.085,25.105,,0,23088,,,,
KDEC,Innovator U.S. Small Cap Power Buffer ETF - December,Defined Outcome,Innovator ETFs,48002040.0,,,,48002040.0,23.1445,23.2106,23.17,,2141,26907,16.159945,,,
KDEF,PLUS Korea Defense Industry Index ETF,Industrials,PLUS ETF,23820338.0,,,,23820338.0,32.52,32.2519,32.79,,18737,25741,18.5594,,,
KDRN,Kingsbarn Tactical Bond ETF,Intermediate Core-Plus Bond,Kingsbarn Capital,1177090.0,0.026700001,0.0265131,,1177090.0,23.16,23.4043,23.15,,0,125,,,2.67,
KEAT,Keating Active ETF,Global Moderately Aggressive Allocation,Keating Investment Counselors Inc,84880976.0,0.0188,,,84880976.0,26.8236,26.7508,26.8357,,37,1871,11.632509,,1.88,
KEMQ,KraneShares FTSE Emerging Markets Consumer Technology Index ETF,Diversified Emerging Mkts,KraneShares,20632544.0,0.0064999997,0.1023404,-0.0122098,20632544.0,20.32,20.3126,19.96,,545,4988,19.032307,,0.65,
KEMX,KraneShares MSCI Emerging Markets ex China Index ETF,Diversified Emerging Mkts,KraneShares,66262280.0,0.0326,0.070615,0.123813,66262280.0,30.38,30.1398,30.02,,12856,16539,13.992485,,3.26,
KEUA,KraneShares European Carbon Allowance Strategy ETF,Commodities Focused,KraneShares,6432360.0,0.078099996,-0.0191264,,6432360.0,23.06,23.3145,22.83,,837,3290,,,7.81,
KFEB,Innovator U.S. Small Cap Power Buffer ETF - February,Defined Outcome,Innovator ETFs,24006460.0,,,,24006460.0,23.9376,24.385,24.26,,4,5630,16.056656,,,
KGRN,KraneShares MSCI China Clean Technology ETF,China Region,KraneShares,47412472.0,0.0134000005,-0.069134206,0.0991189,47412472.0,26.83,26.9019,26.65,,3671,12728,17.131363,,1.34,
KHPI,Kensington Hedged Premium Income ETF,Derivative Income,Kensington Asset Management LLC,115065264.0,,,,115065264.0,24.5999,24.76,24.62,,57396,63753,24.715546,,,
KHYB,KraneShares Asia Pacific High Income USD Bond ETF,Emerging Markets Bond,KraneShares,23668260.0,0.1043,0.051736698,-0.0028223,23668260.0,23.92,23.9084,23.88,,2349,5182,10.090832,,10.43,
KIE,SPDR S&P Insurance ETF,Financial,SPDR State Street Global Advisors,863930368.0,0.0164,0.16329451,0.19276899,863930370.0,57.72899,57.69,57.05,,1300562,1129565,12.836814,,1.64,
KJAN,Innovator U.S. Small Cap Power Buffer ETF - January,Defined Outcome,Innovator ETFs,297587296.0,0.0,0.0765624,0.0843236,297587296.0,36.0869,36.11,35.86,,114922,39758,16.13287,,0.0,
KJUL,Innovator Russell 2000 Power Buffer ETF - July,Defined Outcome,Innovator ETFs,111773984.0,0.0,0.051023003,,111773984.0,28.0329,28.0488,27.93,,44756,58603,16.01318,,0.0,
KJUN,Innovator U.S. Small Cap Power Buffer ETF - June,Defined Outcome,Innovator ETFs,19465664.0,,,,19465664.0,25.2717,25.3002,25.255,,4823,21634,15.875491,,,
KLIP,KraneShares KWEB Covered Call Strategy ETF,China Region,KraneShares,90578624.0,0.4323,,,90578624.0,31.84,31.74,31.74,,10179,34774,17.25952,,43.23,
KLMN,Invesco MSCI North America Climate ETF,Global Large-Stock Blend,Invesco,1322055936.0,,,,1322055940.0,23.84,24.042,23.7,,1306,2544690,25.87813,,,
KLMT,Invesco MSCI Global Climate 500 ETF,Global Large-Stock Blend,Invesco,1170050176.0,,,,1170050180.0,26.92,27.4582,27.46,,143,128,24.32939,,,
KLXY,Kraneshares Global Luxury Index ETF,Consumer Cyclical,KraneShares,2286436.0,0.0077,,,2286436.0,23.63,24.0505,23.5888,,195,1012,26.14973,,0.77,
KMAR,Innovator U.S. Small Cap Power Buffer ETF - March,Defined Outcome,Innovator ETFs,10998194.0,,,,10998194.0,24.9849,25.0563,24.975,,2100,12591,16.12547,,,
KMAY,Innovator U.S. Small Cap Power Buffer ETF - May,Defined Outcome,Innovator ETFs,24.0,,,,24.0,25.3041,25.4,25.3,,20665,101894,,,,
KMID,Virtus KAR Mid-Cap ETF,Mid-Cap Blend,Virtus,23602196.0,,,,23602196.0,24.29218,24.5,24.22,,1739,8309,30.804688,,,
KMLM,KraneShares Mount Lucas Managed Futures Index Strategy ETF,Systematic Trend,KraneShares,198397744.0,0.0087,-0.0545243,,198397744.0,26.56,26.46,26.4,,84173,161295,9.929597,,0.87,
KNCT,,Technology,Invesco,30883958.0,0.013300001,0.14844051,0.1297865,30883958.0,107.84,108.1862,107.24,,814,571,23.585312,,1.33,
KNG,FT Cboe Vest S&P 500 Dividend Aristocrats Target Income ETF,Derivative Income,First Trust,3628847360.0,0.0433,0.0539975,0.1096204,3628847360.0,48.39,48.56,48.27,,215068,453812,22.54156,,4.33,
KNGZ,First Trust S&P 500 Diversified Dividend Aristocrats ETF,Large Value,First Trust,44707364.0,0.0275,0.066272,0.1357943,44707364.0,31.85,32.06,31.82,,355,5171,17.08794,,2.75,
KNO,AXS Knowledge Leaders ETF,Global Large-Stock Blend,Knowledge Leaders Capital,52578812.0,0.0148,0.0934843,0.0902693,52578812.0,46.9687,46.9099,46.8105,,618,9334,19.531116,,1.48,
KNOV,Innovator U.S. Small Cap Power Buffer ETF - November,Defined Outcome,Innovator ETFs,17406220.0,,,,17406220.0,24.5201,24.5902,24.5211,,89,3560,16.111887,,,
KNOW,Fundamentals First ETF,Global Moderately Aggressive Allocation,Mason Capital Partners,3613129.0,0.015700001,,,3613129.0,10.6863,10.7179,10.73,,26100,1014,19.203009,,1.57,
KOCG,FIS Knights of Columbus Global Belief ETF,Global Large-Stock Blend,Faith Investor,26462928.0,0.0097,0.13540989,,26462928.0,29.5725,29.9337,29.595,,946,514,21.221552,,0.97,
KOCT,Innovator U.S. Small Cap Power Buffer ETF - October,Defined Outcome,Innovator ETFs,102501424.0,0.0,0.061936002,0.050967697,102501424.0,29.4553,29.5232,29.37,,2679,10576,,,0.0,
KOKU,Xtrackers MSCI Kokusai Equity ETF,Global Large-Stock Blend,Xtrackers,605812928.0,0.0168,0.1464474,0.1554305,605812930.0,103.463,104.297,104.195,,54,1276,23.21037,,1.68,
KOLD,ProShares UltraShort Bloomberg Natural Gas,Trading--Inverse Commodities,ProShares,455404160.0,0.0,0.3019362,-0.47022837,455404160.0,23.198,23.99,23.82,,5896616,8319960,,,0.0,
KOMP,SPDR S&P Kensho New Economies Composite ETF,Mid-Cap Growth,SPDR State Street Global Advisors,2019000192.0,0.012,0.06205,0.0947113,2019000190.0,49.76075,50.09,49.23,,70309,139988,22.62783,,1.2,
KONG,Formidable Fortress ETF,Mid-Cap Blend,Formidable Funds,21749806.0,0.008,0.0930973,,21749806.0,29.15,29.0778,29.26,,7,1561,22.80396,,0.8,
KOOL,North Shore Equity Rotation ETF,Large Blend,"Split Rock Private Trading & Wealth Management, LLC",43284448.0,0.0064,,,43284448.0,10.93725,10.962,10.95,,740,9288,21.715504,,0.64,
KORP,American Century Diversified Corporate Bond ETF,Corporate Bond,American Century Investments,488168384.0,0.0507,0.0333969,0.013638199,488168384.0,45.8001,45.81,45.86,,53566,70255,,,5.07,
KORU,Direxion Daily South Korea Bull 3X Shares,Trading--Leveraged Equity,Direxion Funds,80826848.0,0.0295,-0.3018938,-0.1112257,80826848.0,46.45,45.02,45.57,,65222,112952,10.549221,,2.95,
KPRO,KraneShares 100% KWEB Defined Outcome January 2027 ETF,Defined Outcome,KraneShares,2785479.0,0.0357,,,2785479.0,28.04,28.1365,28.0941,,0,474,16.648664,,3.57,
KQQQ,Kurv Technology Titans Select ETF,Technology,Kurv Investment Management Inc.,18330720.0,,,,18330720.0,24.7374,25.01,24.79,,5363,7376,31.3871,,,
KRBN,KraneShares Global Carbon ETF,Commodities Focused,KraneShares,154008432.0,0.075,-0.03076,,154008432.0,29.35,29.38,28.95,,38569,53414,,,7.5,
KRE,SPDR S&P Regional Banking ETF,Financial,SPDR State Street Global Advisors,3084037120.0,0.028900001,0.0028533,0.13344221,3084037120.0,56.38706,56.65,55.39,,12368248,15047620,12.336051,,2.89,
KRMA,Global X Conscious Companies ETF,Large Blend,Global X Funds,595623040.0,0.0097,0.11795241,0.1409609,595623040.0,38.18,38.49,38.07,,1670,19946,23.112753,,0.97,
KROP,Global X AgTech & Food Innovation ETF,Global Small/Mid Stock,Global X Funds,8126891.0,0.0179,-0.1429317,,8126891.0,10.59,10.5852,10.66,,13072,5468,20.106373,,1.79,
KSA,iShares MSCI Saudi Arabia ETF,Miscellaneous Region,iShares,714805888.0,0.0346,-0.013442201,0.1119104,714805890.0,39.11674,39.28,39.04,,328623,572033,17.180971,,3.46,
KSEP,Innovator U.S. Small Cap Power Buffer ETF - September,Defined Outcome,Innovator ETFs,12132717.0,,,,12132717.0,24.7393,25.1403,25.19,,87,2709,,,,
KSPY,Kraneshares Hedgeye Hedged Equity Index ETF,Equity Hedged,KraneShares,17592868.0,,,,17592868.0,25.43,25.4573,25.4,,5174,15203,24.391132,,,
KSTR,KraneShares SSE STAR Market 50 Index ETF,China Region,KraneShares,34129656.0,0.0,-0.0733668,,34129656.0,13.46,13.5363,13.47,,5843,33436,41.836502,,0.0,
KTEC,KraneShares Hang Seng TECH Index ETF,China Region,KraneShares,38381288.0,0.0023,0.0861358,,38381288.0,15.86,15.82,15.62,,58130,120973,18.016352,,0.23,
KURE,KraneShares MSCI All China Health Care Index ETF,China Region,KraneShares,82935960.0,0.0117999995,-0.07427,-0.0660571,82935960.0,16.08,16.01,16.054,,6396,49333,23.384024,,1.18,
KVLE,KraneShares Value Line Dynamic Dividend Equity Index ETF,Large Value,KraneShares,10909321.0,0.0209,0.1133697,,10909321.0,24.9,24.98,24.77,,1068,16960,17.984762,,2.09,
KWEB,KraneShares CSI China Internet ETF,China Region,KraneShares,6004349952.0,0.0317,0.1021765,-0.0495475,6004350000.0,33.95,33.71,33.44,,11016926,24813326,17.431263,,3.17,
KWT,iShares MSCI Kuwait ETF,Miscellaneous Region,iShares,84558768.0,0.0545,0.043460596,,84558768.0,36.92308,36.71,36.69,,5129,20873,16.503794,,5.45,
KXI,iShares Global Consumer Staples ETF,Consumer Defensive,iShares,839672320.0,0.0229,0.0662045,0.0844973,839672320.0,66.43924,66.07,65.96,969002048.0,58136,107809,23.787746,,2.29,
LABD,Direxion Daily S&P Biotech Bear 3X Shares,Trading--Inverse Equity,Direxion Funds,44851008.0,0.0418,-0.44321153,-0.359477,44851008.0,8.701,8.62,9.0,,7888254,10879630,,,4.18,
LABU,Direxion Daily S&P Biotech Bull 3X Shares,Trading--Leveraged Equity,Direxion Funds,602993408.0,0.0042,-0.2550827,-0.452192,602993410.0,50.432,50.86,48.48,,969552,1921741,,,0.42,
LALT,First Trust Multi-Strategy Alternative ETF,Multistrategy,First Trust,17682984.0,0.023599999,,,17682984.0,20.91,20.93,20.92,,36,12557,23.513226,,2.36,
LAPR,Innovator Premium Income 15 Buffer ETF - April,Defined Outcome,Innovator ETFs,5574660.0,0.056599997,,,5574660.0,24.9948,25.0258,24.98,,3830,2566,,,5.66,
LAYS,STKd 100% NVDA & 100% AMD ETF,,,,,,,,,21.7936,20.701,,22229,2800,,,,
LBAY,Leatherback Long/Short Alternative Yield ETF,Long-Short Equity,Leatherback,32677604.0,0.037,-0.027213199,,32677604.0,24.3372,24.09,24.11,,3947,5707,17.379313,,3.7,
LBO,WHITEWOLF Publicly Listed Private Equity ETF,Miscellaneous Sector,WHITEWOLF,6964225.0,0.0659,,,6964225.0,29.8439,29.8071,29.7599,,5794,5098,12.884844,,6.59,
LCDL,GraniteShares 2x Long LCID Daily ETF,,,,,,,,,31.25,29.53,,10444,9241,,,,
LCDS,JPMorgan Fundamental Data Science Large Core ETF,Large Blend,JPMorgan,11898795.0,,,,11898795.0,55.2724,55.52,55.3068,,11,79,24.882784,,,
LCF,Touchstone US Large Cap Focused ETF,Large Blend,Touchstone,41972192.0,0.0066000004,,,41972192.0,35.68,36.0442,35.812847,,165,2126,23.637613,,0.66,
LCG,Sterling Capital Focus Equity ETF,Large Growth,Sterling Capital Funds,30289012.0,0.0,0.1381381,,30289012.0,29.8,30.176,29.63,,5326,3773,40.05613,,0.0,
LCLG,Logan Capital Broad Innovative Growth ETF,Large Growth,Logan Capital,68999584.0,0.00059999997,0.222966,0.1782369,68999584.0,51.9703,53.8232,53.86,,7,1057,29.201347,,0.06,
LCOW,Pacer S&P 500 Quality FCF Aristocrats ETF,Large Blend,Pacer,,,,,,20.5291,20.7017,20.558,,2174,1533,,,,
LCR,Leuthold Core ETF,Tactical Allocation,Leuthold,70390096.0,0.0186,0.0767124,0.0825238,70390096.0,34.8136,34.8258,34.71,,43756,9595,19.720903,,1.86,
LCTD,BlackRock World ex U.S. Carbon Transition Readiness ETF,Foreign Large Blend,BlackRock,223704064.0,0.033800002,0.0977315,,223704064.0,49.96623,49.69,49.59,,6066,30352,17.544827,,3.38,
LCTU,BlackRock U.S. Carbon Transition Readiness ETF,Large Blend,BlackRock,1146267264.0,0.013300001,0.1443135,,1146267260.0,62.8899,63.23,62.585,,19443,47287,25.294073,,1.33,
LDDR,LifeX 2035 Term Income ETF,Target Maturity,STONE RIDGE,267256816.0,,,,267256816.0,86.3695,86.3277,94.96,,6035,9551,,,,
LDEM,iShares ESG MSCI EM Leaders ETF,Diversified Emerging Mkts,iShares,27260662.0,0.0242,0.0571912,0.0692754,27260662.0,51.96522,51.45,51.51,,3088,2971,14.515762,,2.42,
LDER,LifeX 2040 Term Income ETF,Target Maturity,STONE RIDGE,783154.0,,,,783154.0,114.6917,114.498,114.95,,127,128,,,,
LDRC,iShares iBonds 1-5 Year Corporate Ladder ETF,Corporate Bond,iShares,9062803.0,,,,9062803.0,25.08682,25.088,25.07,,23568,4457,,,,
LDRH,iShares iBonds 1-5 Year High Yield and Income Ladder ETF,High Yield Bond,iShares,3956802.0,,,,3956802.0,24.78597,24.775,24.74,,603,1426,10.848393,,,
LDRI,iShares iBonds 1-5 Year TIPS Ladder ETF,Short-Term Inflation-Protected Bond,iShares,7140790.0,,,,7140790.0,25.41903,25.37,25.375,,124,6273,,,,
LDRR,LifeX 2045 Term Income ETF,Target Maturity,STONE RIDGE,1069763.0,,,,1069763.0,135.4364,137.387,137.7,,0,115,,,,
LDRT,iShares iBonds 1-5 Year Treasury Ladder ETF,Intermediate Government,iShares,19767408.0,,,,19767408.0,25.14893,25.136,25.11,,40,8398,,,,
LDRX,SGI Enhanced Market Leaders ETF,,,,,,,,,27.548,27.385,,362,661,,,,
LDSF,First Trust Low Duration Strategic Focus ETF,Short-Term Bond,First Trust,118921624.0,0.045900002,0.038545102,0.0193431,118921624.0,18.78,18.7631,18.775,,113390,47887,,,4.59,
LDUR,PIMCO Enhanced Low Duration Active Exchange-Traded Fund,Short-Term Bond,PIMCO,856289344.0,0.047199998,0.0350031,0.019361,856289340.0,95.4,95.41,95.415,,34402,57622,,,4.72,
LEAD,Siren DIVCON Leaders Dividend ETF,Large Blend,SRN Advisors,50541352.0,0.0092,0.128727,0.1380674,50541352.0,68.4739,68.702,68.4,,1790,1890,26.758244,,0.92,
LEGR,First Trust Indxx Innovative Transaction & Process ETF,Digital Assets,First Trust,92856208.0,0.0234,0.1515778,0.1606139,92856208.0,51.38,51.42,51.25,,1041,6885,14.6001425,,2.34,
LEMB,iShares J.P. Morgan EM Local Currency Bond ETF,Emerging-Markets Local-Currency Bond,iShares,300490208.0,0.0,0.043923702,0.0085081,300490208.0,39.02238,38.89,39.07,,15781,91853,,,0.0,
LENS,Sarmaya Thematic ETF,Global Large-Stock Growth,"Sarmaya Partners, LLC",3942067.0,,,,3942067.0,26.912,26.4904,26.87,,801,1392,14.603268,,,
LEXI,Alexis Practical Tactical ETF,Tactical Allocation,Alexis Practical Tactical,104997712.0,0.022,0.114628404,,104997712.0,30.7947,30.8919,30.74,,5345,6253,24.126072,,2.2,
LFAE,LifeX 2048 Longevity Income ETF,Miscellaneous Fixed Income,STONE RIDGE,3745883.0,0.074,,,3745883.0,116.0977,116.916,116.58,,0,76,,,7.4,
LFAF,LifeX 2049 Longevity Income ETF,Miscellaneous Fixed Income,STONE RIDGE,4007430.0,0.0784,,,4007430.0,120.6717,13.03,12.59,,12,34,,,7.84,
LFAI,LifeX 2050 Longevity Income ETF,Miscellaneous Fixed Income,STONE RIDGE,3505396.0,0.084300004,,,3505396.0,125.0871,13.8351,127.57,,0,155,,,8.43,
LFAJ,LifeX 2051 Longevity Income ETF,Miscellaneous Fixed Income,STONE RIDGE,3759459.0,0.0865,,,3759459.0,129.2753,13.915,14.02,,0,25,,,8.65,
LFAK,LifeX 2052 Longevity Income ETF,Miscellaneous Fixed Income,STONE RIDGE,4155678.0,0.0916,,,4155678.0,133.3052,14.4951,137.51,,0,53,,,9.16,
LFAL,LifeX 2053 Longevity Income ETF,Miscellaneous Fixed Income,STONE RIDGE,5134234.0,0.0933,,,5134234.0,137.1406,136.9166,137.2,,1610,274,,,9.33,
LFAN,LifeX 2054 Longevity Income ETF,Miscellaneous Fixed Income,STONE RIDGE,3809254.0,0.094,,,3809254.0,140.8087,147.327,147.61,,0,76,,,9.4,
LFAO,LifeX 2055 Longevity Income ETF,Miscellaneous Fixed Income,STONE RIDGE,3605889.0,0.0983,,,3605889.0,144.3107,15.2743,149.64,,2,39,,,9.83,
LFAQ,LifeX 2056 Longevity Income ETF,Miscellaneous Fixed Income,STONE RIDGE,3076954.0,0.1017,,,3076954.0,147.6869,16.3873,151.44,,2,50,,,10.17,
LFAR,LifeX 2057 Longevity Income ETF,Miscellaneous Fixed Income,STONE RIDGE,3775719.0,0.105299994,,,3775719.0,150.9003,155.746,153.5,,7,31,,,10.53,
LFAU,LifeX 2058 Longevity Income ETF,Miscellaneous Fixed Income,STONE RIDGE,3052105.0,0.1076,,,3052105.0,153.9823,16.9273,17.09,,1,14,,,10.76,
LFAV,LifeX 2059 Longevity Income ETF,Miscellaneous Fixed Income,STONE RIDGE,3606851.0,0.107200004,,,3606851.0,157.0231,17.2331,17.32,,0,20,,,10.72,
LFAW,LifeX 2060 Longevity Income ETF,Miscellaneous Fixed Income,STONE RIDGE,3007706.0,0.1153,,,3007706.0,159.9183,168.033,164.0,,0,17,,,11.53,
LFAX,LifeX 2061 Longevity Income ETF,Miscellaneous Fixed Income,STONE RIDGE,3062413.0,0.12109999,,,3062413.0,162.6934,17.3574,17.33,,0,25,,,12.11,
LFAZ,LifeX 2062 Longevity Income ETF,Miscellaneous Fixed Income,STONE RIDGE,3460455.0,0.12529999,,,3460455.0,165.3424,17.2651,17.16,,0,49,,,12.53,
LFBB,LifeX 2063 Longevity Income ETF,Miscellaneous Fixed Income,STONE RIDGE,3516205.0,0.1318,,,3516205.0,167.8633,18.2251,17.58,,0,34,,,13.18,
LFBD,LifeX 2064 Longevity Income ETF,Miscellaneous Fixed Income,STONE RIDGE,713032.0,,,,713032.0,170.215,18.1573,18.31,,0,4,,,,
LFBE,LifeX 2065 Longevity Income ETF,Miscellaneous Fixed Income,STONE RIDGE,722985.0,,,,722985.0,172.4141,18.25,18.56,,0,22,,,,
LFDR,LifeX Durable Income ETF,Intermediate Government,STONE RIDGE,722890.0,0.095699996,,,722890.0,172.2843,174.715,175.5095,,20,54,,,9.57,
LFEQ,VanEck Long/Flat Trend ETF,Large Blend,VanEck,22767972.0,0.008,0.089549,0.1229276,22767972.0,46.13,47.1816,46.95,,104,2269,25.837624,,0.8,
LFGY,YieldMax Crypto Industry & Tech Portfolio Option Income ETF,Digital Assets,YieldMax ETFs,80811072.0,,,,80811072.0,39.4343,40.64,39.5,,157895,87166,13.965671,,,
LFSC,F/m Emerald Life Sciences Innovation ETF,,,,,,,,,22.7428,22.66,,298,3587,,,,
LGCF,Themes US Cash Flow Champions ETF,,,,,,,,,30.4426,30.3281,,4,788,15.662969,,,
LGDX,Intech S&P Large Cap Diversified Alpha ETF,Large Blend,Intech,72142496.0,,,,72142496.0,19.9678,20.1312,19.99,,38239,54143,23.250364,,,
LGH,HCM Defender 500 Index ETF,Large Blend,Howard Capital Management,407472896.0,0.0044,0.1226334,0.1669821,407472896.0,49.57,50.06,49.25,,49149,37309,25.795498,,0.44,
LGHT,Langar Global Healthtech ETF,Health,Langar Funds,3819869.0,0.0,,,3819869.0,9.94536,10.05,9.93,,804,3098,32.655624,,0.0,
LGLV,SPDR SSGA US Large Cap Low Volatility Index ETF,Large Blend,SPDR State Street Global Advisors,1028326912.0,0.0195,0.1107816,0.140313,1028326910.0,172.31795,172.48,171.52,,39357,51498,24.068533,,1.95,
LGOV,First Trust Long Duration Opportunities ETF,Long Government,First Trust,700548032.0,0.0381,-0.0164534,-0.0372312,700548030.0,20.87,20.81,20.9,,98018,235992,,,3.81,
LGRO,Level Four Large Cap Growth Active ETF,Large Growth,ALPS,88149464.0,0.0034999999,,,88149464.0,34.12,34.5197,34.28,,905,13084,27.195345,,0.35,
LIAB,LifeX 2048 Inflation-Protected Longevity Income ETF,Miscellaneous Fixed Income,STONE RIDGE,5173040.0,0.0509,,,5173040.0,152.5207,154.197,153.27,,0,266,,,5.09,
LIAC,LifeX 2049 Inflation-Protected Longevity Income ETF,Miscellaneous Fixed Income,STONE RIDGE,3956399.0,0.052600004,,,3956399.0,160.2874,161.127,161.0,,0,77,,,5.26,
LIAE,LifeX 2050 Inflation-Protected Longevity Income ETF,Miscellaneous Fixed Income,STONE RIDGE,3786556.0,0.057600003,,,3786556.0,167.3079,17.0431,169.58,,0,22,,,5.76,
LIAF,LifeX 2051 Inflation-Protected Longevity Income ETF,Miscellaneous Fixed Income,STONE RIDGE,4297185.0,0.0657,,,4297185.0,173.9789,175.964,174.17,,0,72,,,6.57,
LIAG,LifeX 2052 Inflation-Protected Longevity Income ETF,Miscellaneous Fixed Income,STONE RIDGE,4275494.0,0.073,,,4275494.0,180.5013,189.06,191.52,,1,13,,,7.3,
LIAJ,LifeX 2053 Inflation-Protected Longevity Income ETF,Miscellaneous Fixed Income,STONE RIDGE,3082416.0,0.0793,,,3082416.0,186.9437,19.4902,195.53,,0,9,,,7.93,
LIAK,LifeX 2054 Inflation-Protected Longevity Income ETF,Miscellaneous Fixed Income,STONE RIDGE,4983793.0,0.0817,,,4983793.0,193.3643,195.837,193.92,,102,157,,,8.17,
LIAM,LifeX 2055 Inflation-Protected Longevity Income ETF,Miscellaneous Fixed Income,STONE RIDGE,3087548.0,0.093100004,,,3087548.0,199.507,22.5046,206.91,,0,22,,,9.31,
LIAO,LifeX 2056 Inflation-Protected Longevity Income ETF,Miscellaneous Fixed Income,STONE RIDGE,5487779.0,0.1012,,,5487779.0,204.5267,204.6742,204.92,,15000,314,,,10.12,
LIAP,LifeX 2057 Inflation-Protected Longevity Income ETF,Miscellaneous Fixed Income,STONE RIDGE,4367955.0,0.105399996,,,4367955.0,211.4641,216.752,207.25,,0,52,,,10.54,
LIAQ,LifeX 2058 Inflation-Protected Longevity Income ETF,Miscellaneous Fixed Income,STONE RIDGE,3809125.0,0.1146,,,3809125.0,216.7614,216.9892,217.47,,17000,781,,,11.46,
LIAT,LifeX 2059 Inflation-Protected Longevity Income ETF,Miscellaneous Fixed Income,STONE RIDGE,3674717.0,0.1105,,,3674717.0,222.0958,222.318,222.57,,15002,300,,,11.05,
LIAU,LifeX 2060 Inflation-Protected Longevity Income ETF,Miscellaneous Fixed Income,STONE RIDGE,3061731.0,0.1313,,,3061731.0,227.6075,241.664,236.16,,15,22,,,13.13,
LIAV,LifeX 2061 Inflation-Protected Longevity Income ETF,Miscellaneous Fixed Income,STONE RIDGE,2892094.0,0.1387,,,2892094.0,232.767,233.031,233.26,,10000,504,,,13.87,
LIAW,LifeX 2062 Inflation-Protected Longevity Income ETF,Miscellaneous Fixed Income,STONE RIDGE,3695702.0,0.14840001,,,3695702.0,237.6208,237.919,238.27,,15000,681,,,14.84,
LIAX,LifeX 2063 Inflation-Protected Longevity Income ETF,Miscellaneous Fixed Income,STONE RIDGE,5041806.0,0.1596,,,5041806.0,243.0867,243.394,244.515,,15021,347,,,15.96,
LIAY,LifeX 2064 Inflation-Protected Longevity Income ETF,Miscellaneous Fixed Income,STONE RIDGE,1758607.0,,,,1758607.0,241.694,245.06,251.58,,0,431,,,,
LIBD,LifeX 2065 Inflation-Protected Longevity Income ETF,Miscellaneous Fixed Income,STONE RIDGE,1024815.0,,,,1024815.0,246.7902,25.9606,264.45,,0,68,,,,
LIMI,Themes Lithium & Battery Metal Miners ETF,Natural Resources,Themes ETF Trust,440242.0,,,,440242.0,22.8281,23.0697,22.8013,,36,534,25.990992,,,
LIT,Global X Lithium & Battery Tech ETF,Natural Resources,Global X Funds,869679168.0,0.010299999,-0.1864177,0.079100296,869679170.0,37.63,37.61,37.18,,136608,197984,21.911997,,1.03,
LITL,Simplify Piper Sandler US Small-Cap PLUS Income ETF,Derivative Income,Simplify Asset Management,2490004.0,,,,2490004.0,25.9308,26.2347,25.9,,2553,2121,16.246292,,,
LITP,Sprott Lithium Miners ETF,Natural Resources,Sprott,12526643.0,0.0794,,,12526643.0,5.55,5.53,5.64,,19845,34307,16.592657,,7.94,
LIVR,Intelligent Livermore ETF,,,,,,,,,25.2382,25.27,,663,3231,20.998468,,,
LJAN,Innovator Premium Income 15 Buffer ETF - January,Defined Outcome,Innovator ETFs,13300118.0,0.055,,,13300118.0,24.447,24.5,24.455,,585,2493,,,5.5,
LJUL,Innovator Premium Income 15 Buffer ETF - July,Defined Outcome,Innovator ETFs,2379167.0,,,,2379167.0,23.9234,23.915,23.97,,3,301,,,,
LKOR,FlexShares Credit-Scored US Long Corporate Bond Index Fund,Long-Term Bond,Flexshares Trust,35401716.0,0.0563,0.0077313,-0.0251894,35401716.0,40.4628,40.4592,40.4504,,1786,3828,,,5.63,
LLDR,Global X Long-Term Treasury Ladder ETF,Long Government,Global X Funds,21232518.0,,,,21232518.0,43.95,44.3209,43.75,,3,419,,,,
LLYX,Defiance Daily Target 2X Long LLY ETF,Trading--Leveraged Equity,Defiance ETFs,16119897.0,,,,16119897.0,13.512,13.62,13.49,,469765,317977,,,,
LMBO,Direxion Daily Crypto Industry Bull 2X Shares ETF,Trading--Leveraged Equity,Direxion Funds,3389165.0,,,,3389165.0,18.807,19.7037,18.9199,,3767,5607,30.448788,,,
LMBS,First Trust Low Duration Opportunities ETF,Short Government,First Trust,4951274496.0,0.040900003,0.040109202,0.0194319,4951274500.0,48.68,48.67,48.72,,261796,511131,,,4.09,
LOCT,Innovator Premium Income 15 Buffer ETF - October,Defined Outcome,Innovator ETFs,19406644.0,0.0583,,,19406644.0,23.7654,23.7911,23.76,,757,5695,,,5.83,
LODI,AAM SLC Low Duration Income ETF,Short-Term Bond,AAM,56047864.0,,,,56047864.0,24.9809,25.015,25.04,,3179,4184,,,,
LONZ,PIMCO Senior Loan Active Exchange-Traded Fund,Bank Loan,PIMCO,758027520.0,0.0766,,,758027520.0,50.73,50.65,50.7,,22219,198809,,,7.66,
LOPP,Gabelli Love Our Planet & People ETF,Mid-Cap Blend,Gabelli,9470496.0,0.0191,0.068910696,,9470496.0,28.304,28.3612,28.14,,0,1488,,,1.91,
LOUP,Innovator Deepwater Frontier Tech ETF,Technology,Innovator ETFs,77026992.0,0.0,0.1587428,0.1378335,77026992.0,53.8298,53.8247,53.45,,1780,14476,28.063251,,0.0,
LOWV,AB US Low Volatility Equity ETF,Large Blend,AllianceBernstein,109098624.0,0.0093,,,109098624.0,71.544,71.87,71.63,,2199,9957,25.977163,,0.93,
LPRE,Long Pond Real Estate Select ETF,Real Estate,"Long Pond Capital, LP",15164839.0,,,,15164839.0,24.24,24.3512,24.31,,1000,20117,17.713295,,,
LQAI,LG QRAFT AI-Powered U.S. Large Cap Core ETF,Large Blend,"QRAFT Technologies, Inc",6088093.0,0.0095,,,6088093.0,33.03,33.142,33.295,,38,1204,24.454506,,0.95,
LQD,iShares iBoxx $ Investment Grade Corporate Bond ETF,Corporate Bond,iShares,27602335744.0,0.044299997,0.0217889,-0.008173901,27602335700.0,106.18687,106.2,106.41,31193180160.0,21281189,30666663,32.13789,,4.43,
LQDB,iShares BBB Rated Corporate Bond ETF,Corporate Bond,iShares,42717120.0,0.0458,0.0355894,,42717120.0,84.51138,84.6006,84.6,,345,934,,,4.58,
LQDH,iShares Interest Rate Hedged Corporate Bond ETF,Ultrashort Bond,iShares,458356608.0,0.0718,0.0742641,0.057581,458356608.0,91.47829,91.68,91.445,,51777,76626,,,7.18,
LQDI,iShares Inflation Hedged Corporate Bond ETF,Corporate Bond,iShares,90470456.0,0.0452,0.024675801,0.0351169,90470456.0,25.60691,25.6174,25.75,,7362,6674,,,4.52,
LQDW,iShares Investment Grade Corporate Bond Buywrite Strategy ETF,Derivative Income,iShares,234043312.0,0.1529,,,234043312.0,25.49882,25.49,25.51,,69903,46895,,,15.29,
LQIG,SPDR MarketAxess Investment Grade 400 Corporate Bond ETF,Corporate Bond,SPDR State Street Global Advisors,51931344.0,0.054,0.0266464,,51931344.0,92.64912,92.886,92.79,,2201,1861,,,5.4,
LQPE,PEO AlphaQuest Thematic PE ETF,Mid-Cap Value,AlphaQuest LLC,12974181.0,,,,12974181.0,18.0468,18.2883,18.61,,9,1073,19.008331,,,
LQTI,FT Vest Investment Grade & Target Income ETF,Derivative Income,First Trust,25172220.0,,,,25172220.0,19.85,19.91,19.83,,42437,39107,,,,
LRGC,AB US Large Cap Strategic Equities ETF,Large Blend,AllianceBernstein,340317696.0,0.0049,,,340317696.0,65.9278,66.51,65.65,,9343,41490,25.290745,,0.49,
LRGE,ClearBridge Large Cap Growth ESG ETF,Large Growth,Franklin Templeton Investments,380039648.0,0.0019,0.2039019,0.1474054,380039648.0,74.09,74.8318,73.65,,8646,14622,33.45532,,0.19,
LRGF,iShares U.S. Equity Factor ETF,Large Blend,iShares,2284990208.0,0.0128,0.1679827,0.1671329,2284990210.0,60.15467,60.52,59.76,,98193,179161,23.439262,,1.28,
LRGG,Macquarie Focused Large Growth ETF,Large Growth,Macquarie,167233232.0,,,,167233232.0,27.05,27.22,27.04,,25077,133655,35.30054,,,
LRND,NYLI U.S. Large Cap R&D Leaders ETF,Large Blend,New York Life Investment Management LLC,7143967.0,0.0106,0.16695471,,7143967.0,33.212,33.5219,33.12,,105,534,24.102158,,1.06,
LRNZ,"TrueShares Technology, AI and Deep Learning ETF",Technology,TrueShares,29278928.0,0.0,0.1463923,0.0497794,29278928.0,40.534,40.6874,39.77,,2028,9166,50.85505,,0.0,
LSAF,LeaderSharesTM AlphaFactor US Core Equity ETF,Mid-Cap Blend,"Redwood Investment Management, LLC",131050704.0,0.0044,0.1143441,0.1381282,131050704.0,40.53,40.64,41.63,,5661,11996,16.456392,,0.44,
LSAT,LeaderShares AlphaFactor Tactical Focused ETF,Mid-Cap Value,"Redwood Investment Management, LLC",98847192.0,0.0137,0.08862001,,98847192.0,39.75,39.68,39.77,,9422,10677,14.580727,,1.37,
LSEQ,Harbor Long-Short Equity ETF,Long-Short Equity,Harbor,20220088.0,0.0,,,20220088.0,28.86265,28.8082,29.0099,,73,3347,24.03419,,0.0,
LSGR,Natixis Loomis Sayles Focused Growth ETF,Large Growth,Natixis Funds,328431616.0,0.0014,,,328431616.0,38.4439,38.8926,38.35,,10795,28017,36.049305,,0.14,
LST,Leuthold Select Industries ETF,Mid-Cap Blend,Leuthold,17352876.0,0.0,0.1283809,0.1592091,17352876.0,34.4634,34.49,34.3668,,601,2344,17.7276,,0.0,
LSVD,LSV Disciplined Value ETF,Large Value,LSV Fund,1828143.0,,,,1828143.0,23.97,22.2731,21.84,,0,18,18.255226,,,
LTL,ProShares Ultra Communication Services,Trading--Leveraged Equity,ProShares,7022596.0,0.0036000002,0.3458332,0.2367797,7022596.0,85.2094,86.1158,84.73,,5243,6358,20.216574,,0.36,
LTPZ,PIMCO 15+ Year U.S. TIPS Index Exchange-Traded Fund,Inflation-Protected Bond,PIMCO,699841024.0,0.0402,-0.0662966,-0.0572403,699841020.0,50.64,50.59,50.67,,162736,161911,,,4.02,
LTTI,FT Vest 20+ Year Treasury & Target Income ETF,Derivative Income,First Trust,11055602.0,,,,11055602.0,19.04,19.0045,18.99,,2771,13249,,,,
LUX,Tema ETF Trust - Tema Luxury ETF,Consumer Cyclical,Tema Global Limited,2541768.0,0.0294,,,2541768.0,22.1208,22.8648,21.7,,777,1558,22.702868,,2.94,
LVHD,Franklin U.S. Low Volatility High Dividend Index ETF,Large Value,Franklin Templeton Investments,564416320.0,0.039,0.0441124,0.1137177,564416320.0,39.25,39.19,39.13,,81622,102009,19.142054,,3.9,
LVHI,Franklin International Low Volatility High Dividend Index ETF,Foreign Large Value,Franklin Templeton Investments,2431913216.0,0.0353,0.137631,0.1615734,2431913220.0,32.75,33.03,32.78,,471452,818830,11.59608,,3.53,
LYLD,,,,,,,,,,25.1921,25.03,,1810,7117,,,,
MADE,iShares U.S. Manufacturing ETF,Industrials,iShares,15300368.0,,,,15300368.0,25.14659,25.29,24.88,,7109,15590,21.01081,,,
MAGA,Point Bridge America First ETF,Mid-Cap Value,Point Bridge Capital,29396446.0,0.0119,0.0957615,0.1806029,29396446.0,48.2215,48.4253,47.79,,927,3323,20.334993,,1.19,
MAGG,Madison Aggregate Bond ETF,Intermediate Core Bond,"Madison Asset Management, LLC",65982840.0,0.0495,,,65982840.0,19.998,19.99,20.03,,7902,5736,,,4.95,
MAGS,Roundhill Magnificent Seven ETF,Technology,Roundhill Investments,1914472320.0,0.0095,,,1914472320.0,51.1621,51.88,50.9,,3090200,3107520,,,0.95,
MAGX,Roundhill Daily 2X Long Magnificent Seven ETF,Trading--Leveraged Equity,Roundhill Investments,56547264.0,0.013200001,,,56547264.0,36.7232,37.67,36.365,,106785,158806,,,1.32,
MAGY,Roundhill Magnificent Seven Covered Call ETF,Derivative Income,Roundhill Investments,1579335.0,,,,1579335.0,54.5184,55.3363,54.48,,11566,10017,,,,
MAKX,ProShares S&P Kensho Smart Factories ETF,Technology,ProShares,867328.0,0.0023,0.0945408,,867328.0,39.0273,39.3317,38.68,,212,293,27.424072,,0.23,
MAMB,Monarch Ambassador Income ETF,Intermediate Core-Plus Bond,Monarch Funds,125680328.0,0.0215,0.0159336,,125680328.0,22.67,22.605,22.635,,10328,23174,,,2.15,
MAPP,Harbor Multi-Asset Explorer ETF,Global Moderately Aggressive Allocation,Harbor,5176698.0,0.0238,,,5176698.0,23.53587,21.0969,23.01,,1,757,19.016163,,2.38,
MARB,First Trust Merger Arbitrage ETF,Event Driven,First Trust,34120780.0,0.0209,0.024647301,0.0178257,34120780.0,20.21,20.26,20.16,,3344,15165,20.759914,,2.09,
MARM,FT Vest U.S. Equity Max Buffer ETF - March,Defined Outcome,First Trust,135119728.0,0.0,,,135119728.0,31.65,31.6954,31.7,,3494,24160,24.35712,,0.0,
MARO,YieldMax MARA Option Income Strategy ETF,Derivative Income,YieldMax ETFs,42329916.0,,,,42329916.0,21.614,22.92,22.05,,219121,78874,,,,
MART,Allianzim U.S. Large Cap Buffer10 Mar ETF,Defined Outcome,AllianzIM,25754028.0,0.0,,,25754028.0,34.4142,34.4259,34.21,,23432,5928,24.92033,,0.0,
MARU,AllianzIM U.S. Equity Buffer15 Uncapped Mar ETF,Defined Outcome,AllianzIM,16187627.0,,,,16187627.0,24.6786,24.6852,24.58,,339,11618,24.767513,,,
MARW,Allianzim U.S. Large Cap Buffer20 Mar ETF,Defined Outcome,AllianzIM,80285136.0,0.0,,,80285136.0,31.592,31.609,31.4964,,1316,24169,24.657734,,0.0,
MARZ,TrueShares Structured Outcome (March) ETF,Defined Outcome,TrueShares,21748674.0,0.0427,0.12689,,21748674.0,31.0802,31.465,31.23,,175,10400,24.856525,,4.27,
MAVF,Matrix Advisors Value ETF,Large Value,Matrix Asset Advisors Inc,65739504.0,0.009,0.1247747,0.1656969,65739504.0,98.766,99.6193,98.94,,962,605,18.250334,,0.9,
MAXI,Simplify Bitcoin Strategy PLUS Income ETF,Digital Assets,Simplify Asset Management,45106480.0,0.33830002,,,45106480.0,32.9104,34.63,32.94,,29143,47892,,,33.83,
MAXJ,iShares Large Cap Max Buffer Jun ETF,Defined Outcome,iShares,114259520.0,,,,114259520.0,26.31725,26.45,26.3,,4336,49614,24.769138,,,
MAYM,FT Vest U.S. Equity Max Buffer ETF - May,,,,,,,,,30.8311,30.805,,27181,86920,,,,
MAYP,PGIM S&P 500 Buffer 12 ETF - May,Defined Outcome,PGIM Investments,6047232.0,0.0,,,6047232.0,28.201,28.3541,28.123,,2246,3166,24.771664,,0.0,
MAYT,AllianzIM U.S. Large Cap Buffer10 May ETF,Defined Outcome,AllianzIM,13821485.0,0.0,,,13821485.0,33.6079,33.6262,33.47,,5900,4507,24.87273,,0.0,
MAYU,AllianzIM U.S. Equity Buffer15 Uncapped May ETF,Defined Outcome,AllianzIM,18006776.0,0.0,,,18006776.0,27.5771,27.6,27.4,,6244,5287,24.86712,,0.0,
MAYW,AllianzIM U.S. Large Cap Buffer20 May ETF,Defined Outcome,AllianzIM,61515892.0,0.0,,,61515892.0,31.3963,31.4405,31.38,,9490,21695,24.624184,,0.0,
MAYZ,TrueShares Structured Outcome (May) ETF,Defined Outcome,TrueShares,10956675.0,0.020299999,0.1108992,,10956675.0,29.8136,30.459,29.82,,108,3973,26.2391,,2.03,
MBB,iShares MBS ETF,Intermediate Government,iShares,37187121152.0,0.0398,0.011249799,-0.011541,37187121000.0,91.70957,91.58,91.84,,2285102,3720723,,,3.98,
MBBB,VanEck Moody's Analytics BBB Corporate Bond ETF,Corporate Bond,VanEck,8554884.0,0.050100002,0.0450685,,8554884.0,21.15,21.0631,21.06,,2,255,,,5.01,
MBCC,Monarch Blue Chips Core ETF,Large Growth,Monarch Funds,155564528.0,0.00029999999,0.1465979,,155564528.0,34.23,34.57,34.29,,4556,11084,33.920147,,0.03,
MBND,SPDR Nuveen Municipal Bond ETF,Muni National Interm,SPDR State Street Global Advisors,28406128.0,0.0286,0.0278847,,28406128.0,26.90088,26.825,26.885,,3140,18223,,,2.86,
MBNE,SPDR Nuveen Municipal Bond ESG ETF,Muni National Interm,SPDR State Street Global Advisors,12974696.0,0.0342,0.021189101,,12974696.0,28.69034,28.5789,28.565,,210,9012,,,3.42,
MBOX,Freedom Day Dividend ETF,Large Value,"Freedom Day Solutions, LLC",120468400.0,0.0182,0.1122711,,120468400.0,32.4234,32.4875,32.3897,,1763,6492,16.560875,,1.82,
MBS,Angel Oak Mortgage-Backed Securities ETF,Intermediate Core-Plus Bond,Angel Oak,176473760.0,0.048600003,0.0176826,,176473760.0,8.5152,8.49,8.52,,37282,64874,,,4.86,
MBSD,FlexShares Disciplined Duration MBS Index Fund,Intermediate Government,Flexshares Trust,83641712.0,0.039,0.0179841,-0.0035914,83641712.0,20.3226,20.3356,20.46,,5450,20276,,,3.9,
MBSF,Regan Floating Rate MBS ETF,Short Government,"Regan Capital, LLC",155687808.0,0.0497,,,155687808.0,25.45,25.47,25.48,,46037,44104,,,4.97,
MBSX,Regan Fixed Rate MBS ETF,Intermediate Government,Regan Capital,25.0,,,,25.0,25.2855,25.275,25.3,,28923,28858,,,,
MCDS,JPMorgan Fundamental Data Science Mid Core ETF,Mid-Cap Blend,JPMorgan,6229153.0,,,,6229153.0,53.7195,53.9928,53.7253,,3,2174,20.732735,,,
MCH,Matthews China Active ETF,China Region,Matthews Asia Funds,19075908.0,0.0128,,,19075908.0,23.885,23.7369,23.64,,3725,17444,12.007878,,1.28,
MCHI,iShares MSCI China ETF,China Region,iShares,5514965504.0,0.0209,0.059794102,0.0047075,5514965500.0,54.71788,54.75,54.48,,1678255,3352795,12.966433,,2.09,
MCHS,Matthews China Discovery Active ETF,China Region,Matthews Asia Funds,2163282.0,0.051999997,,,2163282.0,27.828,27.93,27.66,,3,500,15.863696,,5.2,
MCSE,Martin Currie Sustainable International Equity ETF,Foreign Large Growth,Franklin Templeton Investments,29389652.0,0.0061000003,0.0229085,0.046862897,29389652.0,13.93,14.035,13.96,,8,10861,31.310781,,0.61,
MDEV,First Trust Indxx Global Medical Devices ETF,Health,First Trust,2002569.0,0.0,0.013039401,,2002569.0,19.92,20.1447,20.3024,,20,352,30.817707,,0.0,
MDIV,Multi-Asset Diversified Income Index Fund,Aggressive Allocation,First Trust,449519008.0,0.0654,0.060278703,0.0974658,449519008.0,15.69,15.685,15.57,,40257,90334,13.810055,,6.54,
MDLV,Morgan Dempsey Large Cap Value ETF,Large Value,Morgan Dempsey,24037624.0,0.0294,,,24037624.0,26.2427,26.182,26.26,,3033,6887,16.958002,,2.94,
MDPL,Northern Lights Fund Trust IV - Monarch Dividend Plus Index ETF,,,,,,,,,25.4,25.219,,5921,7873,,,,
MDST,Westwood Salient Enhanced Midstream Income ETF,Energy Limited Partnership,Westwood,82121240.0,0.104399994,,,82121240.0,26.72,26.6052,26.6,,25843,22726,18.870674,,10.44,
MDY,SPDR S&P MIDCAP 400 ETF Trust,Mid-Cap Blend,SPDR State Street Global Advisors,21226102784.0,0.0135,0.0887267,0.134537,21226102800.0,544.72,545.56,538.06,30182387712.0,666012,1216011,18.710081,,1.35,
MDYG,SPDR S&P 400 Mid Cap Growth ETF,Mid-Cap Growth,SPDR State Street Global Advisors,2080949120.0,0.0097,0.101048805,0.1137764,2080949120.0,83.49014,83.66,82.34,,54744,221874,21.865025,,0.97,
MDYV,SPDR S&P 400 Mid Cap Value ETF,Small Value,SPDR State Street Global Advisors,2231426048.0,0.02,0.0791528,0.1566838,2231426050.0,76.34796,76.5,75.52,,97692,160382,16.30348,,2.0,
MEAR,iShares Short Maturity Municipal Bond Active ETF,Muni National Short,iShares,1008570496.0,0.033,0.0317381,0.0187928,1008570500.0,50.05573,50.07,50.14,,313460,213582,,,3.3,
MEDI,Harbor Health Care ETF,Health,Harbor,15682683.0,0.0050999997,,,15682683.0,24.41562,24.2732,24.3422,,156,2377,37.244473,,0.51,
MEDX,Horizon Kinetics Medical ETF,Health,Horizon Kinetics,16112683.0,0.0168,-0.027641399,0.0207846,16112683.0,25.5697,25.72,25.46,,293,1661,23.075253,,1.68,
MEM,Matthews Emerging Markets Equity Active ETF,Diversified Emerging Mkts,Matthews Asia Funds,35887248.0,0.0769,,,35887248.0,31.002,30.7975,30.89,,8362,19601,15.256097,,7.69,
MEMS,Matthews Emerging Markets Discovery Active ETF,Diversified Emerging Mkts,Matthews Asia Funds,16997154.0,0.014199999,,,16997154.0,24.345,24.335,24.1564,,581,3411,15.134922,,1.42,
MEMX,Matthews Emerging Markets Ex China Active ETF,Diversified Emerging Mkts,Matthews Asia Funds,37015688.0,0.01,,,37015688.0,30.693,30.4205,30.48,,1876,5658,15.558309,,1.0,
METD,Direxion Daily META Bear 1X ETF,Trading--Inverse Equity,Direxion Funds,4493862.0,,,,4493862.0,17.367,17.19,17.46,,67279,178271,,,,
METU,Direxion Daily META Bull 2X ETF,Trading--Leveraged Equity,Direxion Funds,82978368.0,,,,82978368.0,33.458,34.53,33.12,,424880,1012526,29.630024,,,
METV,Roundhill Ball Metaverse ETF,Technology,Roundhill Investments,270137792.0,0.0,0.2033883,,270137792.0,15.3491,15.48,15.21,,119791,173117,26.819906,,0.0,
MEXX,Direxion Daily MSCI Mexico Bull 3X Shares,Trading--Leveraged Equity,Direxion Funds,27379644.0,0.0319,-0.0123749,0.28392878,27379644.0,17.015,16.36,15.9,,84526,150049,14.725127,,3.19,
MFDX,PIMCO RAFI Dynamic Multi-Factor International Equity ETF,Foreign Large Blend,PIMCO,328248832.0,0.0306,0.1184547,0.1351638,328248832.0,34.73,34.6504,34.5,,13065,31495,16.03223,,3.06,
MFEM,PIMCO RAFI Dynamic Multi-Factor Emerging Markets Equity ETF,Diversified Emerging Mkts,PIMCO,97923800.0,0.0591,0.0654587,0.106551304,97923800.0,20.18,20.014,20.0805,,6157,17158,11.13166,,5.91,
MFLX,First Trust Flexible Municipal High Income ETF,Muni National Long,First Trust,14090534.0,0.040700004,0.0425709,0.026087899,14090534.0,16.39,16.49,16.53,,19394,3550,,,4.07,
MFSB,MFS Active Core Plus Bond ETF,Intermediate Core-Plus Bond,MFS,42034192.0,,,,42034192.0,24.47208,24.55,24.44,,3,2525,,,,
MFSG,MFS Active Growth ETF,Large Growth,MFS,64690960.0,,,,64690960.0,24.23815,24.59,24.17,,41751,41538,33.28404,,,
MFSI,MFS Active International ETF,Foreign Large Blend,MFS,199544880.0,,,,199544880.0,27.56453,27.625,27.4,,50309,100238,19.908152,,,
MFSM,MFS Active Intermediate Muni Bond ETF,Muni National Interm,MFS,41914868.0,,,,41914868.0,24.2742,24.3819,24.25,,6,6750,,,,
MFSV,MFS Active Value ETF,Large Value,MFS,51765748.0,,,,51765748.0,24.4445,24.4856,24.315,,6953,15798,20.51561,,,
MFUL,Mindful Conservative ETF,Moderate Allocation,Mohrfunds,32488432.0,0.028199999,0.021254301,,32488432.0,21.45,21.46,21.44,,1694,13831,20.846363,,2.82,
MFUS,PIMCO RAFI Dynamic Multi-Factor U.S. Equity ETF,Large Value,PIMCO,169062976.0,0.016,0.1219107,0.1601692,169062976.0,50.71,50.87,50.471,,7346,12077,20.915272,,1.6,
MFUT,,Systematic Trend,CAMBRIA ETF TRUST,16284123.0,,,,16284123.0,14.4198,14.3946,14.28,,3997,9371,24.410463,,,
MGC,Vanguard Mega Cap Index Fund,Large Blend,Vanguard,6422328320.0,0.0123000005,0.1681794,0.16747789,6422328300.0,209.63,211.13,208.51,,150550,170707,26.218586,,1.23,
MGK,Vanguard Mega Cap Growth Index Fund,Large Growth,Vanguard,23226351616.0,0.0047999998,0.2211579,0.179626,23226351600.0,337.26,341.09,335.45,,256707,563326,37.28527,,0.48,
MGMT,Ballast Small/Mid Cap ETF,Small Blend,Ballast Asset Management,144059664.0,0.0058,0.058871496,,144059664.0,37.83,37.87,37.658,,5411,12776,15.994456,,0.58,
MGNR,American Beacon GLG Natural Resources ETF,Natural Resources,American Beacon,146041712.0,0.0078,,,146041712.0,31.04,30.7909,30.56,,10555,39077,25.05562,,0.78,
MGOV,First Trust Intermediate Government Opportunities ETF,Intermediate Government,First Trust,65758356.0,0.047199998,,,65758356.0,19.74,19.64,19.645,,776,30860,,,4.72,
MGRO,VanEck Morningstar Wide Moat Growth ETF,Large Growth,VanEck,703523.0,0.0037,,,703523.0,29.26,29.5644,29.6754,,1,504,29.561884,,0.37,
MGV,Vanguard Mega Cap Value Index Fund,Large Value,Vanguard,8805713920.0,0.0231,0.102405995,0.1472498,8805713900.0,125.11,125.33,124.25,,212785,338844,18.756397,,2.31,
MID,American Century Mid Cap Growth Impact ETF,Mid-Cap Growth,American Century Investments,75499104.0,0.0018000001,0.149812,,75499104.0,62.3381,62.3658,61.4701,,751,3849,32.394432,,0.18,
MIDE,Xtrackers S&P MidCap 400 Scored & Screened ETF,Mid-Cap Blend,Xtrackers,6713470.0,0.0153,0.0837126,,6713470.0,29.276,29.3766,29.08,,1752,1931,18.129587,,1.53,
MIDU,Direxion Daily Mid Cap Bull 3X Shares,Trading--Leveraged Equity,Direxion Funds,66523764.0,0.019299999,0.0224756,0.1921251,66523764.0,40.403,40.66,38.9,,57389,92098,20.309847,,1.93,
MIG,VanEck Moody's Analytics IG Corporate Bond ETF,Corporate Bond,VanEck,21327992.0,0.047199998,0.0387686,,21327992.0,21.05,21.15,21.13,,46,13238,,,4.72,
MILK,Pacer US Cash Cows Bond ETF,Corporate Bond,Pacer,4796602.0,,,,4796602.0,23.738,24.0557,23.755,,753,4563,,,,
MILN,Global X Millennials Consumer ETF,Large Growth,Global X Funds,111141992.0,0.0023,0.1763478,0.12536411,111141992.0,45.74,45.82,45.6791,,7871,9495,27.416903,,0.23,
MINN,Mairs & Power Minnesota Municipal Bond ETF,Muni Minnesota,Mairs & Power,25075912.0,0.028499998,0.020260502,,25075912.0,21.5001,21.5324,21.52,,50,3025,,,2.85,
MINO,PIMCO Municipal Income Opportunities Active Exchange-Traded Fund,Muni National Interm,PIMCO,309792608.0,0.038599998,0.0378927,,309792608.0,43.93,43.84,43.98,,44897,90538,,,3.86,
MINT,PIMCO Enhanced Short Maturity Active Exchange-Traded Fund,Ultrashort Bond,PIMCO,13150669824.0,0.0512,0.0482236,0.028353801,13150669800.0,100.44,100.4,100.44,,873778,1767079,,,5.12,
MINV,Matthews Asia Innovators Active ETF,Pacific/Asia ex-Japan Stk,Matthews Asia Funds,52497620.0,0.0025,,,52497620.0,29.724,29.4554,29.55,,1072,20907,21.999838,,0.25,
MISL,First Trust Indxx Aerospace & Defense ETF,Industrials,First Trust,126660584.0,0.0070999996,,,126660584.0,33.62,33.71,33.4,,63826,21312,28.06203,,0.71,
MJ,Amplify Alternative Harvest ETF,Miscellaneous Sector,Amplify ETFs,121516136.0,0.14050001,-0.3620362,-0.3192415,121516136.0,19.9221,20.14,19.84,,14182,60355,,,14.05,
MKAM,MKAM ETF,Moderate Allocation,MKAMETF,7685567.0,0.0189,,,7685567.0,28.5023,28.5864,28.57,,4757,1314,24.628967,,1.89,
MKOR,Matthews Korea Active ETF,Miscellaneous Region,Matthews Asia Funds,46536788.0,0.048899997,-0.0248897,0.0523331,46536788.0,23.571,23.3613,23.33,,117,2277,10.692322,,4.89,
MLDR,Global X Intermediate-Term Treasury Ladder ETF,Intermediate Government,Global X Funds,2476813.0,,,,2476813.0,48.59,48.9138,48.87,,0,192,,,,
MLN,VanEck Long Muni ETF,Muni National Long,VanEck,535862912.0,0.0373,0.015851999,-0.0126535,535862912.0,16.91,16.82,16.84,,445197,415606,,,3.73,
MLPA,Global X MLP ETF,Energy Limited Partnership,Global X Funds,1759042560.0,0.073699996,0.1509317,0.2144539,1759042560.0,49.81,49.48,49.25,,201632,175522,13.538222,,7.37,
MLPD,Global X MLP & Energy Infrastructure Covered Call ETF,Derivative Income,Global X Funds,10361307.0,,,,10361307.0,24.39,24.2066,24.25,,325,5168,18.561728,,,
MLPX,Global X MLP & Energy Infrastructure ETF,Energy Limited Partnership,Global X Funds,2587865344.0,0.0448,0.1846161,0.2623558,2587865340.0,60.61,60.05,59.66,,149705,466944,18.462856,,4.48,
MMAX,iShares Large Cap Max Buffer Mar ETF,Equity Hedged,iShares,31073004.0,,,,31073004.0,25.2483,25.36,25.31,,7157,38394,24.369274,,,
MMCA,NYLI MacKay California Muni Intermediate ETF,Muni California Intermediate,New York Life Investment Management LLC,26358410.0,0.0396,0.0301337,,26358410.0,21.096,21.0459,21.17,,2278,3703,,,3.96,
MMIN,NYLI MacKay Muni Insured ETF,Muni National Long,New York Life Investment Management LLC,460307584.0,0.0433,0.021849101,0.0001533,460307584.0,23.14166,23.14,23.25,,60814,121819,,,4.33,
MMIT,NYLI MacKay Muni Intermediate ETF,Muni National Interm,New York Life Investment Management LLC,829700672.0,0.0405,0.0258337,0.0097076,829700670.0,23.69256,23.68,23.7,,110228,238736,,,4.05,
MMKT,Texas Capital Government Money Market ETF,,Texas Capital,45097968.0,,,,45097968.0,100.18,100.1556,100.175,,2057,7930,,,,
MMLG,First Trust Multi-Manager Large Growth ETF,Large Growth,First Trust,60985132.0,0.0,0.19795641,,60985132.0,30.76,30.91,30.7,,2632,22753,38.777203,,0.0,
MMSC,First Trust Multi-Manager Small Cap Opportunities ETF,Small Growth,First Trust,23917032.0,0.0046,0.0959964,,23917032.0,19.22,19.15,19.03,,2151,11392,29.757164,,0.46,
MMSD,NYLI MacKay Muni Short Duration ETF,Muni National Short,New York Life Investment Management LLC,,,,,,25.059,24.99,25.06,,201,2535,,,,
MMTM,SPDR S&P 1500 Momentum Tilt ETF,Large Blend,SPDR State Street Global Advisors,139425056.0,0.0097,0.1587936,0.1592072,139425056.0,250.44637,252.0155,249.89,,2260,3634,26.132427,,0.97,
MNA,NYLI Merger Arbitrage ETF,Event Driven,New York Life Investment Management LLC,233670400.0,0.0,0.040124796,0.031009901,233670400.0,34.90416,34.84,34.78,,33680,40023,25.75719,,0.0,
MNBD,ALPS Intermediate Municipal Bond ETF,Muni National Interm,ALPS,36566440.0,0.0342,0.039121103,,36566440.0,25.172,25.16,25.22,,2639,2393,,,3.42,
MNRS,Grayscale Bitcoin Miners ETF,Digital Assets,Grayscale,5640488.0,,,,5640488.0,22.0254,22.1,21.35,,6487,7050,10.964208,,,
MNTL,Tema Neuroscience And Mental Health ETF,Health,Tema Global Limited,10204438.0,0.0,,,10204438.0,22.151,22.2344,22.171,,24,634,22.26124,,0.0,
MOAT,VanEck Morningstar Wide Moat ETF,Large Blend,VanEck,12533725184.0,0.0147,0.1123266,0.1351307,12533725200.0,88.24,88.92,87.79,,738726,963828,23.973244,,1.47,
MODL,Victoryshares Westend U.S. Sector ETF,Large Blend,Victory Capital,481617536.0,0.0085,,,481617536.0,40.23,40.5,40.02,,197021,61941,25.825697,,0.85,
MOO,VanEck Agribusiness ETF,Natural Resources,VanEck,576063104.0,0.0319,-0.0672391,0.0779037,576063100.0,71.84,71.56,71.24,805168000.0,13960,54176,19.144499,,3.19,
MOOD,Relative Sentiment Tactical Allocation ETF,Tactical Allocation,Relative Sentiment,31621316.0,0.0126,0.0971657,,31621316.0,31.8279,31.7501,31.93,,337,7463,17.80572,,1.26,
MORT,VanEck Mortgage REIT Income ETF,Real Estate,VanEck,282714816.0,0.1272,-0.0168944,0.0789319,282714816.0,10.03,10.0,9.92,,291580,602401,13.2488165,,12.72,
MOTE,VanEck Morningstar ESG Moat ETF,Large Blend,VanEck,14917827.0,0.010299999,0.0771895,,14917827.0,26.46,26.74,26.61,,0,6074,24.021278,,1.03,
MOTG,VanEck Morningstar Global Wide Moat ETF,Global Large-Stock Blend,VanEck,15675895.0,0.051799998,0.103649706,0.1155059,15675895.0,40.56,40.5326,40.34,,3792,1015,23.5602,,5.18,
MOTI,VanEck Morningstar International Moat ETF,Foreign Large Value,VanEck,172649008.0,0.0433,0.0772564,0.0941644,172649008.0,33.98,34.05,34.05,,10628,25550,20.74503,,4.33,
MOTO,SmartETFs Smart Transportation & Technology ETF,Global Large-Stock Blend,SmartETFs,7009285.0,0.0113,0.0835083,0.1487892,7009285.0,44.5112,44.5955,44.375,,193,857,17.028164,,1.13,
MPLY,Monopoly ETF,Large Blend,Strategy Shares,,,,,,24.47,24.743,24.39,,3226,56600,,,,
MPRO,Monarch ProCap ETF,Moderate Allocation,Monarch Funds,230264912.0,0.0167,0.0506232,,230264912.0,28.82,28.87,28.76,,18153,52436,23.36658,,1.67,
MQQQ,Tradr 2X Long Innovation 100 Monthly ETF,,,,,,,,,27.2,26.4,,1788,71058,,,,
MRAL,GraniteShares 2x Long MARA Daily ETF,,,,,,,,,21.07,19.27,,422251,128750,,,,
MRCP,PGIM S&P 500 Buffer 12 ETF - Mar,Defined Outcome,PGIM Investments,7775880.0,0.0,,,7775880.0,28.553,28.6943,28.67,,0,3693,24.83823,,0.0,
MRGR,ProShares Merger ETF,Event Driven,ProShares,10436196.0,0.0086,0.0352621,0.033866,10436196.0,42.0107,41.8655,41.94,,718,1325,21.570852,,0.86,
MRNY,YieldMax MRNA Option Income Strategy ETF,Derivative Income,YieldMax ETFs,76258832.0,2.0133,,,76258832.0,2.3652,2.39,2.33,,2771584,1563077,,,201.33,
MRSK,Toews Agility Shares Managed Risk ETF,Equity Hedged,Toews Corporation,265412224.0,0.0046,0.0665188,,265412224.0,32.08,32.24,32.04,,13886,58785,24.113178,,0.46,
MSFD,Direxion Daily MSFT Bear 1X Shares,Trading--Inverse Equity,Direxion Funds,6786634.0,0.041199997,,,6786634.0,12.479,12.34,12.5,,166470,138115,,,4.12,
MSFL,GraniteShares 2x Long MSFT Daily ETF,Trading--Leveraged Equity,Graniteshares,25159992.0,0.0,,,25159992.0,24.89,25.43,24.84,,72170,190669,,,0.0,
MSFO,YieldMax MSFT Option Income Strategy ETF,Derivative Income,YieldMax ETFs,107788456.0,0.31280002,,,107788456.0,17.4569,17.61,17.59,,28071,56395,,,31.28,
MSFU,Direxion Daily MSFT Bull 2X Shares,Trading--Leveraged Equity,Direxion Funds,142929808.0,0.0837,,,142929808.0,41.49,42.37,41.38,,347562,556720,40.89716,,8.37,
MSFX,T-Rex 2X Long Microsoft Daily Target ETF,Trading--Leveraged Equity,"Tuttle Capital Management, LLC",11184404.0,0.0,,,11184404.0,27.59,28.19,27.57,,12820,38576,40.96747,,0.0,
MSFY,Kurv Yield Premium Strategy Microsoft ETF,Derivative Income,Kurv Investment Management Inc.,4134011.0,0.15890001,,,4134011.0,24.8609,25.033,24.79,,3533,3825,,,15.89,
MSLC,Morgan Stanley Pathway Large Cap Equity ETF,Large Blend,Morgan Stanley,2829175296.0,0.0087,0.1407246,0.1439644,2829175300.0,48.1545,48.11,47.65,,66445,146357,25.06113,,0.87,
MSMR,McElhenny Sheffield Managed Risk ETF,Moderate Allocation,MSCM Funds,113247168.0,0.026800001,0.1200032,,113247168.0,29.9443,30.1,29.98,,10010,19792,28.88472,,2.68,
MSOS,AdvisorShares Pure US Cannabis ETF,Miscellaneous Sector,AdvisorShares,418358336.0,0.0,-0.4371899,,418358336.0,2.554,2.59,2.55,,1748240,5610363,,,0.0,
MSOX,AdvisorShares MSOS Daily Leveraged ETF,Trading--Leveraged Equity,AdvisorShares,16499816.0,0.0,,,16499816.0,3.29,3.34,3.32,,121084,297855,,,0.0,
MSSM,Morgan Stanley Pathway Small-Mid Cap Equity ETF,Mid-Cap Blend,Morgan Stanley,564427584.0,0.0075,0.052084997,0.0953401,564427580.0,44.1016,44.05,43.42,,18650,45071,17.393242,,0.75,
MSSS,Northern Lights Fund Trust IV - Monarch Select Subsector Index ETF,,,,,,,,,27.6964,27.55,,4005,25955,,,,
MST,Defiance Leveraged Long + Income MSTR ETF,,,,,,,,,20.91,20.13,,971096,472425,,,,
MSTB,LHA Market State Tactical Beta ETF,Equity Hedged,Little Harbor Advisors,139616256.0,0.0093,0.111528195,,139616256.0,35.1715,35.4375,35.12,,5397,13763,24.848953,,0.93,
MSTI,Madison Short-Term Strategic Income ETF,Short-Term Bond,"Madison Asset Management, LLC",67629648.0,0.0523,,,67629648.0,20.4729,20.52,20.49,,9489,1606,,,5.23,
MSTQ,LHA Market State Tactical Q ETF,Equity Hedged,Little Harbor Advisors,23997776.0,0.0368,0.17528829,,23997776.0,33.7634,34.1142,33.76,,7405,1804,31.233246,,3.68,
MSTU,T-Rex 2X Long MSTR Daily Target ETF,Trading--Leveraged Equity,"Tuttle Capital Management, LLC",1875196544.0,,,,1875196540.0,8.9,8.91,8.51,,80076823,82950985,,,,
MSTX,Defiance Daily Target 2X Long MSTR ETF,Trading--Leveraged Equity,Defiance ETFs,1677273984.0,,,,1677273980.0,41.8271,41.82,40.0,,12252641,12229020,,,,
MSTY,Yieldmax MSTR Option Income Strategy ETF,Derivative Income,YieldMax ETFs,3270944256.0,1.2471,,,3270944260.0,21.4023,23.08,22.68,,18359202,7904033,,,124.71,
MSTZ,T-Rex 2X Inverse MSTR Daily Target ETF,Trading--Inverse Equity,"Tuttle Capital Management, LLC",192859392.0,,,,192859392.0,4.53,4.51,4.71,,58294018,37322646,,,,
MTBA,Simplify MBS ETF,Intermediate Government,Simplify Asset Management,1567018496.0,0.06,,,1567018500.0,49.5331,49.47,49.48,,78417,269850,,,6.0,
MTGP,WisdomTree Mortgage Plus Bond Fund,Intermediate Core Bond,WisdomTree,57163824.0,0.041500002,0.0096036,-0.0045041,57163824.0,43.305,43.2289,43.3199,,1646,7314,,,4.15,
MTUM,iShares MSCI USA Momentum Factor ETF,Large Blend,iShares,14463765504.0,0.0091,0.1892985,0.1408479,14463765500.0,225.7291,226.26,223.48,,790805,1273290,30.011204,,0.91,
MUB,iShares National Muni Bond ETF,Muni National Interm,iShares,38468472832.0,0.0311,0.0205462,0.0040511,38468473000.0,103.7209,103.7,103.84,,6861425,6882784,,,3.11,
MUD,Direxion Daily MU Bear 1X Shares,Trading--Inverse Equity,Direxion Funds,3868217.0,,,,3868217.0,21.07293,20.84,21.49,,3263,8726,,,,
MULL,GraniteShares 2x Long MU Daily ETF,,,,,,,,,13.09,12.39,,42267,101752,,,,
MUNI,PIMCO Intermediate Municipal Bond Active Exchange-Traded Fund,Muni National Interm,PIMCO,1966444032.0,0.0347,0.029260002,0.0088008,1966444030.0,50.92,50.83,50.92,,901790,366839,,,3.47,
MUNY,Vanguard New York Tax-Exempt Bond ETF Shares,,,,,,,,,99.61,100.01,,7540,4944,,,,
MUSE,TCW Multisector Credit Income ETF,Multisector Bond,TCW ETF,49434648.0,,,,49434648.0,49.6753,49.1,49.59,,0,2317,,,,
MUSI,American Century Multisector Income ETF,Multisector Bond,American Century Investments,187679472.0,0.0608,0.0414538,,187679472.0,43.3323,43.2577,43.26,,1055,10468,,,6.08,
MUSQ,MUSQ Global Music Industry Index ETF,Miscellaneous Sector,Exchange Traded Concepts,22886866.0,0.01,,,22886866.0,27.04,26.7752,26.2,,584,1014,29.829247,,1.0,
MUST,Columbia Multi-Sector Municipal Income ETF,Muni National Interm,Columbia Threadneedle,400854432.0,0.0325,0.023189,0.0091028,400854432.0,19.89,19.97,20.08,,225346,137733,,,3.25,
MUU,Direxion Daily MU Bull 2X Shares,,,,,,,,,14.78,13.87,,357593,482609,26.563982,,,
MVAL,VanEck Morningstar Wide Moat Value ETF,Large Value,VanEck,4569546.0,0.010299999,,,4569546.0,30.82,31.7795,31.264,,57,217,20.806337,,1.03,
MVFD,Northern Lights Fund Trust IV - Monarch Volume Factor Dividend Tree Index ETF,,,,,,,,,24.94,24.6501,,2918,10984,,,,
MVFG,Northern Lights Fund Trust IV - Monarch Volume Factor Global Unconstrained Index ETF,,,,,,,,,27.2492,27.18,,6223,11352,,,,
MVLL,GraniteShares 2x Long MRVL Daily ETF,,,,,,,,,15.35,14.39,,90581,57101,,,,
MVPA,,Mid-Cap Value,Miller Value Funds,60293788.0,0.0086,,,60293788.0,32.7708,33.1858,32.8,,2386,9395,10.270357,,0.86,
MVPL,Advisor Managed Portfolios - Miller Value Partners Leverage Etf Fund,,,,,,,,,28.8915,29.15,,4,236,,,,
MVV,ProShares Ultra MidCap400,Trading--Leveraged Equity,ProShares,120775584.0,0.0054,0.0695543,0.1818759,120775584.0,58.8612,59.08,58.23,,2598,24504,19.458456,,0.54,
MXI,iShares Global Materials ETF,Natural Resources,iShares,214165776.0,0.0306,0.024300499,0.1123477,214165776.0,84.93541,84.4075,83.69,,2488,13747,20.234344,,3.06,
MYCF,SPDR SSGA My2026 Corporate Bond ETF,,,,,,,,,25.015,25.04,,625,13625,,,,
MYCG,SPDR SSGA My2027 Corporate Bond ETF,,,,,,,,,24.865,24.88,,2306,10125,,,,
MYCH,SPDR SSGA My2028 Corporate Bond ETF,,,,,,,,,24.8,24.84,,438,7287,,,,
MYCI,SPDR SSGA My2029 Corporate Bond ETF,,,,,,,,,24.645,24.65,,158,6757,,,,
MYCJ,SPDR SSGA My2030 Corporate Bond ETF,,,,,,,,,24.4804,24.49,,4633,4234,,,,
MYCK,SPDR SSGA My2031 Corporate Bond ETF,,,,,,,,,24.3759,24.39,,310,3750,,,,
MYCL,SPDR SSGA My2032 Corporate Bond ETF,,,,,,,,,24.094,24.11,,522,3879,,,,
MYCM,SPDR SSGA My2033 Corporate Bond ETF,,,,,,,,,24.0233,24.05,,320,3325,,,,
MYCN,SPDR SSGA My2034 Corporate Bond ETF,,,,,,,,,23.8527,23.84,,2253,4406,,,,
MYLD,Cambria Micro And Smallcap Shareholder Yield ETF,Small Value,CAMBRIA ETF TRUST,10039871.0,0.0885,,,10039871.0,22.2112,22.3784,22.11,,1567,14285,8.921859,,8.85,
MYMF,SPDR SSGA My2026 Municipal Bond ETF,,,,,,,,,24.755,24.785,,1610,2288,,,,
MYMG,SPDR SSGA My2027 Municipal Bond ETF,,,,,,,,,24.465,24.495,,225,2280,,,,
MYMH,SPDR SSGA My2028 Municipal Bond ETF,,,,,,,,,24.305,24.315,,210,2973,,,,
MYMI,SPDR SSGA My2029 Municipal Bond ETF,,,,,,,,,24.195,24.24,,900,1495,,,,
MYMJ,SPDR SSGA My2030 Municipal Bond ETF,,,,,,,,,24.255,24.3,,15,1177,,,,
MYY,ProShares Short MidCap400,Trading--Inverse Equity,ProShares,8585229.0,0.0454,-0.0566815,-0.1238254,8585229.0,19.6602,19.6033,19.81,,14595,41000,,,4.54,
MZZ,ProShares UltraShort MidCap400,Trading--Inverse Equity,ProShares,1521432.0,0.0513,-0.1715391,-0.2751055,1521432.0,10.0483,9.99,10.199,,11376,5765,,,5.13,
NACP,Impact Shares NAACP Minority Empowerment ETF,Large Blend,Impact Shares,50834228.0,0.030199999,0.1620508,0.1668118,50834228.0,40.9946,41.3018,40.78,,1957,6436,23.622082,,3.02,
NAIL,Direxion Daily Homebuilders & Supplies Bull 3X Shares,Trading--Leveraged Equity,Direxion Funds,242312512.0,0.0152,0.1502354,0.1521125,242312512.0,47.919,48.68,47.05,,286157,439860,9.973966,,1.52,
NANC,Unusual Whales Subversive Democratic Trading ETF,Large Blend,Subversive Capital,203270768.0,0.0022,,,203270768.0,38.6204,38.83,38.32,,18640,61726,26.951574,,0.22,
NANR,SPDR S&P North American Natural Resources ETF,Natural Resources,SPDR State Street Global Advisors,599084160.0,0.0214,0.0020219,0.1651853,599084160.0,54.21988,53.715,53.76,,17649,30546,17.633959,,2.14,
NAPR,Innovator Nasdaq-100 Power Buffer ETF - April,Defined Outcome,Innovator ETFs,235834688.0,0.0,0.122353,0.0803304,235834688.0,49.3269,49.44,49.3999,,19591,51858,30.71297,,0.0,
NATO,Themes Transatlantic Defense ETF,,,,,,,,,32.635,32.5805,,5764,23968,32.04664,,,
NAUG,Innovator Growth-100 Power Buffer ETF - August,Defined Outcome,Innovator ETFs,18790272.0,,,,18790272.0,26.1498,26.3204,26.18,,383,5598,31.170877,,,
NBCC,Neuberger Berman Next Generation Connected Consumer ETF,Consumer Cyclical,Neuberger Berman,6841937.0,0.0077,0.0973023,,6841937.0,25.8166,22.7749,25.71,,4,350,23.410671,,0.77,
NBCE,Neuberger Berman China Equity ETF,China Region,Neuberger Berman,6100586.0,0.0114,-0.0401313,-0.0224779,6100586.0,26.66,26.7627,26.79,,0,234,15.639021,,1.14,
NBCM,Neuberger Berman Commodity Strategy ETF,Commodities Broad Basket,Neuberger Berman,212387200.0,0.0508,-0.0099128,0.16556391,212387200.0,22.09,21.94,22.05,,25286,43753,,,5.08,
NBCR,Neuberger Berman Core Equity ETF,Large Blend,Neuberger Berman,257884416.0,,,,257884416.0,26.83,27.02,26.77,,28157,19817,25.640156,,,
NBDS,Neuberger Berman Disrupters ETF,Technology,Neuberger Berman,19402136.0,0.0,0.1666154,,19402136.0,30.1988,30.2068,30.04,,1982,2577,43.407017,,0.0,
NBET,Neuberger Berman Energy Transition & Infrastructure ETF,Global Small/Mid Stock,Neuberger Berman,19951766.0,0.0321,0.137742,,19951766.0,31.89,31.6511,31.5,,6826,6420,18.516636,,3.21,
NBFC,Neuberger Berman Flexible Credit Income ETF,Multisector Bond,Neuberger Berman,52319404.0,,,,52319404.0,50.34,50.4261,50.39,,10,242,,,,
NBGX,Neuberger Berman Growth ETF,Large Growth,Neuberger Berman,9664335.0,,,,9664335.0,24.1856,24.8538,24.56,,1,293,36.148357,,,
NBJP,Neuberger Berman Japan Equity ETF,Japan Stock,Neuberger Berman,24380520.0,,,,24380520.0,27.226,27.0117,27.22,,700,2995,16.694149,,,
NBOS,Neuberger Berman Option Strategy ETF,Equity Hedged,Neuberger Berman,446444640.0,0.0932,0.0833684,0.0965728,446444640.0,25.32,25.4134,25.229,,18471,76780,25.921711,,9.32,
NBSD,Neuberger Berman Short Duration Income ETF,Short-Term Bond,Neuberger Berman,220758816.0,0.0553,0.0510538,0.0339245,220758816.0,50.77,51.1968,50.9,,36007,45180,,,5.53,
NBSM,Neuberger Berman Small-Mid Cap ETF,Mid-Cap Growth,Neuberger Berman,145929312.0,0.0025,,,145929312.0,24.08,24.16,23.92,,45178,81114,26.1692,,0.25,
NBTR,Neuberger Berman Total Return Bond ETF,Intermediate Core-Plus Bond,Neuberger Berman,51159480.0,,,,51159480.0,49.52,49.7074,49.62,,0,157,,,,
NCIQ,Hashdex Nasdaq Crypto Index US ETF,,,,,,,,,28.3219,27.71,,15178,23173,,,,
NCLO,Nuveen AA-BBB CLO ETF,Bank Loan,Nuveen,88988320.0,,,,88988320.0,25.08,25.091,24.97,,37024,22411,,,,
NCPB,Nuveen Core Plus Bond ETF,Intermediate Core-Plus Bond,Nuveen,54274112.0,0.051,,,54274112.0,24.57,24.555,24.59,,1585,2365,,,5.1,
NDAA,Ned Davis Research 360 Dynamic Allocation ETF,,,,,,,,,19.4214,19.4113,,18,1269,18.356157,,,
NDEC,Innovator Growth-100 Power Buffer ETF - December,Defined Outcome,Innovator ETFs,75349600.0,,,,75349600.0,24.6567,24.7893,24.65,,6201,13311,31.051592,,,
NDIA,Global X Funds - Global X India Active ETF,India Equity,Global X Funds,41762504.0,0.0345,,,41762504.0,29.92,29.5762,29.71,,20566,15700,23.676199,,3.45,
NDIV,Amplify Natural Resources Dividend Income ETF,Natural Resources,Amplify ETFs,11890904.0,0.059899997,,,11890904.0,26.8614,26.8966,26.47,,4553,3146,14.762599,,5.99,
NDOW,Anydrus Advantage ETF,Global Moderately Conservative Allocation,Anydrus,36773412.0,,,,36773412.0,24.95,24.92,24.791,,2817,9401,19.225054,,,
NDVG,Nuveen Dividend Growth ETF,Large Blend,Nuveen,11699044.0,0.0124,0.1165673,,11699044.0,32.3,33.13,32.58,,4,2574,25.819862,,1.24,
NEAR,iShares Short Duration Bond Active ETF,Short-Term Bond,iShares,3228375296.0,0.048899997,0.052334297,0.034082,3228375300.0,50.73791,50.77,50.84,,232391,481090,,,4.89,
NERD,Roundhill Video Games ETF,Communications,Roundhill Investments,21569704.0,0.0150999995,0.102956,0.072431594,21569704.0,23.8486,23.47,23.22,,5541,6680,26.604752,,1.51,
NETL,Fundamental Income Net Lease Real Estate ETF,Real Estate,Exchange Traded Concepts,37248248.0,0.0499,0.0149247,0.0867367,37248248.0,23.7259,23.6125,23.53,,1384,8058,23.06871,,4.99,
NEWZ,Stocksnips AI-Powered Sentiment US ALL Cap ETF,Mid-Cap Blend,StockSnips,23610556.0,0.0034999999,,,23610556.0,27.7881,27.7209,27.62,,5087,2055,23.779549,,0.35,
NFEB,Innovator Growth-100 Power Buffer ETF - February,Defined Outcome,Innovator ETFs,48385472.0,,,,48385472.0,24.8062,24.9416,24.839,,72238,28093,30.972786,,,
NFLP,Kurv Yield Premium Strategy Netflix ETF,Derivative Income,Kurv Investment Management Inc.,11688236.0,0.21040002,,,11688236.0,39.5556,39.647,39.469,,3745,10769,,,21.04,
NFLT,Virtus Newfleet Multi-Sector Bond ETF,Multisector Bond,Virtus,239578368.0,0.058000002,0.053836297,0.0394326,239578368.0,22.37609,22.44,22.38,,32272,50358,,,5.8,
NFLU,T-Rex 2X Long NFLX Daily Target ETF,Trading--Leveraged Equity,"Tuttle Capital Management, LLC",14655387.0,,,,14655387.0,58.94,59.52,58.61,,35135,91928,,,,
NFLY,YieldMax NFLX Option Income Strategy ETF,Derivative Income,YieldMax ETFs,132663000.0,0.4335,,,132663000.0,18.6428,18.66,18.63,,212990,189466,,,43.35,
NFRA,FlexShares STOXX Global Broad Infrastructure Index Fund,Infrastructure,Flexshares Trust,2345002496.0,0.0307,0.0621807,0.0861825,2345002500.0,60.6819,60.48,60.44,,84822,169106,18.279202,,3.07,
NFTY,First Trust India NIFTY 50 Equal Weight ETF,India Equity,First Trust,232306624.0,0.0,0.1245779,0.20856671,232306624.0,59.09,58.15,58.62,,31421,31073,23.476784,,0.0,
NFXL,Direxion Daily NFLX Bull 2X Shares,,,,,,,,,58.99,58.25,,58615,212533,58.087296,,,
NFXS,Direxion Daily NFLX Bear 1X Shares,,,,,,,,,14.18,14.22,,204016,256136,,,,
NHYM,Nuveen High Yield Municipal Income ETF,High Yield Muni,Nuveen,83095568.0,,,,83095568.0,24.21,24.1448,24.23,,282,28366,,,,
NIKL,Sprott Nickel Miners ETF,Natural Resources,Sprott,12930525.0,0.0395,,,12930525.0,10.9,10.48,10.6199,,17139,38728,22.34868,,3.95,
NITE,The Nightview ETF,Large Growth,Nightview,22396028.0,,,,22396028.0,29.32,29.5688,29.2727,,2968,3030,26.521873,,,
NIXT,Research Affiliates Deletions ETF,,,,,,,,,23.43,23.08,,2157,19139,15.217769,,,
NJAN,Innovator Growth-100 Power Buffer ETF - January,Defined Outcome,Innovator ETFs,275681408.0,0.0,0.102829196,0.0636364,275681408.0,48.524,48.82,48.4,,25217,40115,31.027128,,0.0,
NJNK,Columbia U.S. High Yield ETF,High Yield Bond,Columbia Threadneedle,25619726.0,,,,25619726.0,19.81,19.96,19.94,,29,11907,,,,
NJUL,Innovator Nasdaq-100 Power Buffer ETF - July,Defined Outcome,Innovator ETFs,200990624.0,0.0,0.1332622,,200990624.0,63.1754,63.54,62.98,,5982,21553,31.262283,,0.0,
NJUN,Innovator Growth-100 Power Buffer ETF - June,Defined Outcome,Innovator ETFs,39815704.0,,,,39815704.0,28.0648,28.258,28.01,,7358,16085,31.590088,,,
NLR,VanEck Uranium and Nuclear ETF,Miscellaneous Sector,VanEck,1006212224.0,0.0078,0.18971291,0.1836281,1006212220.0,96.44,88.19,93.74,,895489,195920,20.708517,,0.78,
NMAR,Innovator Growth-100 Power Buffer ETF - March,Defined Outcome,Innovator ETFs,32512580.0,,,,32512580.0,26.4421,26.5732,26.45,,52769,36962,31.025612,,,
NMAY,Innovator Growth-100 Power Buffer ETF - May,Defined Outcome,Innovator ETFs,24.0,,,,24.0,25.3675,25.59,25.36,,28335,50929,,,,
NMB,Simplify National Muni Bond ETF,Muni National Interm,Simplify Asset Management,87582808.0,,,,87582808.0,24.7,24.76,24.66,,2355,7417,,,,
NNOV,Innovator Growth-100 Power Buffer ETF - November,Defined Outcome,Innovator ETFs,25833520.0,,,,25833520.0,26.191,26.3147,26.15,,558,8403,31.045767,,,
NOBL,ProShares S&P 500 Dividend Aristocrats ETF,Large Value,ProShares,11401655296.0,0.0216,0.0594656,0.116329,11401655300.0,99.0358,99.23,98.53,,461199,882334,23.015749,,2.16,
NOCT,Innovator Growth-100 Power Buffer ETF - October,Defined Outcome,Innovator ETFs,151753744.0,0.0,0.1343808,0.0963502,151753744.0,52.0674,52.3147,52.04,,3219,13887,,,0.0,
NODE,VanEck Onchain Economy ETF,Miscellaneous Sector,VanEck,,,,,,26.86,27.5066,26.68,,4910,16450,,,,
NORW,Global X MSCI Norway ETF,Miscellaneous Region,Global X Funds,50722348.0,0.052800003,0.047355298,0.1323317,50722348.0,28.53,28.51,28.34,,9822,13534,11.749558,,5.28,
NOVM,FT Vest U.S. Equity Max Buffer ETF – November,Defined Outcome,First Trust,22105104.0,,,,22105104.0,30.82,30.8575,30.77,,319,4104,24.42358,,,
NOVP,PGIM S&P 500 Buffer 12 ETF - Nov,Defined Outcome,PGIM Investments,5039233.0,,,,5039233.0,27.27,27.7337,27.75,,0,489,25.10232,,,
NOVZ,TrueShares Structured Outcome (November) ETF,Defined Outcome,TrueShares,24770408.0,0.0305,0.1284328,,24770408.0,39.8248,39.8389,39.955,,3752,2160,24.873241,,3.05,
NPFI,Nuveen Preferred And Income ETF,Preferred Stock,Nuveen,58920044.0,0.0559,,,58920044.0,25.6,25.655,25.5758,,858,2146,,,5.59,
NRES,Xtrackers RREEF Global Natural Resources ETF,Natural Resources,Xtrackers,28297000.0,0.024,,,28297000.0,24.96,24.8266,25.2481,,17,144,17.540058,,2.4,
NRSH,Aztlan North America Nearshoring Stock Selection ETF,Industrials,Aztlan ETFs,10039168.0,0.0092,,,10039168.0,21.0279,21.2844,21.55,,0,2384,13.589053,,0.92,
NSCR,Nuveen Sustainable Core ETF,Large Blend,Nuveen,5661520.0,0.008,,,5661520.0,26.83,27.6049,26.21,,182,557,24.563932,,0.8,
NSCS,Nuveen Small Cap Select ETF,Small Blend,Nuveen,7213568.0,0.0033000002,0.0829356,,7213568.0,25.92,25.9869,25.75,,331,971,18.311491,,0.33,
NSEP,Innovator Growth-100 Power Buffer ETF - September,Defined Outcome,Innovator ETFs,28247516.0,,,,28247516.0,26.1117,26.3839,26.28,,9,10312,,,,
NSI,National Security Emerging Markets Index ETF,Diversified Emerging Mkts,National security index,7641465.0,0.0322,,,7641465.0,27.84,27.885,27.65,,3601,3682,14.751396,,3.22,
NTSE,WisdomTree Emerging Markets Efficient Core Fund,Diversified Emerging Mkts,WisdomTree,28692244.0,0.0317,0.0492949,,28692244.0,31.523,31.269,31.2,,1989,2955,13.644371,,3.17,
NTSI,WisdomTree International Efficient Core Fund,Global Moderately Aggressive Allocation,WisdomTree,380755680.0,0.024,0.0828979,,380755680.0,39.813,39.9227,39.62,,12501,16558,16.317966,,2.4,
NTSX,WisdomTree U.S. Efficient Core Fund,Aggressive Allocation,WisdomTree,1114542976.0,0.0123000005,0.1128494,0.11078379,1114542980.0,46.585,46.89,46.34,,47683,77468,25.051397,,1.23,
NUAG,Nuveen Enhanced Yield U.S. Aggregate Bond ETF,Intermediate Core Bond,Nuveen,58488800.0,0.0435,0.020957101,-0.0082726,58488800.0,20.56,20.54,20.5808,,15609,33680,,,4.35,
NUBD,Nuveen ESG U.S. Aggregate Bond ETF,Intermediate Core Bond,Nuveen,404084000.0,0.0361,0.0117153,-0.0141388,404084000.0,21.79,21.77,21.8,,81522,70349,,,3.61,
NUDM,Nuveen ESG International Developed Markets Equity ETF,Foreign Large Blend,Nuveen,517346336.0,0.030199999,0.112484105,0.1204138,517346336.0,34.35,34.24,33.95,,40981,64733,17.458406,,3.02,
NUDV,Nuveen ESG Dividend ETF,Large Value,Nuveen,26947020.0,0.020599999,0.0850279,,26947020.0,27.54,27.5983,27.33,,1624,13012,18.111506,,2.06,
NUEM,Nuveen ESG Emerging Markets Equity ETF,Diversified Emerging Mkts,Nuveen,300866080.0,0.019199999,0.057210498,0.0887136,300866080.0,31.1,30.92,30.92,,123886,49319,14.37794,,1.92,
NUGO,Nuveen Growth Opportunities ETF,Large Growth,Nuveen,2551482368.0,0.0,0.20989269,,2551482370.0,32.94,33.1853,33.37,,137,74666,37.05066,,0.0,
NUGT,Direxion Daily Gold Miners Index Bull 2X Shares,Trading--Leveraged Equity,Direxion Funds,489805376.0,0.0084,0.1370897,-0.009866,489805376.0,71.322,67.58,70.79,,1404149,1514750,20.4916,,0.84,
NUHY,Nuveen ESG High Yield Corporate Bond ETF,High Yield Bond,Nuveen,92760048.0,0.065799996,0.0673275,0.0407757,92760048.0,21.2,21.2504,21.18,,13913,31841,,,6.58,
NUKZ,Range Nuclear Renaissance ETF,Miscellaneous Sector,Exchange Traded Concepts,193186992.0,0.00090000004,,,193186992.0,49.78,46.96,49.04,,337780,80585,24.076256,,0.09,
NULC,Nuveen ESG Large-Cap ETF,Large Blend,Nuveen,41872448.0,0.0106,0.1375234,0.1447548,41872448.0,46.24,46.6173,46.115,,999,5066,25.046972,,1.06,
NULG,Nuveen ESG Large-Cap Growth ETF,Large Growth,Nuveen,1414747264.0,0.0017,0.2096393,0.17210831,1414747260.0,86.87,87.81,86.4,,37290,72168,36.67074,,0.17,
NULV,Nuveen ESG Large-Cap Value ETF,Large Value,Nuveen,1600241024.0,0.021,0.0686514,0.113440104,1600241020.0,39.99,40.08,39.73,,102923,145176,20.494228,,2.1,
NUMG,Nuveen ESG Mid-Cap Growth ETF,Mid-Cap Growth,Nuveen,386631808.0,0.00059999997,0.0908275,0.0857668,386631808.0,46.23,46.69,46.03,,15259,39868,34.286034,,0.06,
NUMI,Nuveen Municipal Income ETF,Muni National Interm,Nuveen,55774760.0,,,,55774760.0,24.31,24.425,24.36,,55,17747,,,,
NUMV,Nuveen ESG Mid-Cap Value ETF,Mid-Cap Value,Nuveen,352000736.0,0.0188,0.0473393,0.1280356,352000736.0,34.43,34.54,34.22,,136951,46003,18.216442,,1.88,
NURE,Nuveen Short-Term REIT ETF,Real Estate,Nuveen,44770208.0,0.0373,-0.009893,0.0958581,44770208.0,29.41,29.5745,29.3298,,23998,7904,28.977907,,3.73,
NUSA,Nuveen ESG 1-5 Year U.S. Aggregate Bond ETF,Short-Term Bond,Nuveen,32744066.0,0.039300002,0.0314028,0.0116251,32744066.0,23.18,23.19,23.1908,,11862,5073,,,3.93,
NUSB,Nuveen Ultra Short Income ETF,Ultrashort Bond,Nuveen,151757760.0,0.0442,,,151757760.0,25.27,25.27,25.27,,3,611,,,4.42,
NUSC,Nuveen ESG Small-Cap ETF,Small Blend,Nuveen,1058918144.0,0.0128,0.0526228,0.1133846,1058918140.0,39.03,39.16,38.48,,193473,127752,18.824959,,1.28,
NVBT,Allianzim U.S. Large Cap Buffer10 Nov ETF,Defined Outcome,AllianzIM,35669088.0,0.0,,,35669088.0,32.8442,32.8463,32.6722,,2990,2619,24.890837,,0.0,
NVBU,AllianzIM U.S. Equity Buffer15 Uncapped Nov ETF,Defined Outcome,AllianzIM,19161416.0,,,,19161416.0,25.4348,25.5881,25.53,,0,4449,24.77449,,,
NVBW,Allianzim U.S. Large Cap Buffer20 Nov ETF,Defined Outcome,AllianzIM,66398176.0,0.0,,,66398176.0,31.2673,31.2646,31.155,,258,7422,24.653862,,0.0,
NVD,Graniteshares 2x Short NVDA Daily ETF,Trading--Inverse Equity,Graniteshares,92300736.0,0.0937,,,92300736.0,18.63,18.21,19.09,,7440611,4680836,,,9.37,
NVDD,Direxion Daily NVDA Bear 1X Shares,Trading--Inverse Equity,Direxion Funds,40058812.0,0.0364,,,40058812.0,5.653,5.59,5.72,,21435388,15964466,,,3.64,
NVDG,Leverage Shares 2X Long NVDA Daily ETF,,,,,,,,,10.93,10.4,,348544,331857,,,,
NVDL,GraniteShares 2x Long NVDA Daily ETF,Trading--Leveraged Equity,Graniteshares,3388200960.0,0.0,,,3388200960.0,49.69,50.88,48.69,,21700831,25914901,,,0.0,
NVDQ,T-Rex 2X Inverse NVIDIA Daily Target ETF,Trading--Inverse Equity,"Tuttle Capital Management, LLC",33625888.0,0.050300002,,,33625888.0,2.02,1.97,2.06,,38121452,48838947,,,5.03,
NVDS,Tradr 1.5X Short NVDA Daily ETF,Trading--Inverse Equity,AXS,27530768.0,0.1387,,,27530768.0,19.23,18.89,19.59,,954560,1338615,27.552116,,13.87,
NVDU,Direxion Daily Nvda Bull 2X Shares,Trading--Leveraged Equity,Direxion Funds,441368704.0,0.324,,,441368704.0,70.182,71.95,68.6906,,1260366,1490888,53.08516,,32.4,
NVDX,T-Rex 2X Long NVIDIA Daily Target ETF,Trading--Leveraged Equity,"Tuttle Capital Management, LLC",482958560.0,0.0,,,482958560.0,10.31,10.56,10.1,,25514412,20123633,52.716393,,0.0,
NVDY,YieldMax NVDA Option Income Strategy ETF,Derivative Income,YieldMax ETFs,1281391744.0,1.1823001,,,1281391740.0,14.9031,15.05,14.77,,4347660,2444820,,,118.23,
NVIR,Horizon Kinetics Energy Remediation ETF,Equity Energy,Horizon Kinetics,3525017.0,0.016,,,3525017.0,29.2645,29.4694,29.0,,110,815,15.518125,,1.6,
NVOX,Defiance Daily Target 2X Long NVO ETF,Trading--Leveraged Equity,Defiance ETFs,3413030.0,,,,3413030.0,6.2761,6.43,6.29,,240948,213020,19.323076,,,
NVW,Roundhill NVDA WeeklyPay ETF,Trading--Miscellaneous,Roundhill Investments,5053988.0,,,,5053988.0,40.5936,41.34,40.12,,36484,14866,44.666092,,,
NVYY,GraniteShares YieldBOOST NVDA ETF,,,,,,,,,25.4928,24.66,,999,977,,,,
NWLG,Nuveen Winslow Large-Cap Growth ESG ETF,Large Growth,Nuveen,8934305.0,0.0,0.194606,,8934305.0,32.85,33.1164,32.86,,539,303,39.752193,,0.0,
NXTE,Axs Green Alpha ETF,Global Large-Stock Blend,AXS,40502508.0,0.0056,,,40502508.0,31.4,32.533,31.03,,341,3398,25.771856,,0.56,
NXTG,First Trust IndXX NextG ETF,Technology,First Trust,347746816.0,0.0152,0.116050504,0.1416968,347746816.0,91.2,91.23,90.37,,2932,7892,22.91624,,1.52,
NXTI,Simplify Next Intangible Core Index ETF,Large Blend,Simplify Asset Management,1417943.0,0.038399998,,,1417943.0,29.4184,29.4588,29.3174,,838,1017,30.778515,,3.84,
NXTV,Simplify Next Intangible Value Index ETF,Large Value,Simplify Asset Management,1237282.0,0.0872,,,1237282.0,25.4999,25.5044,25.49,,528,506,14.621484,,8.72,
NYF,iShares New York Muni Bond ETF,Muni New York Long,iShares,856523072.0,0.0287,0.0230264,0.0035885,856523070.0,51.81906,51.83,51.91,,45211,115126,,,2.87,
NZAC,SPDR MSCI ACWI Climate Paris Aligned ETF,Global Large-Stock Blend,SPDR State Street Global Advisors,147077520.0,0.019,0.1269272,0.1337758,147077520.0,37.40374,37.565,37.31,,1660,8461,23.044596,,1.9,
NZUS,SPDR MSCI USA Climate Paris Aligned ETF,Large Growth,SPDR State Street Global Advisors,2351380.0,0.060599998,0.1521729,,2351380.0,30.87829,31.1214,30.8977,,1,950,29.69545,,6.06,
OACP,OneAscent Core Plus Bond ETF,Intermediate Core-Plus Bond,OneAscent Investment ETF,164550208.0,0.045500003,0.0180999,,164550208.0,22.37,22.355,22.38,,9486,29223,,,4.55,
OAEM,OneAscent Emerging Markets ETF,Diversified Emerging Mkts,OneAscent Investment ETF,44219404.0,0.009,,,44219404.0,31.11,30.882,30.875,,111952,6406,14.256682,,0.9,
OAIM,OneAscent International Equity ETF,Foreign Large Blend,OneAscent Investment ETF,185766768.0,0.0223,,,185766768.0,36.58,36.48,36.34,,36145,40833,15.999729,,2.23,
OAKM,Oakmark U.S. Large Cap ETF,Large Value,Oakmark,364698560.0,,,,364698560.0,24.13113,24.28,24.09,,101266,292125,15.9073515,,,
OALC,OneAscent Large Cap Core ETF,Large Blend,OneAscent Investment ETF,126619496.0,0.0072000003,0.1419587,,126619496.0,30.14,30.3,29.98,,105681,28893,24.930498,,0.72,
OARK,YieldMax ARKK Option Income Strategy ETF,Derivative Income,YieldMax ETFs,59620140.0,0.6023,,,59620140.0,7.7864,7.79,7.58,,55139,110225,,,60.23,
OASC,OneAscent Small Cap Core ETF,Small Blend,OneAscent Investment ETF,19617304.0,,,,19617304.0,24.65,24.76,24.7161,,1624,9390,15.475773,,,
OBIL,US Treasury 12 Month Bill ETF,Short Government,North Slope Capital,303546848.0,0.0437,,,303546848.0,50.0932,50.075,50.1293,,25523,53144,,,4.37,
OBND,SPDR Loomis Sayles Opportunistic Bond ETF,Nontraditional Bond,SPDR State Street Global Advisors,46268668.0,0.0648,0.0441106,,46268668.0,25.59713,25.5901,25.58,,7757,6363,,,6.48,
OBOR,KraneShares MSCI One Belt One Road Index ETF,Infrastructure,KraneShares,3281040.0,0.0374,-0.0020559998,0.0672739,3281040.0,22.91,22.7204,22.69,,36,1193,10.802606,,3.74,
OCFS,Otter Creek Focus Strategy ETF,Mid-Cap Growth,Otter Creek,8882017.0,,,,8882017.0,25.002,25.1386,24.89,,9400,1414,29.364271,,,
OCIO,ClearShares OCIO ETF,Moderate Allocation,ClearShares,145248704.0,0.015700001,0.079107,0.083274804,145248704.0,34.0213,34.1176,33.9,,1259,2503,21.827677,,1.57,
OCTD,Innovator Premium Income 10 Barrier ETF - October,Defined Outcome,Innovator ETFs,5231545.0,0.062,,,5231545.0,23.7793,24.02,24.0099,,3,2609,24.363405,,6.2,
OCTH,Innovator Premium Income 20 Barrier ETF - October,Defined Outcome,Innovator ETFs,18837380.0,0.051799998,,,18837380.0,23.9176,23.9657,23.87,,9973,7436,24.190922,,5.18,
OCTJ,Innovator Premium Income 30 Barrier ETF - October,Defined Outcome,Innovator ETFs,19608192.0,0.0428,,,19608192.0,23.9853,24.0107,23.99,,2659,9646,24.050299,,4.28,
OCTM,FT Vest U.S. Equity Max Buffer ETF – October,Defined Outcome,First Trust,29689578.0,,,,29689578.0,30.77,30.7996,30.7293,,25487,6301,24.40909,,,
OCTP,PGIM S&P 500 Buffer 12 ETF - Oct,Defined Outcome,PGIM Investments,6800727.0,,,,6800727.0,26.845,27.2713,27.31,,0,1095,24.785286,,,
OCTQ,Innovator Premium Income 40 Barrier ETF - October,Defined Outcome,Innovator ETFs,15490453.0,0.0365,,,15490453.0,23.9594,23.9702,23.89,,2033,14255,23.954216,,3.65,
OCTT,AllianzIM U.S. Large Cap Buffer10 Oct ETF,Defined Outcome,AllianzIM,132567968.0,0.0,0.11496761,,132567968.0,38.3492,38.3739,38.1399,,9227,16104,24.886177,,0.0,
OCTU,AllianzIM U.S. Equity Buffer15 Uncapped Oct ETF,Defined Outcome,AllianzIM,33437046.0,,,,33437046.0,25.2151,25.2229,25.03,,13740,19560,24.6615,,,
OCTW,AllianzIM U.S. Large Cap Buffer20 Oct ETF,Defined Outcome,AllianzIM,364936608.0,0.0,0.1069843,,364936608.0,35.8815,35.84,35.69,,38329,67979,24.61478,,0.0,
OCTZ,TrueShares Structured Outcome (October) ETF,Defined Outcome,TrueShares,29158020.0,0.013099999,0.1245733,,29158020.0,38.9138,39.1018,38.93,,4255,8301,25.544199,,1.31,
ODDS,Pacer BlueStar Digital Entertainment ETF,Technology,Pacer,1619765.0,0.0069999998,0.168633,,1619765.0,28.452,28.2682,28.25,,425,860,25.947603,,0.7,
OEF,iShares S&P 100 ETF,Large Blend,iShares,16670244864.0,0.0104,0.17906259,0.17393869,16670244900.0,282.21292,284.71,280.76,11021009920.0,580715,624063,26.063437,,1.04,
OEUR,ALPS O'Shares Europe Quality Dividend ETF Shares,Europe Stock,ALPS,36362192.0,0.0355,0.1463641,0.12734531,36362192.0,32.5108,32.513,32.44,,3364,3079,20.952538,,3.55,
OFOS,Range Global Offshore Oil Services ETF,Equity Energy,Exchange Traded Concepts,4300545.0,0.1336,,,4300545.0,18.66,18.6307,18.71,,3170,13569,9.01619,,13.36,
OGIG,ALPS O'Shares Global Internet Giants ETF Shares,Technology,ALPS,134860128.0,0.0,0.21966471,0.082231104,134860128.0,49.63,49.7692,49.3,,2506,18341,33.16609,,0.0,
OGSP,Obra High Grade Structured Products ETF,Multisector Bond,"Obra Fund Management, LLC",26196020.0,0.0652,,,26196020.0,10.04108,10.05,10.06,,5,4853,,,6.52,
OIH,VanEck Oil Services ETF,Equity Energy,VanEck,858061312.0,0.025999999,-0.0693499,0.1571019,858061310.0,216.5,216.08,212.32,,333528,571150,10.280028,,2.6,
OILK,ProShares K-1 Free Crude Oil ETF,Commodities Focused,ProShares,58254304.0,0.0513,-0.0624647,0.2179444,58254304.0,38.8087,38.4586,38.3,,11907,23753,31.059513,,5.13,
OILT,Texas Capital Texas Oil Index ETF,Equity Energy,Texas Capital Funds Trust,10610089.0,0.0305,,,10610089.0,20.85,20.7335,20.7,,2768,4788,8.84143,,3.05,
OMAH,VistaShares Target 15 Berkshire Select Income ETF,Derivative Income,VistaShares Advisors LLC,104225680.0,,,,104225680.0,19.0896,19.22,19.1,,499097,328821,18.798597,,,
OMFL,Invesco Russell 1000 Dynamic Multifactor ETF,Large Blend,Invesco,4604567040.0,0.01,0.098236196,0.1425214,4604567000.0,55.25,55.55,54.94,,285708,335441,27.023466,,1.0,
OMFS,Invesco Russell 2000 Dynamic Multifactor ETF,Small Blend,Invesco,221921360.0,0.0163,0.0498223,0.1400084,221921360.0,38.78,38.88,38.5605,,8923,18679,19.53921,,1.63,
OND,ProShares On-Demand ETF,Communications,ProShares,1756597.0,0.0,0.22251369,,1756597.0,38.1589,38.3846,37.3,,21,268,29.221128,,0.0,
ONEO,SPDR Russell 1000 Momentum Focus ETF,Mid-Cap Blend,SPDR State Street Global Advisors,85417328.0,0.0143,0.120865606,0.1528855,85417328.0,118.40468,120.694,121.53,,45,622,18.591215,,1.43,
ONEQ,Fidelity Nasdaq Composite Index ETF,Large Growth,Fidelity Investments,6901839360.0,0.0069,0.1870212,0.1607272,6901839400.0,73.75877,74.47,73.49,486618016.0,410912,486504,29.853846,,0.69,
ONEV,SPDR Russell 1000 Low Volatility Focus ETF,Mid-Cap Value,SPDR State Street Global Advisors,566164864.0,0.0194,0.098275006,0.1477074,566164860.0,126.31402,126.5691,125.6478,,2813,7325,19.130106,,1.94,
ONEY,SPDR Russell 1000 Yield Focus ETF,Mid-Cap Value,SPDR State Street Global Advisors,781127936.0,0.033299997,0.0695496,0.1770196,781127940.0,106.13561,106.3225,105.35,,11934,35979,15.762584,,3.33,
ONEZ,TrueShares Seasonality Laddered Buffered ETF,Defined Outcome,TrueShares,26634836.0,,,,26634836.0,24.1597,24.2767,24.19,,13361,28731,24.754011,,,
ONLN,ProShares Online Retail ETF,Consumer Cyclical,ProShares,66244964.0,0.0023999999,0.1386289,0.0083972,66244964.0,47.3551,47.78,46.91,,9348,14993,22.04602,,0.24,
ONOF,Global X Adaptive U.S. Risk Management ETF,Tactical Allocation,Global X Funds,114210128.0,0.0106,0.0970461,,114210128.0,32.16,32.39,32.02,,2693,8850,25.542158,,1.06,
OOQB,One+One Nasdaq-100 and Bitcoin ETF,,,,,,,,,15.2716,14.83,,4485,1404,35.501743,,,
OOSB,One+One S&P 500 and Bitcoin ETF,,,,,,,,,15.9045,15.64,,175,220,28.255424,,,
OOSP,Obra Opportunistic Structured Products ETF,Multisector Bond,"Obra Fund Management, LLC",31159976.0,0.078099996,,,31159976.0,10.11298,10.135,10.16,,6,23704,,,7.81,
OOTO,Direxion Daily Travel & Vacation Bull 2X Shares,Trading--Leveraged Equity,Direxion Funds,3869429.0,0.0150999995,0.0839445,,3869429.0,14.939,14.89,14.82,,738,6919,19.765347,,1.51,
OPER,ClearShares Ultra-Short Maturity ETF,Ultrashort Bond,ClearShares,130107992.0,0.049099997,0.0457762,0.0288762,130107992.0,100.3934,100.345,100.37,,2013,12058,,,4.91,
OPTZ,Optimize Strategy Index ETF,,,,,,,,28.7635,29.02,28.7747,,27,10284,,,,
ORCX,Defiance Daily Target 2X Long ORCL ETF,,,,,,,,,15.14,14.59,,21693,25698,39.968285,,,
ORR,Militia Long/Short Equity ETF,,,,,,,,,28.146,28.0,,23924,50692,10.990945,,,
OSCV,Opus Small Cap Value Plus ETF,Small Blend,APTUS ETFs,519556928.0,0.0128,0.066381305,0.1260631,519556928.0,34.9991,34.99,34.76,,42172,56000,17.11193,,1.28,
OSEA,Harbor International Compounders ETF,Foreign Large Growth,Harbor,428085184.0,0.0047999998,,,428085184.0,28.51493,28.59,28.38,,31927,118339,24.13531,,0.48,
OUNZ,VanEck Merk Gold Trust,Commodities Focused,Merk Funds,1662219648.0,0.0,0.2109371,0.1354483,1662219650.0,32.39,31.71,32.38,,1130872,1048898,,,0.0,
OUSA,ALPS O'Shares U.S. Quality Dividend ETF Shares,Large Value,ALPS,784369920.0,0.0154,0.1081891,0.1257177,784369920.0,52.4376,52.8,52.27,,16009,31033,22.738565,,1.54,
OUSM,ALPS O'Shares U.S. Small-Cap Quality Dividend ETF Shares,Small Blend,ALPS,862179264.0,0.0188,0.1088783,0.1422984,862179260.0,42.08,42.23,41.71,,55696,132536,15.857046,,1.88,
OVB,Overlay Shares Core Bond ETF,Intermediate Core Bond,Overlay Shares,51062008.0,0.0586,0.014986499,-0.0052985,51062008.0,19.9399,19.917,19.9203,,10800,21425,23.487284,,5.86,
OVF,Overlay Shares Foreign Equity ETF,Foreign Large Blend,Overlay Shares,16446671.0,0.0475,0.1000512,0.087576196,16446671.0,26.4434,26.4338,26.48,,1312,4285,16.100702,,4.75,
OVL,Overlay Shares Large Cap Equity ETF,Large Blend,Overlay Shares,178979456.0,0.0353,0.1542697,0.168125,178979456.0,44.8524,45.2388,44.65,,5247,68039,24.889362,,3.53,
OVLH,Overlay Shares Hedged Large Cap Equity ETF,Equity Hedged,Overlay Shares,61481336.0,0.0032,0.1203776,,61481336.0,35.1103,35.2257,35.03,,8584,37777,24.38653,,0.32,
OVM,Overlay Shares Municipal Bond ETF,Muni National Long,Overlay Shares,28279728.0,0.0535,0.023112299,0.011087101,28279728.0,20.746,20.7918,20.72,,13477,10455,23.684704,,5.35,
OVS,Overlay Shares Small Cap Equity ETF,Small Blend,Overlay Shares,11541816.0,0.0477,0.043586504,0.1266592,11541816.0,30.7485,31.15,30.67,,1799,4644,16.392353,,4.77,
OVT,Overlay Shares Short Term Bond ETF,Short-Term Bond,Overlay Shares,58977228.0,0.062800005,0.04383,,58977228.0,21.7462,21.7766,21.755,,12191,54325,23.818222,,6.28,
OWNB,Bitwise Bitcoin Standard Corporations ETF,Digital Assets,Bitwise Investments,4859058.0,,,,4859058.0,28.195,30.76,29.27,,123377,26849,10.023093,,,
OWNS,CCM Affordable Housing MBS ETF,Intermediate Government,Community Capital Management,136566768.0,0.0364,0.0074853,,136566768.0,16.86,16.85,16.8692,,10036,20066,,,3.64,
OZEM,Roundhill Glp-1 & Weight Loss ETF,Health,Roundhill Investments,36707240.0,,,,36707240.0,24.1352,24.07,23.98,,5737,12831,22.899458,,,
PAAA,PGIM AAA CLO ETF,Ultrashort Bond,PGIM Investments,3136348928.0,0.0541,,,3136348930.0,51.303,51.3,51.31,,661251,1096693,,,5.41,
PAB,PGIM Active Aggregate Bond ETF,Intermediate Core Bond,PGIM Investments,60372504.0,0.041199997,0.017205799,,60372504.0,41.557,41.52,41.56,,3324,16000,,,4.12,
PABD,iShares Paris-Aligned Climate MSCI World Ex USA ETF,Foreign Large Blend,iShares,141524736.0,0.025799999,,,141524736.0,58.81702,58.9,58.43,,230,11638,18.410172,,2.58,
PABU,iShares Paris-Aligned Climate MSCI USA ETF,Large Growth,iShares,2070595712.0,0.0105,0.1486603,,2070595710.0,62.94818,63.46,62.75,,106887,159088,29.73273,,1.05,
PALC,Pacer Lunt Large Cap Multi-Factor Alternator ETF,Large Blend,Pacer,292452288.0,0.0095,0.1038725,,292452288.0,47.55,47.5159,47.25,,10345,29393,16.916185,,0.95,
PALD,Direxion Daily PANW Bear 1X Shares,,,,,,,,,24.6576,24.8,,212,1202,,,,
PALL,abrdn Physical Palladium Shares ETF,Commodities Focused,Aberdeen Standard Investments,330779584.0,0.0,-0.20139031,-0.1254569,330779584.0,90.43439,92.08,90.95,,213467,138257,,0.1114315,0.0,
PALU,Direxion Daily PANW Bull 2X Shares,,,,,,,,,22.55,21.88,,13536,13668,58.985603,,,
PAMC,Pacer Lunt MidCap Multi-Factor Alternator ETF,Mid-Cap Blend,Pacer,63456764.0,0.0099,0.1155465,,63456764.0,42.4879,42.29,42.215,,8723,9606,13.645753,,0.99,
PANG,Leverage Shares 2X Long PANW Daily ETF,,,,,,,,,14.43,13.84,,14283,8237,,,,
PAPI,Parametric Equity Premium Income ETF,Derivative Income,Eaton Vance ETFs,193498128.0,0.075500004,,,193498128.0,25.09,25.21,25.1,,83533,94523,16.733797,,7.55,
PAPR,Innovator U.S. Equity Power Buffer ETF - April,Defined Outcome,Innovator ETFs,768787200.0,0.0,0.0949488,0.072805,768787200.0,36.1952,36.32,36.06,,43425,137098,24.6528,,0.0,
PATN,Pacer Nasdaq International Patent Leaders ETF,Foreign Large Blend,Pacer,9721685.0,,,,9721685.0,22.1334,22.0851,22.085,,531,7401,17.942884,,,
PAUG,Innovator U.S. Equity Power Buffer ETF - August,Defined Outcome,Innovator ETFs,753006400.0,0.0,0.106987,0.0917419,753006400.0,38.7066,38.81,38.51,,9933,69269,24.634537,,0.0,
PAVE,Global X U.S. Infrastructure Development ETF,Infrastructure,Global X Funds,7468364288.0,0.0057,0.1917768,0.25213832,7468364300.0,41.2,41.17,40.64,,859086,1379903,23.679466,,0.57,
PAWZ,ProShares Pet Care ETF,Miscellaneous Sector,ProShares,55836404.0,0.0078,0.0301305,0.053927798,55836404.0,57.7848,57.7318,57.15,,41613,4512,26.820473,,0.78,
PBAP,PGIM S&P 500 Buffer 20 ETF - April,Defined Outcome,PGIM Investments,19362430.0,0.0,,,19362430.0,26.97,27.13,26.96,,120,11365,24.572964,,0.0,
PBAU,PGIM S&P 500 Buffer 20 ETF - August,Defined Outcome,PGIM Investments,6081707.0,,,,6081707.0,27.073,27.243,27.04,,103,1049,24.732756,,,
PBD,Invesco Global Clean Energy ETF,Global Small/Mid Stock,Invesco,64810116.0,0.027,-0.15893951,-0.011165399,64810116.0,11.69,11.62,11.52,,13797,34725,18.590014,,2.7,
PBDC,Putnam BDC Income ETF,Financial,Franklin Templeton Investments,193729824.0,0.1024,,,193729824.0,32.73786,32.61,32.47,,55362,72506,9.368339,,10.24,
PBDE,PGIM S&P 500 Buffer 20 ETF - December,Defined Outcome,PGIM Investments,25632480.0,,,,25632480.0,26.41,26.4888,26.37,,418,9041,24.648994,,,
PBE,Invesco Biotechnology & Genome ETF,Health,Invesco,221284352.0,0.0007,0.030791901,0.011644,221284352.0,61.79,61.698,60.87,280871488.0,3912,8295,20.770514,,0.07,
PBFB,PGIM S&P 500 Buffer 20 ETF - Feburary,Defined Outcome,PGIM Investments,13018469.0,0.0,,,13018469.0,27.624,27.826,27.77,,0,1200,24.640173,,0.0,
PBFR,PGIM Laddered S&P 500 Buffer 20 ETF,Defined Outcome,PGIM Investments,38095456.0,,,,38095456.0,26.648,26.7521,26.6405,,12855,18568,24.673136,,,
PBJ,Invesco Food & Beverage ETF,Consumer Defensive,Invesco,101566336.0,0.014099999,0.045784503,0.1097949,101566336.0,47.79,47.58,47.44,100310488.0,1773,9460,20.002487,,1.41,
PBJA,PGIM S&P 500 Buffer 20 ETF - January,Defined Outcome,PGIM Investments,42993024.0,0.0,,,42993024.0,28.129,28.1977,28.0975,,600,10793,24.63704,,0.0,
PBJL,PGIM S&P 500 Buffer 20 ETF - July,Defined Outcome,PGIM Investments,10517860.0,,,,10517860.0,27.009,27.4319,26.94,,500,1231,24.90081,,,
PBJN,PGIM S&P 500 Buffer 20 ETF - June,Defined Outcome,PGIM Investments,8985335.0,,,,8985335.0,27.313,27.69,27.27,,121,1253,24.993078,,,
PBL,PGIM Portfolio Ballast ETF,Moderate Allocation,PGIM Investments,58680840.0,0.021,,,58680840.0,28.069,28.1897,28.06,,459,9287,24.737803,,2.1,
PBMR,PGIM S&P 500 Buffer 20 ETF - March,Defined Outcome,PGIM Investments,12313927.0,0.0,,,12313927.0,27.915,28.225,28.19,,0,4571,24.638794,,0.0,
PBMY,PGIM S&P 500 Buffer 20 ETF - May,Defined Outcome,PGIM Investments,6601555.0,0.0,,,6601555.0,27.993,28.0824,27.99,,5990,6139,24.611818,,0.0,
PBNV,PGIM S&P 500 Buffer 20 ETF - November,Defined Outcome,PGIM Investments,7682815.0,,,,7682815.0,27.049,27.1783,27.22,,0,631,24.650528,,,
PBOC,PGIM S&P 500 Buffer 20 ETF - October,Defined Outcome,PGIM Investments,7339412.0,,,,7339412.0,26.697,26.3446,26.86,,0,1300,24.595388,,,
PBP,Invesco S&P 500 BuyWrite ETF,Derivative Income,Invesco,134041408.0,0.0889,0.0718756,0.090753004,134041408.0,21.26,21.38,21.2,,144882,71628,23.868181,,8.89,
PBQQ,PGIM Laddered Nasdaq-100 Buffer 12 ETF,Defined Outcome,PGIM Investments,8099136.0,,,,8099136.0,25.488,25.6002,25.4504,,1052,1722,31.040987,,,
PBSE,PGIM S&P 500 Buffer 20 ETF - September,Defined Outcome,PGIM Investments,5771065.0,,,,5771065.0,26.797,27.0807,26.85,,1507,2163,24.694067,,,
PBTP,Invesco 0-5 Yr US TIPS ETF,Short-Term Inflation-Protected Bond,Invesco,55940704.0,0.0319,0.0331446,0.0374533,55940704.0,26.04,26.04,26.0597,,16089,20780,,,3.19,
PBUS,Invesco MSCI USA ETF,Large Blend,Invesco,6120851456.0,0.0128999995,0.156451,0.1625984,6120851500.0,58.18,58.57,58.018284,,19414,455141,25.461754,,1.29,
PBW,Invesco WilderHill Clean Energy ETF,Small Growth,Invesco,214900928.0,0.0269,-0.2786061,-0.1005385,214900928.0,17.51,17.32,16.96,100126912.0,738209,462869,1.0219446,,2.69,
PCCE,,China Region,iMGP,1477157.0,0.0179,,,1477157.0,12.5192,12.4187,12.49,,292,425,20.654217,,1.79,
PCEF,Invesco CEF Income Composite ETF,Global Moderate Allocation,Invesco,762071808.0,0.073699996,0.0783785,0.083670795,762071810.0,18.76,18.75,18.69,,80384,206880,22.955479,,7.37,
PCEM,Polen Capital Emerging Markets ex-China Growth ETF,Diversified Emerging Mkts,iMGP,2489544.0,,,,2489544.0,10.6699,10.7008,10.7,,1014,1615,22.22939,,,
PCGG,Polen Capital Global Growth ETF,Global Large-Stock Growth,iM Global Partner Fund Management,160856992.0,0.0,,,160856992.0,11.5061,11.69,11.44,,38462,42888,32.36418,,0.0,
PCIG,,Foreign Large Growth,Polen Capital,26993964.0,0.0034999999,,,26993964.0,9.5335,9.6071,9.51,,624,5506,29.79949,,0.35,
PCLO,Virtus SEIX AAA Private Credit CLO ETF,Ultrashort Bond,Virtus,19890108.0,,,,19890108.0,24.93853,24.925,24.945,,882,3303,,,,
PCMM,BondBloxx Private Credit CLO ETF,,,,,,,,,51.1,50.56,,8962,33019,,,,
PCRB,Putnam ESG Core Bond ETF -,Intermediate Core Bond,Franklin Templeton Investments,723401024.0,0.0432,,,723401020.0,47.85123,47.9,47.9531,,1957,15860,,,4.32,
PCY,Invesco Emerging Markets Sovereign Debt ETF,Emerging Markets Bond,Invesco,1167409408.0,0.0668,0.0609053,0.0048354,1167409410.0,19.58,19.54,19.56,,153879,329123,,,6.68,
PDBA,Invesco Agriculture Commodity Strategy No K-1 ETF,Commodities Focused,Invesco,86123688.0,0.1289,,,86123688.0,36.15,36.54,36.1,,4033,40720,,,12.89,
PDBC,Invesco Optimum Yield Diversified Commodity Strategy No K-1 ETF,Commodities Broad Basket,Invesco,4380986368.0,0.0463,-0.0590186,0.150709,4380986400.0,12.86,12.78,12.76,,2661032,5022658,,,4.63,
PDEC,Innovator U.S. Equity Power Buffer ETF - December,Defined Outcome,Innovator ETFs,981742016.0,0.0,0.0963928,0.0830009,981742020.0,38.3999,38.52,38.25,,43369,77146,24.767931,,0.0,
PDN,Invesco RAFI Developed Markets ex-U.S. Small-Mid ETF,Foreign Small/Mid Value,Invesco,325078176.0,0.0326,0.0754817,0.099644005,325078176.0,36.66,36.3004,36.25,,32634,110269,13.947889,,3.26,
PDP,Invesco Dorsey Wright Momentum ETF,Large Growth,Invesco,1187172736.0,0.0018000001,0.1278332,0.10270719,1187172740.0,103.43,103.75,102.39,,11907,25260,28.671078,,0.18,
PEJ,Invesco Dynamic Leisure and Entertainment ETF,Consumer Cyclical,Invesco,313594432.0,0.0013,0.089664094,0.1283161,313594432.0,51.66,51.61,50.76,72310000.0,14591,128019,19.524818,,0.13,
PEMX,Putnam Emerging Markets Ex-China ETF,Diversified Emerging Mkts,Franklin Templeton Investments,7877622.0,0.0089,,,7877622.0,55.00829,54.9009,55.1106,,304,2722,17.32264,,0.89,
PEPS,Parametric Equity Plus ETF,,,,,,,,,24.235,24.07,,1808,875,25.43238,,,
PEVC,Pacer PE/VC ETF,Large Growth,Pacer,1776058.0,,,,1776058.0,24.2844,24.5917,24.3512,,752,974,28.358234,,,
PEX,ProShares Global Listed Private Equity ETF,Miscellaneous Sector,ProShares,13192024.0,0.1449,0.090400495,0.1238217,13192024.0,27.393,27.1796,27.09,,22620,4150,10.3224,,14.49,
PEXL,Pacer US Export Leaders ETF,Mid-Cap Blend,Pacer,40520652.0,0.0046,0.0885528,0.1374327,40520652.0,47.9059,48.2234,47.68,,2643,6125,20.697285,,0.46,
PEY,Invesco High Yield Equity Dividend Achievers ETF,Mid-Cap Value,Invesco,1089367040.0,0.0469,0.025079701,0.1291981,1089367040.0,20.11,20.08,19.94,933568064.0,220803,201361,13.73713,,4.69,
PEZ,Invesco Dorsey Wright Consumer Cyclicals Momentum ETF,Consumer Cyclical,Invesco,51016712.0,0.0,0.1386921,0.1672942,51016712.0,92.44,92.91,91.92,,716,9025,25.111723,,0.0,
PFEB,Innovator U.S. Equity Power Buffer ETF - February,Defined Outcome,Innovator ETFs,825565632.0,0.0,0.1005758,0.0929984,825565630.0,36.5727,36.76,36.43,,43333,73680,24.782974,,0.0,
PFF,iShares Preferred and Income Securities ETF,Preferred Stock,iShares,13702301696.0,0.0664,0.0325266,0.030827701,13702301700.0,30.08099,30.05,29.95,12586975232.0,2756182,4071212,3.7292337,,6.64,
PFFA,Virtus InfraCap U.S. Preferred Stock ETF,Preferred Stock,Virtus,1475255424.0,0.097799994,0.073267795,0.1351427,1475255420.0,20.35637,20.47,20.4,,309917,622507,,,9.78,
PFFD,Global X U.S. Preferred ETF,Preferred Stock,Global X Funds,2313507840.0,0.066199996,0.0193345,0.0120973,2313507840.0,18.59,18.55,18.5,,334188,1062301,,,6.62,
PFFR,InfraCap REIT Preferred ETF,Preferred Stock,Virtus,88914960.0,0.0802,0.0581668,0.0540199,88914960.0,17.79598,17.84,17.76,,47058,40225,,,8.02,
PFFV,Global X Variable Rate Preferred ETF,Preferred Stock,Global X Funds,301426912.0,0.0753,0.0565869,,301426912.0,22.9,22.93,22.9,,38313,87960,,,7.53,
PFI,Invesco Dorsey Wright Financial Momentum ETF,Financial,Invesco,61296400.0,0.0301,0.1155499,0.12844129,61296400.0,54.22,54.26,53.86,,768,7553,18.023394,,3.01,
PFIG,Invesco Fundamental Investment Grade Corporate Bond ETF,Corporate Bond,Invesco,84777160.0,0.040900003,0.034904398,0.0096845,84777160.0,23.69,23.6695,23.74,,3531,12061,,,4.09,
PFIX,Simplify Interest Rate Hedge ETF,Inflation-Protected Bond,Simplify Asset Management,122735208.0,0.0358,0.32903382,,122735208.0,61.2718,62.42,61.63,,180226,162449,,,3.58,
PFLD,AAM Low Duration Preferred and Income Securities ETF,Preferred Stock,AAM,501412224.0,0.0735,0.0300034,0.0270068,501412224.0,19.7291,19.8,19.76,,154741,147987,,,7.35,
PFM,Invesco Dividend Achievers ETF,Large Value,Invesco,673576384.0,0.0161,0.1046766,0.1292157,673576380.0,45.77,45.87,45.44,475696032.0,72132,35263,23.456434,-1524.6667,1.61,
PFRL,PGIM Floating Rate Income ETF,Bank Loan,PGIM Investments,87358928.0,0.0842,0.0850245,,87358928.0,49.883,49.7873,49.84,,6663,36042,,,8.42,
PFUT,Putnam Sustainable Future ETF,Mid-Cap Growth,Franklin Templeton Investments,329013408.0,0.00029999999,0.1150102,,329013408.0,24.15937,24.2634,24.22,,63,31838,30.549831,,0.03,
PFXF,VanEck Preferred Securities ex Financials ETF,Preferred Stock,VanEck,1762621440.0,0.0773,0.0367697,0.048664797,1762621440.0,16.73,16.71,16.7,,243024,653131,,,7.73,
PGF,Invesco Financial Preferred ETF,Preferred Stock,Invesco,788538432.0,0.0631,0.0301859,0.0034117,788538430.0,13.87,13.89,13.87,,116952,234220,,,6.31,
PGHY,Invesco Global ex-US High Yield Corporate Bond ETF,High Yield Bond,Invesco,153944368.0,0.075100005,0.0739603,0.051703602,153944368.0,19.55,19.65,19.54,,54249,62252,,,7.51,
PGJ,Invesco Golden Dragon China ETF,China Region,Invesco,141907312.0,0.048299998,0.055878703,-0.0557775,141907312.0,28.02,28.03,27.69,146947504.0,16969,63620,15.613199,,4.83,
PGRO,Putnam Focused Large Cap Growth ETF,Large Growth,Franklin Templeton Investments,63020328.0,0.00090000004,0.21728238,,63020328.0,37.67572,38.1164,37.59,,9968,8857,38.023056,,0.09,
PGX,Invesco Preferred ETF,Preferred Stock,Invesco,3971218688.0,0.062,0.0212312,0.0031494,3971218690.0,10.91,10.91,10.86,,8200675,7805977,,,6.2,
PHB,Invesco Fundamental High Yield Corporate Bond ETF,High Yield Bond,Invesco,329462656.0,0.0594,0.0635257,0.048611697,329462656.0,18.04,18.1,18.03,,76873,108558,,,5.94,
PHDG,Invesco S&P 500 Downside Hedged ETF,Equity Hedged,Invesco,99217264.0,0.0212,0.020927802,0.0402219,99217264.0,33.8,33.9595,33.48,,36509,20774,24.309677,,2.12,
PHEQ,Parametric Hedged Equity ETF,Equity Hedged,Eaton Vance ETFs,92758080.0,0.0149,,,92758080.0,29.27,29.4749,29.235,,2467,17152,24.97977,,1.49,
PHO,Invesco Water Resources ETF,Natural Resources,Invesco,2058555392.0,0.0050999997,0.1277069,0.1480916,2058555390.0,67.39,67.52,66.84,,36159,66242,25.301102,748.22217,0.51,
PHYD,Putnam ESG High Yield ETF -,High Yield Bond,Franklin Templeton Investments,178407216.0,0.0656,,,178407216.0,50.88984,51.0774,51.04,,2060,5868,4.949751,,6.56,
PHYL,PGIM Active High Yield Bond ETF,High Yield Bond,PGIM Investments,255453344.0,0.0808,0.0723625,0.0580867,255453344.0,34.642,34.71,34.65,,59802,81498,2.4881237,,8.08,
PHYS,Sprott Physical Gold Trust,,,,,,,,,25.13,25.61,23009204224.0,3812584,5833276,3.7281976,,,
PICB,Invesco International Corporate Bond ETF,Global Bond,Invesco,141202496.0,0.0298,0.023247099,0.0015656,141202496.0,23.27,23.11,23.24,,47591,39463,,,2.98,
PICK,iShares MSCI Global Metals & Mining Producers ETF,Natural Resources,iShares,725650624.0,0.0322,-0.020912198,0.1536987,725650620.0,36.99768,36.51,36.32,308448992.0,148324,260917,13.385471,,3.22,
PID,Invesco International Dividend Achievers ETF,Foreign Large Value,Invesco,826615808.0,0.0356,0.0647938,0.1550269,826615810.0,20.29,20.18,20.11,,71843,103796,18.493032,,3.56,
PIE,Invesco Dorsey Wright Emerging Markets Momentum ETF,Diversified Emerging Mkts,Invesco,84760568.0,0.0233,-0.0007953,0.0623397,84760568.0,19.62,19.66,19.4925,,7579,23380,12.300415,,2.33,
PIEQ,Principal International Equity ETF,Foreign Large Blend,Principal Funds,722216448.0,,,,722216450.0,27.62163,27.675,27.38,,35114,35733,15.371974,,,
PIFI,ClearShares Piton Intermediate Fixed Income ETF,Intermediate Core Bond,ClearShares,101814008.0,0.024600001,0.022619,,101814008.0,93.9779,93.8339,93.95,,11872,1309,,,2.46,
PILL,Direxion Daily Pharmaceutical & Medical Bull 3X Shares ETF,Trading--Leveraged Equity,Direxion Funds,13584381.0,0.0145000005,-0.2114358,-0.19963141,13584381.0,4.955,4.91,4.74,,136082,104023,13.2604885,,1.45,
PIN,Invesco India ETF,India Equity,Invesco,227459104.0,0.0,0.115214005,0.1813482,227459104.0,26.52,26.17,26.34,,28218,59723,25.236744,,0.0,
PINK,Simplify Health Care ETF,Health,Simplify Asset Management,140932928.0,0.0038,0.0439665,,140932928.0,28.2654,28.13,27.89,,16643,42985,31.232435,-80.828575,0.38,
PIO,Invesco Global Water ETF,Natural Resources,Invesco,254822384.0,0.0084,0.0944847,0.107931994,254822384.0,42.77,42.86,42.28,,6705,11752,23.547693,,0.84,
PIPE,Invesco SteelPath MLP & Energy Infrastructure ETF,Energy Limited Partnership,Invesco,15249761.0,,,,15249761.0,23.92,23.6889,23.698,,635,13526,18.862387,,,
PIT,VanEck Commodity Strategy ETF,Commodities Broad Basket,VanEck,28775964.0,0.0354,,,28775964.0,49.71,49.2475,49.75,,370,1931,,,3.54,
PIZ,Invesco Dorsey Wright Developed Markets Momentum ETF,Foreign Large Growth,Invesco,265203728.0,0.0162,0.1464312,0.1264818,265203728.0,43.5,43.5915,43.5471,,36333,49247,18.36769,,1.62,
PJAN,Innovator U.S. Equity Power Buffer ETF - January,Defined Outcome,Innovator ETFs,1204013952.0,0.0,0.1153572,0.0936839,1204013950.0,42.3228,42.4822,42.13,,63839,87563,24.733444,,0.0,
PJBF,PGIM Jennison Better Future ETF,Global Large-Stock Growth,PGIM Investments,19017448.0,0.0017,,,19017448.0,58.085,58.7566,58.34,,226,3855,41.36176,,0.17,
PJFG,PGIM Jennison Focused Growth ETF,Large Growth,PGIM Investments,113301440.0,0.0,,,113301440.0,95.257,96.1854,94.82,,2758,4007,37.674877,,0.0,
PJFM,PGIM Jennison Focused Mid-Cap ETF,Mid-Cap Growth,PGIM Investments,12772180.0,0.009,,,12772180.0,56.121,54.5155,51.95,,0,157,20.415802,,0.9,
PJFV,PGIM Jennison Focused Value ETF,Large Value,PGIM Investments,16759667.0,0.0137,,,16759667.0,68.965,70.4792,70.18,,206,1353,18.629232,,1.37,
PJIO,PGIM Jennison International Opportunities ETF,Foreign Large Growth,PGIM Investments,14088366.0,0.002,,,14088366.0,59.894,60.585,60.13,,59,2398,42.89521,,0.2,
PJP,Invesco Pharmaceuticals ETF,Health,Invesco,243739952.0,0.0111,0.0307617,0.0550672,243739952.0,79.06,78.887,78.25,497860000.0,9784,8390,18.582113,,1.11,
PJUL,Innovator U.S. Equity Power Buffer ETF - July,Defined Outcome,Innovator ETFs,850610752.0,0.0,0.1228094,0.096859194,850610750.0,41.2077,41.33,41.0,,43992,67331,24.83607,,0.0,
PJUN,Innovator U.S. Equity Power Buffer ETF - June,Defined Outcome,Innovator ETFs,577089280.0,0.0,0.078861,0.0723712,577089280.0,38.0784,38.24,37.94,,40969,120203,24.92254,,0.0,
PKB,Invesco Building & Construction ETF,Industrials,Invesco,205159376.0,0.0022,0.24829069,0.2310581,205159376.0,76.98,76.96,75.98,288974976.0,8880,55549,23.43061,,0.22,
PKW,Invesco BuyBack Achievers ETF,Mid-Cap Value,Invesco,1162966656.0,0.0089,0.1374921,0.1804775,1162966660.0,116.58,116.95,116.27,,23464,31547,15.615232,,0.89,
PLDR,Putnam Sustainable Leaders ETF,Large Growth,Franklin Templeton Investments,639162944.0,0.0042,0.1463278,,639162940.0,31.69033,32.0333,31.95,,8,51431,29.621498,,0.42,
PLTD,Direxion Daily PLTR Bear 1X Shares,,,,,,,,,10.74,10.91,,6321855,3848415,,,,
PLTG,Leverage Shares 2X Long PLTR Daily ETF,,,,,,,,,18.44,17.82,,29104,73047,,,,
PLTM,GraniteShares Platinum Trust,Commodities Focused,Graniteshares,53893588.0,0.0,0.0386697,0.049043197,53893588.0,10.45,10.43,10.5,,390850,125630,,,0.0,
PLTU,Direxion Daily PLTR Bull 2X Shares,,,,,,,,,51.89,50.74,,3068882,4659169,62.14559,,,
PLTW,Roundhill PLTR WeeklyPay ETF,Trading--Miscellaneous,Roundhill Investments,13658961.0,,,,13658961.0,41.4116,41.12,40.39,,180529,45801,,,,
PLTY,Tidal Trust II - YieldMax PLTR Option Income Strategy ETF,,,,,,,,,61.52,60.75,,731553,318673,,,,
PMAP,PGIM S&P 500 Max Buffer ETF - April,Defined Outcome,PGIM Investments,2005401.0,,,,2005401.0,25.218,25.04,25.17,,0,950,24.24715,,,
PMAR,Innovator U.S. Equity Power Buffer ETF - March,Defined Outcome,Innovator ETFs,587882432.0,0.0,0.1064464,0.093664706,587882430.0,40.6953,40.9,40.63,,19821,96384,24.771128,,0.0,
PMAY,Innovator U.S. Equity Power Buffer ETF - May,Defined Outcome,Innovator ETFs,486165472.0,0.0,0.09241,0.0717655,486165472.0,36.609,36.74,36.49,,35285,105303,24.718134,,0.0,
PMBS,PIMCO Mortgage-Backed Securities Active Exchange-Traded Fund,,,,,,,,,47.8,47.94,,3565,82668,,,,
PMFB,PGIM S&P 500 Max Buffer ETF - February,Defined Outcome,PGIM Investments,3473451.0,,,,3473451.0,25.016,25.0598,24.95,,2743,946,24.475847,,,
PMIO,PGIM Municipal Income Opportunities ETF,Muni National Interm,PGIM Investments,26146904.0,,,,26146904.0,49.739,49.6572,49.7,,7688,1019,,,,
PMJA,PGIM S&P 500 Max Buffer ETF - January,Defined Outcome,PGIM Investments,2500818.0,,,,2500818.0,25.257,24.9803,24.96,,0,203,24.3859,,,
PMMF,iShares Prime Money Market ETF,Prime Money Market,iShares,185775664.0,,,,185775664.0,100.36652,100.36,100.39,,65560,48387,,,,
PMMR,PGIM S&P 500 Max Buffer ETF - March,Defined Outcome,PGIM Investments,2235629.0,,,,2235629.0,25.05,25.0648,25.06,,200,322,24.35894,,,
PMMY,PGIM S&P 500 Max Buffer ETF - May,Derivative Income,PGIM Investments,2000025.0,,,,2000025.0,25.147,25.2155,25.23,,0,4558,,,,
PNOV,Innovator U.S. Equity Power Buffer ETF - November,Defined Outcome,Innovator ETFs,657873280.0,0.0,0.09925511,0.0838335,657873280.0,38.0412,38.205,37.87,,3450,82192,24.742632,,0.0,
PNQI,Invesco NASDAQ Internet ETF,Technology,Invesco,791641280.0,0.0,0.23841709,0.084014304,791641280.0,48.26,48.81,47.92,,28701,92520,29.826504,,0.0,
POCT,Innovator U.S. Equity Power Buffer ETF October,Defined Outcome,Innovator ETFs,788108864.0,0.0,0.1185393,0.1016885,788108860.0,39.706,39.89,39.55,,39062,85904,24.687466,,0.0,
POWA,,Large Blend,Invesco,180783376.0,0.0078,0.102615006,0.1269727,180783376.0,83.94,84.14,83.6,,1618,3753,27.102545,,0.78,
PPA,Invesco Aerospace & Defense ETF,Industrials,Invesco,4714915840.0,0.0052,0.24029261,0.2042366,4714915800.0,129.73,129.99,128.54,1963440128.0,90800,182090,30.014147,,0.52,
PPEM,Putnam Panagora ESG Emerging Markets Equity ETF -,Diversified Emerging Mkts,Franklin Templeton Investments,43168880.0,0.0155,,,43168880.0,23.16035,23.1628,23.11,,45,5730,14.991876,,1.55,
PPH,VanEck Pharmaceutical ETF,Health,VanEck,630256000.0,0.019,0.0515691,0.090184696,630256000.0,86.3,86.18,85.61,996506112.0,148203,357971,22.655636,,1.9,
PPI,Astoria Real Asset ETF,Global Moderately Aggressive Allocation,AXS,49606148.0,0.0148,0.0675693,,49606148.0,15.46,15.38,15.365,,10082,11285,17.815678,,1.48,
PPIE,Putnam Panagora ESG International Equity ETF -,Foreign Large Blend,Franklin Templeton Investments,234373520.0,0.027999999,,,234373520.0,25.90596,25.8803,25.79,,1038,32860,16.699741,,2.8,
PPLT,abrdn Physical Platinum Shares ETF,Commodities Focused,Aberdeen Standard Investments,1014982080.0,0.0,0.035643302,0.0478161,1014982080.0,98.82145,98.6,99.23,,632728,216720,,,0.0,
PPTY,Vident U.S. Diversified Real Estate ETF,Real Estate,Vident Financial,44665520.0,0.0375,0.008994699,0.0785864,44665520.0,29.6151,29.67,29.5,,2236,15341,31.16394,,3.75,
PQAP,PGIM Nasdaq-100 Buffer 12 ETF - April,Defined Outcome,PGIM Investments,6264010.0,,,,6264010.0,25.936,26.0543,25.9416,,340,3419,30.908968,,,
PQDI,Principal Spectrum Tax-Advantaged Dividend Active ETF,Preferred Stock,Principal Funds,56307052.0,0.0508,0.058330104,,56307052.0,18.90886,19.005,19.0,,2317,21188,,,5.08,
PQJA,PGIM Nasdaq-100 Buffer 12 ETF - January,,,,,,,,,25.4197,25.2936,,100,725,31.331242,,,
PQJL,PGIM Nasdaq-100 Buffer 12 ETF - July,Defined Outcome,PGIM Investments,2450811.0,,,,2450811.0,25.364,25.4916,25.3899,,43,112,30.929146,,,
PQOC,PGIM Nasdaq-100 Buffer 12 ETF - October,,,,,,,,,25.4504,25.3373,,320,1242,32.42035,,,
PRAE,PlanRock Alternative Growth ETF,Large Blend,"PlanRock Investment Management, LLC",8154097.0,0.0106,,,8154097.0,30.49,30.2999,30.425,,30,811,17.29069,,1.06,
PRAY,FIS Christian Stock Fund ETF,Large Blend,Faith Investor,65886660.0,0.0077,0.1020701,,65886660.0,29.2247,29.2618,28.88,,3851,7922,20.604029,,0.77,
PRCS,Parnassus Core Select ETF,Large Blend,Parnassus,36545148.0,,,,36545148.0,24.2396,24.29,24.23,,12569,31120,31.805893,,,
PREF,Principal Spectrum Preferred Securities Active ETF,Preferred Stock,Principal Funds,1150447232.0,0.0473,0.0692191,0.040721003,1150447230.0,18.62915,18.63,18.66,,244646,273430,,,4.73,
PRF,Invesco RAFI US 1000 ETF,Large Value,Invesco,7402552320.0,0.019,0.106197394,0.1639898,7402552300.0,40.18,40.33,39.89,,287492,504777,17.798155,,1.9,
PRFD,PIMCO Preferred And Capital Securities Active Exchange-Traded Fund,Preferred Stock,PIMCO,187953424.0,0.0592,,,187953424.0,49.83,49.8602,50.19,,7139,12607,,,5.92,
PRFZ,Invesco RAFI US 1500 Small-Mid ETF,Small Blend,Invesco,2158364928.0,0.0153,0.074457996,0.1449109,2158364930.0,38.5,38.64,37.88,,129847,433650,17.29536,,1.53,
PRIV,SPDR SSGA IG Public & Private Credit ETF,Multisector Bond,SPDR State Street Global Advisors,55127120.0,,,,55127120.0,24.64824,24.57,24.6,,3299,35227,,,,
PRN,Invesco Dorsey Wright Industrials Momentum ETF,Industrials,Invesco,319377024.0,0.0038,0.1955104,0.18257861,319377024.0,145.67,145.7,144.67,,6312,94660,29.080074,,0.38,
PRNT,The 3D Printing ETF,Technology,ARK ETF Trust,73430840.0,0.0055,-0.0233379,0.0100929,73430840.0,21.092,21.1293,20.83,,16566,12330,26.97249,,0.55,
PRVS,Parnassus Value Select ETF,Large Value,Parnassus,5650551.0,,,,5650551.0,23.2196,23.2351,23.09,,2501,4082,19.267874,,,
PRXG,Praxis Impact Large Cap Growth ETF,Large Growth,"Praxis Investment Management, Inc.",7804979.0,,,,7804979.0,30.2613,30.7363,30.33,,8981,35342,35.58103,,,
PRXV,Praxis Impact Large Cap Value ETF,Large Value,"Praxis Investment Management, Inc.",7286203.0,,,,7286203.0,27.0239,27.0887,26.913,,9588,45257,19.43946,,,
PSC,Principal U.S. Small-Cap ETF,Small Blend,Principal Funds,738028160.0,0.0083,0.0927094,0.1610347,738028160.0,50.27906,50.42,50.0,,47661,79138,17.144346,,0.83,
PSCC,Invesco S&P SmallCap Consumer Staples ETF,Consumer Defensive,Invesco,43789132.0,0.0218,0.0418562,0.1031146,43789132.0,34.79,34.8655,34.62,,7953,7144,16.5887,,2.18,
PSCD,Invesco S&P SmallCap Consumer Discretionary ETF,Consumer Cyclical,Invesco,19256368.0,0.016,0.0811949,0.155893,19256368.0,96.85,97.5223,96.2131,,536,1453,13.878414,,1.6,
PSCE,Invesco S&P SmallCap Energy ETF,Equity Energy,Invesco,53690156.0,0.0256,-0.086044505,0.19882,53690156.0,36.95,36.75,36.1,,5688,19974,8.231409,,2.56,
PSCF,Invesco S&P SmallCap Financials ETF,Financial,Invesco,19215722.0,0.0247,0.030555999,0.1026875,19215722.0,51.59,51.7216,51.7,,577,2014,12.899335,,2.47,
PSCH,Invesco S&P SmallCap Health Care ETF,Health,Invesco,151779136.0,0.0023999999,-0.0417297,0.0016888,151779136.0,40.06,40.1598,39.813,,6725,10260,23.553331,,0.24,
PSCI,Invesco S&P SmallCap Industrials ETF,Industrials,Invesco,116874648.0,0.0076,0.1413837,0.1921577,116874648.0,124.08,124.619,124.34,,1299,13787,23.65717,,0.76,
PSCJ,Pacer Swan SOS Conservative (July) ETF,Defined Outcome,Pacer,44464908.0,0.0,0.109069996,,44464908.0,26.582,27.133,26.73,,0,13787,24.92282,,0.0,
PSCM,Invesco S&P SmallCap Materials ETF,Natural Resources,Invesco,11468216.0,0.0089,0.0070511,0.1401425,11468216.0,64.84,65.34,64.93,,309,1084,17.093166,,0.89,
PSCQ,Pacer Swan SOS Conservative (October) ETF,Defined Outcome,Pacer,38926656.0,0.0,0.103919,,38926656.0,26.4964,26.6064,26.545,,637,4565,25.513914,,0.0,
PSCT,Invesco S&P SmallCap Information Technology ETF,Technology,Invesco,234276000.0,0.0001,0.012379,0.0895676,234276000.0,42.07,42.8,41.78,,25479,19698,25.348953,,0.01,
PSCU,Invesco S&P SmallCap Utilities & Communication Services ETF,Utilities,Invesco,13238063.0,0.010199999,-0.015657,0.0448925,13238063.0,54.29,54.4352,54.22,,343,1252,18.357256,,1.02,
PSCW,Pacer Swan SOS Conservative (April) ETF,Defined Outcome,Pacer,56831984.0,0.0,0.0730226,,56831984.0,25.7861,25.8507,25.71,,56866,24826,25.991611,,0.0,
PSCX,Pacer Swan SOS Conservative (January) ETF,Defined Outcome,Pacer,31246228.0,0.0,0.1007609,,31246228.0,27.7612,27.8944,28.0015,,0,4607,26.029175,,0.0,
PSDM,,Short-Term Bond,PGIM Investments,77971264.0,0.0499,,,77971264.0,50.91,50.9046,50.98,,6679,11152,,,4.99,
PSEP,Innovator U.S. Equity Power Buffer ETF - September,Defined Outcome,Innovator ETFs,685900800.0,0.0,0.1162246,0.094174996,685900800.0,39.2925,39.4468,39.18,,7740,56007,24.81017,,0.0,
PSET,Principal Quality ETF,Large Blend,Principal Funds,46258496.0,0.0069999998,0.1306566,0.1466839,46258496.0,69.36485,69.91,69.46,,3740,7679,29.63398,,0.7,
PSFD,Pacer Swan SOS Flex (January) ETF,Defined Outcome,Pacer,50159752.0,0.0,0.1467045,,50159752.0,33.1806,33.2938,33.09,,1805,3936,24.756725,,0.0,
PSFF,Pacer Swan SOS Fund of Funds ETF,Defined Outcome,Pacer,423749408.0,0.0,0.1137509,,423749408.0,29.138,29.33,29.11,,131972,93939,24.782114,,0.0,
PSFJ,Pacer Swan SOS Flex (July) ETF,Defined Outcome,Pacer,22015912.0,0.0,0.132258,,22015912.0,29.1599,29.7511,29.39,,0,1607,27.21807,,0.0,
PSFM,Pacer Swan SOS Flex (April) ETF,Defined Outcome,Pacer,21351960.0,0.0,0.11251059,,21351960.0,29.12,29.4802,29.09,,555,2596,24.788248,,0.0,
PSFO,Pacer Swan SOS Flex (October) ETF,Defined Outcome,Pacer,14084893.0,0.0,0.1329349,,14084893.0,28.7889,29.2134,28.75,,200,2182,25.488504,,0.0,
PSH,PGIM Short Duration High Yield ETF,High Yield Bond,PGIM Investments,48704368.0,0.0796,,,48704368.0,50.078,50.1611,50.2,,2146,7985,,,7.96,
PSI,Invesco Semiconductors ETF,Technology,Invesco,574821696.0,0.0019,0.1304281,0.1875909,574821700.0,51.03,51.66,50.31,163232000.0,33994,79647,26.285006,,0.19,
PSIL,AdvisorShares Psychedelics ETF,Miscellaneous Sector,AdvisorShares,8538433.0,0.0287,-0.2291004,,8538433.0,12.796,12.7469,12.51,,5003,6780,,,2.87,
PSK,SPDR ICE Preferred Securities ETF,Preferred Stock,SPDR State Street Global Advisors,845048832.0,0.0679,0.0240084,0.00070469995,845048830.0,31.34982,31.38,31.39,,135631,199493,,136.39131,6.79,
PSL,Invesco Dorsey Wright Consumer Staples Momentum ETF,Consumer Defensive,Invesco,91656408.0,0.0061000003,0.1314667,0.133443,91656408.0,110.17,109.93,110.1,,845,4976,20.0033,,0.61,
PSLV,Sprott Physical Silver Trust,,,,,,,,,11.11,11.17,5932961280.0,27138434,42577785,3.7039475,,,
PSMD,Pacer Swan SOS Moderate (January) ETF,Defined Outcome,Pacer,85916600.0,0.0,0.1168422,,85916600.0,29.27,29.4236,29.37,,0,6060,26.209475,,0.0,
PSMJ,Pacer Swan SOS Moderate (July) ETF,Defined Outcome,Pacer,70786232.0,0.0,0.124247,,70786232.0,28.488,29.0609,28.69,,76,1468,25.601013,,0.0,
PSMO,Pacer Swan SOS Moderate (October) ETF,Defined Outcome,Pacer,103961312.0,0.0,0.117449194,,103961312.0,27.736,27.8333,27.68,,5872,23368,25.395473,,0.0,
PSMR,Pacer Swan SOS Moderate (April) ETF,Defined Outcome,Pacer,78388200.0,0.0,0.096304,,78388200.0,27.5734,27.6417,27.62,,52350,26931,25.63682,,0.0,
PSP,Invesco Global Listed Private Equity ETF,Global Small/Mid Stock,Invesco,235239184.0,0.0853,0.1176334,0.13304381,235239184.0,65.59,65.84,64.83,,39396,45885,14.570303,,8.53,
PSQ,ProShares Short QQQ,Trading--Inverse Equity,ProShares,651398784.0,0.0631,-0.1589526,-0.16621941,651398780.0,36.745,36.36,36.96,,5977296,6569473,,,6.31,
PSQA,Palmer Square CLO Senior Debt ETF,Ultrashort Bond,Palmer Square,32353452.0,,,,32353452.0,20.3543,20.365,20.37,,5235,16457,,,,
PSQO,Palmer Square Credit Opportunities ETF,Multisector Bond,Palmer Square,42635072.0,,,,42635072.0,20.447,20.474,20.4201,,977,14238,,,,
PSR,Invesco Active U.S. Real Estate Fund,Real Estate,Invesco,58327144.0,0.028900001,-0.0053119,0.0664163,58327144.0,89.93,89.8722,89.56,,864,2638,31.290586,,2.89,
PST,ProShares UltraShort 7-10 Year Treasury,Trading--Inverse Debt,ProShares,14661622.0,0.038399998,0.0992637,0.1108843,14661622.0,23.7007,23.7799,23.48,,9782,19441,,,3.84,
PSTP,Innovator Power Buffer Step-Up Strategy ETF,Defined Outcome,Innovator ETFs,103568952.0,0.0,0.090922296,,103568952.0,32.1109,32.2262,32.04,,4494,10003,24.76504,,0.0,
PSTR,PeakShares Sector Rotation ETF,Derivative Income,PeakShares LLC,25048472.0,0.029000001,,,25048472.0,27.06,27.1542,27.14,,60908,8253,22.315577,,2.9,
PSWD,Xtrackers Cybersecurity Select Equity ETF,Technology,Xtrackers,7568914.0,0.0021,,,7568914.0,35.038,35.0447,35.0617,,156,515,27.093397,,0.21,
PTBD,Pacer Trendpilot US Bond ETF,Corporate Bond,Pacer,161500496.0,0.0583,0.013906601,-0.0058771004,161500496.0,19.4036,19.43,19.4106,,65027,47206,,,5.83,
PTEC,Global X PropTech ETF,Miscellaneous Sector,Global X Funds,1728817.0,0.0015,,,1728817.0,35.39,35.3238,35.5,,3,150,36.49502,,0.15,
PTEU,Pacer Trendpilot European Index ETF,Europe Stock,Pacer,30458606.0,0.0315,0.105845205,0.0531078,30458606.0,27.8016,28.1773,27.67,,5545,8952,16.158802,,3.15,
PTF,Invesco Dorsey Wright Technology Momentum ETF,Technology,Invesco,355520672.0,0.0025,0.1828574,0.1676175,355520672.0,63.16,63.41,62.14,,12146,108079,29.5367,,0.25,
PTH,Invesco Dorsey Wright Healthcare Momentum ETF,Health,Invesco,108744608.0,0.00059999997,-0.0288225,-0.014243799,108744608.0,35.96,35.82,35.8,,8096,9858,29.949457,,0.06,
PTIN,Pacer Trendpilot International ETF,Foreign Large Blend,Pacer,147745968.0,0.0271,0.063777596,0.0527206,147745968.0,27.9212,27.92,27.805,,11560,21633,15.991334,,2.71,
PTIR,GraniteShares 2x Long PLTR Daily ETF,,,,,,,,,246.06,239.0,,678702,1155092,,,,
PTL,Inspire 500 ETF,Large Blend,Inspire,288687616.0,0.0134000005,,,288687616.0,216.57,216.9829,214.31,,5963,12750,24.916945,,1.34,
PTLC,Pacer Trendpilot US Large Cap ETF,Large Blend,Pacer,3208823552.0,0.0074,0.0947616,0.1320848,3208823550.0,47.4324,47.75,47.13,3611032832.0,327696,582249,22.977497,,0.74,
PTMC,Pacer Trendpilot US Mid Cap ETF,Mid-Cap Blend,Pacer,423240704.0,0.0092,0.0140464,0.050584503,423240704.0,34.7833,34.7501,34.73,,381388,76458,18.449974,,0.92,
PTNQ,Pacer Trendpilot 100 ETF,Large Growth,Pacer,1227992704.0,0.0215,0.100197695,0.1156607,1227992700.0,65.761,66.4012,65.36,,220374,91730,27.934519,,2.15,
PTRB,PGIM Total Return Bond ETF,Intermediate Core-Plus Bond,PGIM Investments,444184224.0,0.0495,0.023541901,,444184224.0,40.9,40.9,41.0,,47784,69568,,,4.95,
PUI,Invesco Dorsey Wright Utilities Momentum ETF,Utilities,Invesco,70184368.0,0.0222,0.0708856,0.0946696,70184368.0,41.73,41.35,41.37,258416000.0,6141,23066,21.78999,,2.22,
PULS,PGIM Ultra Short Bond ETF,Ultrashort Bond,PGIM Investments,10927011840.0,0.053400002,0.0537402,0.0356161,10927011800.0,49.678,49.67,49.69,,2111030,2629839,,,5.34,
PULT,Putnam ESG Ultra Short ETF -,Ultrashort Bond,Franklin Templeton Investments,158065216.0,0.0504,,,158065216.0,50.5417,50.57,50.598,,2381,23155,,,5.04,
PUSH,PGIM Ultra Short Municipal Bond ETF,Muni National Short,PGIM Investments,30112300.0,,,,30112300.0,50.201,50.18,50.18,,1340,2653,,,,
PUTD,Cboe(R) Validus S&P 500(R) Dynamic Putwrite Index ETF,Large Blend,Validus,21421140.0,0.1182,,,21421140.0,19.8076,20.0952,19.9055,,31,576,,,11.82,
PVAL,Putnam Focused Large Cap Value ETF,Large Value,Franklin Templeton Investments,2599319040.0,0.013300001,0.1491494,,2599319040.0,37.94356,37.98,37.61,,452699,707574,19.401014,,1.33,
PVI,Invesco Floating Rate Municipal Income ETF,Muni National Short,Invesco,29810130.0,0.0251,0.0248882,0.0145513,29810130.0,24.81,24.84,24.89,,3407,8120,,,2.51,
PWB,Invesco Dynamic Large Cap Growth ETF,Large Growth,Invesco,976252928.0,0.0007,0.210871,0.16228849,976252930.0,107.68,108.1374,106.8,1701344000.0,63574,39422,36.120586,,0.07,
PWER,Macquarie Energy Transition ETF,Equity Energy,Macquarie,6102211.0,0.0104,,,6102211.0,26.42,26.6203,26.5299,,4,125,17.563625,,1.04,
PWRD,TCW ETF Trust - TCW Transform Systems ETF,,,,,,,,,80.24,79.62,,6553,35131,,,,
PWS,Pacer WealthShield ETF,Tactical Allocation,Pacer,26172920.0,0.014099999,0.0070249997,0.055878602,26172920.0,29.21,29.1249,29.19,,4686,9025,22.032244,,1.41,
PWV,Invesco Dynamic Large Cap Value ETF,Large Value,Invesco,1000734848.0,0.0232,0.111002594,0.1544658,1000734850.0,59.18,59.19,58.815,1560183424.0,56422,41700,16.696945,,2.32,
PWZ,Invesco California AMT-Free Municipal Bond ETF,Muni California Long,Invesco,672730432.0,0.0346,0.016881,-0.0042414,672730430.0,23.27,23.22,23.3,,669355,298755,,,3.46,
PXE,Invesco Dynamic Energy Exploration & Production ETF,Equity Energy,Invesco,71300464.0,0.0318,-0.0122792,0.26434138,71300464.0,27.05,26.97,26.71,54080000.0,19995,38371,9.717048,,3.18,
PXF,Invesco RAFI Developed Markets ex-U.S. ETF,Foreign Large Value,Invesco,1909303168.0,0.0326,0.1185283,0.1572414,1909303170.0,55.77,55.59,55.29,,150867,133955,13.33819,,3.26,
PXH,Invesco RAFI Emerging Markets ETF,Diversified Emerging Mkts,Invesco,1236128640.0,0.045100003,0.1065905,0.1179957,1236128640.0,22.62,22.65,22.47,,1776148,331622,10.3406515,,4.51,
PXI,Invesco DWA Energy Momentum ETF,Equity Energy,Invesco,46428512.0,0.0195,-0.0089319,0.2432454,46428512.0,41.1,40.73,40.915,,2836,6649,16.04237,,1.95,
PXJ,Invesco Oil & Gas Services ETF,Equity Energy,Invesco,25296536.0,0.0434,0.028600499,0.168714,25296536.0,22.88,22.71,22.67,58261636.0,6366,14042,8.614318,,4.34,
PY,Principal Value ETF,Large Value,Principal Funds,292203808.0,0.021300001,0.0727355,0.1614307,292203808.0,47.38756,47.6737,47.24,,17534,15946,17.669447,,2.13,
PYLD,PIMCO ETF Trust - PIMCO Multisector Bond Active Exchange-Traded Fund,Multisector Bond,PIMCO,4863776256.0,0.0594,,,4863776300.0,25.98,25.99,26.03,,824974,2240157,,,5.94,
PYPG,Leverage Shares 2X Long PYPL Daily ETF,,,,,,,,,19.36,18.23,,2016,4345,,,,
PYPY,Yieldmax PYPL Option Income Strategy ETF,Derivative Income,YieldMax ETFs,49900736.0,0.63130003,,,49900736.0,13.1032,13.39,13.15,,40817,38009,,,63.13,
PYZ,Invesco DWA Basic Materials Momentum ETF,Natural Resources,Invesco,46315880.0,0.0121,0.0103523005,0.1364378,46315880.0,87.27,86.9466,87.11,,631,6153,19.191107,,1.21,
PZA,Invesco National AMT-Free Municipal Bond ETF,Muni National Long,Invesco,2890752000.0,0.034,0.0164964,-0.0047978,2890752000.0,22.38,22.31,22.34,,2246365,1935115,,,3.4,
PZT,Invesco New York AMT-Free Municipal Bond ETF,Muni New York Long,Invesco,135825856.0,0.0325,0.0155187,-0.0026971,135825856.0,21.51,21.46,21.46,,42377,24987,,,3.25,
QABA,First Trust NASDAQ ABA Community Bank Index Fund,Financial,First Trust,101312464.0,0.026700001,0.0300335,0.1240112,101312464.0,52.12,52.36,51.71,,9209,39315,12.712171,,2.67,
QAI,NYLI Hedge Multi-Strategy Tracker ETF,Multistrategy,New York Life Investment Management LLC,687488448.0,0.0224,0.054949798,0.0350089,687488450.0,31.75307,31.79,31.62,,21902,69020,18.163437,,2.24,
QARP,Xtrackers Russell 1000 US QARP ETF,Large Blend,Xtrackers,59256848.0,0.014099999,0.1329397,0.1556288,59256848.0,51.445,51.7939,51.57,,553,4361,20.475906,,1.41,
QAT,iShares MSCI Qatar ETF,Miscellaneous Region,iShares,81341496.0,0.0572,-0.011225801,0.0812897,81341496.0,19.16273,19.11,19.12,,17532,31263,11.9851885,,5.72,
QBER,,Nontraditional Bond,TrueShares,124790544.0,,,,124790544.0,24.7725,24.7402,24.78,,34696,54969,26.474556,,,
QBF,Innovator Uncapped Bitcoin 20 Floor ETF - Quarterly,Digital Assets,Innovator ETFs,9405708.0,,,,9405708.0,26.3309,26.7689,26.38,,2677,8341,,,,
QBIG,Invesco Top QQQ ETF,,,,,,,,,29.8562,29.59,,5227,15573,34.94712,,,
QBTX,Tradr 2X Long QBTS Daily ETF,Trading--Leveraged Equity,AXS,218448.0,,,,218448.0,21.086,126.57,111.28,,678120,325766,109.01429,,,
QBUF,Innovator Nasdaq-100 10 Buffer ETF - Quarterly,Defined Outcome,Innovator ETFs,92287296.0,,,,92287296.0,27.1969,27.3338,27.19,,3453,65187,30.517012,,,
QBUL,,Nontraditional Bond,TrueShares,57373664.0,,,,57373664.0,25.0253,25.0559,24.9615,,14095,9234,26.69629,,,
QCAP,FT Vest NASDAQ-100 Conservative Buffer ETF - April,Defined Outcome,First Trust,41211688.0,0.0,,,41211688.0,22.18,22.21,22.15,,5017,20882,,,0.0,
QCJA,FT Vest Nasdaq-100 Conservative Buffer ETF - January,Defined Outcome,First Trust,45265996.0,,,,45265996.0,19.85,19.91,19.82,,5084,24876,30.820875,,,
QCJL,FT Vest NASDAQ-100 Conservative Buffer ETF - July,Defined Outcome,First Trust,48124112.0,,,,48124112.0,21.29,21.3929,21.41,,173,25325,,,,
QCLN,First Trust NASDAQ Clean Edge Green Energy Index Fund,Miscellaneous Sector,First Trust,366160256.0,0.0114,-0.1582614,0.0381186,366160256.0,30.45,30.48,29.91,,212498,88660,20.351984,,1.14,
QCLR,Global X NASDAQ 100 Collar 95-110 ETF,Equity Hedged,Global X Funds,2218526.0,0.0064,0.13364859,,2218526.0,28.96,29.0523,28.96,,21,1482,31.202753,,0.64,
QCML,GraniteShares 2x Long QCOM Daily ETF,,,,,,,,,17.11,15.98,,16350,30500,,,,
QCOC,FT Vest Nasdaq-100 Conservative Buffer ETF – October,Defined Outcome,First Trust,33648968.0,,,,33648968.0,20.43,20.5216,20.45,,1709,9884,,,,
QCON,American Century Quality Convertible Securities ETF,Convertibles,American Century Investments,47102704.0,0.027,0.0619768,,47102704.0,46.2164,46.0736,45.98599,,9399,2344,28.665388,,2.7,
QDCC,Global X S&P 500 Quality Dividend Covered Call ETF,Derivative Income,Global X Funds,1160789.0,,,,1160789.0,23.0,23.8058,23.381,,201,650,16.912169,,,
QDEC,FT Vest Nasdaq-100 Buffer ETF – December,Defined Outcome,First Trust,486267712.0,0.0,0.1291298,,486267712.0,27.7,27.93,27.59,,30767,63347,31.196228,,0.0,
QDEF,FlexShares Quality Dividend Defensive Index Fund,Large Value,Flexshares Trust,399602656.0,0.019299999,0.1353267,0.1440135,399602656.0,70.6772,70.97,70.46,,12491,13144,21.235668,,1.93,
QDF,FlexShares Quality Dividend Index Fund,Large Value,Flexshares Trust,1705120128.0,0.020399999,0.1125109,0.1396361,1705120130.0,69.1666,69.57,69.07,,37995,45436,20.632029,,2.04,
QDIV,Global X S&P 500 Quality Dividend ETF,Large Value,Global X Funds,28406088.0,0.0304,0.04526,0.1360999,28406088.0,33.17,33.2832,32.941,,14930,3368,17.187815,,3.04,
QDPL,Pacer Metaurus US Large Cap Dividend Multiplier 400 ETF,Large Blend,Pacer,853590080.0,0.0583,0.14636481,,853590080.0,37.5163,37.7,37.38,,166920,221353,25.36493,,5.83,
QDTE,Roundhill Innovation-100 0DTE Covered Call Strategy ETF,Derivative Income,Roundhill Investments,686164544.0,0.48279998,,,686164540.0,33.4689,33.79,33.32,,399274,489455,,,48.28,
QDTY,YieldMax Nasdaq 100 0DTE Covered Call Strategy ETF,,,,,,,,,41.97,41.37,,10139,11638,27.649185,,,
QDVO,Amplify CWP Growth & Income ETF,Derivative Income,Amplify ETFs,38718896.0,,,,38718896.0,25.9715,26.205,25.98,,33695,39023,34.2661,,,
QDWN,DailyDelta Q100 Downside Option Strategy ETF,Defined Outcome,DailyDelta,256792.0,,,,256792.0,20.59,20.3063,20.09,,116,900,24.4289,,,
QEFA,SPDR MSCI EAFE StrategicFactors ETF,Foreign Large Blend,SPDR State Street Global Advisors,885384192.0,0.0279,0.1105027,0.113740794,885384190.0,84.64353,84.58,84.2551,,25739,63003,16.497488,,2.79,
QEMM,SPDR MSCI Emerging Markets StrategicFactors ETF,Diversified Emerging Mkts,SPDR State Street Global Advisors,36687564.0,0.0502,0.0594409,0.084208004,36687564.0,61.51024,61.1177,61.05,,620,2169,13.503327,,5.02,
QETH,Invesco Galaxy Ethereum ETF,Digital Assets,Invesco,15514021.0,,,,15514021.0,25.56,26.3,25.49,,81002,52371,,,,
QFLR,Innovator Nasdaq-100 Managed Floor ETF,Defined Outcome,Innovator ETFs,282807936.0,0.0004,,,282807936.0,28.0303,28.29,28.0699,,79834,101968,30.745012,,0.04,
QGRO,American Century U.S. Quality Growth ETF,Large Growth,American Century Investments,1282970496.0,0.0029,0.2158251,0.18003759,1282970500.0,103.1025,103.87,102.28,,73386,148707,31.346266,,0.29,
QGRW,Wisdomtree U.S. Quality Growth Fund,Large Growth,WisdomTree,1073251072.0,0.0016,,,1073251070.0,48.059,48.53,47.81,,801776,495215,35.002144,,0.16,
QHDG,Innovator Hedged Nasdaq-100 ETF,Equity Hedged,Innovator ETFs,9602629.0,,,,9602629.0,26.5586,26.675,26.58,,2585,3092,31.017572,,,
QHY,WisdomTree U.S. High Yield Corporate Bond Fund,High Yield Bond,WisdomTree,192811856.0,0.0653,0.057400998,0.043601498,192811856.0,45.276,45.27,45.15,,12647,18488,,,6.53,
QID,ProShares UltraShort QQQ,Trading--Inverse Equity,ProShares,282342688.0,0.0641,-0.35564768,-0.3558769,282342688.0,29.9303,29.33,30.28,,7655187,7963323,,,6.41,
QIDX,Indexperts Quality Earnings Focused ETF,Large Value,Indexperts,24814452.0,,,,24814452.0,10.19204,10.2592,10.17,,12897,24171,21.565878,,,
QIG,WisdomTree U.S. Corporate Bond Fund,Corporate Bond,WisdomTree,17679232.0,0.048499998,0.029063001,-0.0029979,17679232.0,43.75,43.92,43.8,,1,1026,,,4.85,
QINT,American Century Quality Diversified International ETF,Foreign Large Blend,American Century Investments,295071584.0,0.0308,0.12961079,0.124195606,295071584.0,56.7304,56.7983,56.33,,105907,56968,15.547883,,3.08,
QIS,Simplify Multi-Qis Alternative ETF,Multistrategy,Simplify Asset Management,96788256.0,0.0257,,,96788256.0,22.3383,22.91,22.36,,4973,8880,,-2253.08,2.57,
QJUN,FT Vest Nasdaq-100 Buffer ETF - June,Defined Outcome,First Trust,479474528.0,0.0,0.149163,,479474528.0,28.04,28.3,27.97,,2702996,106392,35.784023,,0.0,
QLC,FlexShares US Quality Large Cap Index Fund,Large Blend,Flexshares Trust,401808096.0,0.0106,0.16149111,0.16811001,401808096.0,66.4497,66.8843,66.29,,23099,48007,21.826,,1.06,
QLD,ProShares Ultra QQQ,Trading--Leveraged Equity,ProShares,6004595200.0,0.0028,0.3088705,0.2644351,6004595200.0,100.9073,102.9,99.71,,3559636,5058096,34.015965,,0.28,
QLTA,iShares Aaa - A Rated Corporate Bond ETF,Corporate Bond,iShares,1655856000.0,0.0416,0.019651001,-0.0102839,1655856000.0,46.63631,46.65,46.75,,116698,279726,,,4.16,
QLTI,GMO International Quality ETF,Foreign Large Value,GMO,35521760.0,,,,35521760.0,25.28,25.4351,25.16,,1513,21176,28.091604,,,
QLTY,GMO U.S. Quality ETF,Large Blend,GMO,1706662016.0,0.0083,,,1706662020.0,31.7678,32.11,31.65,,92344,339293,25.076563,,0.83,
QLV,FlexShares US Quality Low Volatility Index Fund,Large Blend,Flexshares Trust,129837744.0,0.0175,0.1176608,0.1334764,129837744.0,66.0205,66.2523,66.0,,1387,7584,21.186869,,1.75,
QLVD,FlexShares Developed Markets ex-US Quality Low Volatility Index Fund,Foreign Large Blend,Flexshares Trust,52993120.0,0.0273,0.1041267,0.0925419,52993120.0,30.9501,30.9642,31.01,,1719,8577,17.73797,,2.73,
QLVE,FlexShares Emerging Markets Quality Low Volatility Index Fund,Diversified Emerging Mkts,Flexshares Trust,12952967.0,0.0332,0.0649383,0.073063105,12952967.0,26.901,26.8255,26.6,,277,2439,15.514336,,3.32,
QMAG,FT Vest Nasdaq-100 Moderate Buffer ETF - August,Defined Outcome,First Trust,27543720.0,,,,27543720.0,21.24,21.3243,21.22,,115,13003,,,,
QMAR,FT Vest Nasdaq-100 Buffer ETF – March,Defined Outcome,First Trust,409965024.0,0.0,0.1444519,,409965024.0,29.61,29.77,29.55,,10535,43653,31.052767,,0.0,
QMFE,FT Vest Nasdaq-100 Moderate Buffer ETF - February,Defined Outcome,First Trust,41072352.0,,,,41072352.0,19.82,19.916,19.8,,4925,48682,31.001896,,,
QMID,Wisdomtree U.S. Midcap Quality Growth Fund,Mid-Cap Growth,WisdomTree,1240049.0,0.0126,,,1240049.0,25.634,25.7,25.4265,,11,220,20.764765,,1.26,
QMMY,FT Vest NASDAQ-100 Moderate Buffer ETF - May,Defined Outcome,First Trust,112928896.0,,,,112928896.0,22.51,22.64,22.47,,3338525,145960,,,,
QMNV,FT Vest Nasdaq-100 Moderate Buffer ETF – November,Defined Outcome,First Trust,47289492.0,,,,47289492.0,20.46,20.5565,20.420202,,1430,35585,31.029226,,,
QMOM,Alpha Architect U.S. Quantitative Momentum ETF,Mid-Cap Growth,Alpha Architect,314008896.0,0.0153,0.109052695,0.1364515,314008896.0,60.9145,60.5,60.39,,11569,44622,24.776587,,1.53,
QNXT,iShares Nasdaq-100 ex Top 30 ETF,,,,,,,,,25.35,24.97,,2363,5100,27.064762,,,
QOWZ,Invesco Nasdaq Free Cash Flow Achievers ETF,Large Growth,Invesco,14353778.0,0.0049,,,14353778.0,33.09,33.2937,33.16,,2328,3001,34.02813,,0.49,
QPFF,American Century Quality Preferred ETF,Preferred Stock,American Century Investments,67042032.0,0.0634,0.044556297,,67042032.0,34.5763,34.5585,34.39,,14120,9695,,,6.34,
QPX,AdvisorShares Q Dynamic Growth ETF,Large Blend,AdvisorShares,22575324.0,0.0,0.1666947,,22575324.0,36.334,36.4625,36.2382,,713,1866,26.300348,,0.0,
QQA,Invesco QQQ Income Advantage ETF,Derivative Income,Invesco,209052048.0,,,,209052048.0,47.41,47.79,47.39,,49072,54104,31.101362,,,
QQEW,First Trust NASDAQ-100 Equal Weighted Index Fund,Large Growth,First Trust,1731446400.0,0.0053,0.131399,0.1230581,1731446400.0,128.7,129.88,127.66,,228350,112219,27.763155,,0.53,
QQH,HCM Defender 100 Index ETF,Large Growth,Howard Capital Management,478928448.0,0.0028,0.168366,0.1736533,478928448.0,60.46,61.4,60.16,,39731,34023,32.242626,,0.28,
QQJG,Invesco ESG NASDAQ Next Gen 100 ETF,Mid-Cap Growth,Invesco,5472839.0,0.0062,0.0821385,,5472839.0,23.29,23.38,23.29,,63,733,21.189682,,0.62,
QQLV,Invesco QQQ Low Volatility ETF,,,,,,,,,25.01,24.9433,,102,2590,25.842615,,,
QQMG,Invesco ESG NASDAQ 100 ETF,Large Growth,Invesco,74339928.0,0.0054,0.2165494,,74339928.0,34.68,35.05,34.5,,9329,21766,33.283653,,0.54,
QQQ,Invesco QQQ Trust,Large Growth,Invesco,299143036928.0,0.0063,0.2098406,0.180032,299143037000.0,509.17,514.0,506.18,200182235136.0,57777609,52456076,31.934755,,0.63,
QQQA,ProShares Nasdaq-100 Dorsey Wright Momentum ETF,Large Growth,ProShares,10873522.0,0.0005,0.1002143,,10873522.0,42.9924,42.86,43.0,,1092,2966,33.815495,,0.05,
QQQD,Direxion Shares ETF Trust - Direxion Daily Magnificent 7 Bear 1X Shares,,,,,,,,,16.94,17.22,,47335,85009,,,,
QQQE,Direxion NASDAQ-100 Equal Weighted Index Shares,Large Growth,Direxion Funds,1171848960.0,0.0073,0.1335744,0.1253554,1171848960.0,92.653,93.51,92.01,,89145,261965,27.813658,,0.73,
QQQG,Pacer Nasdaq 100 Top 50 Cash Cows Growth Leaders ETF,Large Growth,Pacer,3655558.0,,,,3655558.0,21.6444,21.76,21.61,,5208,3174,36.36103,,,
QQQH,NEOS Nasdaq-100 Hedged Equity Income ETF,,,,,,,,,50.76,50.59,,19007,21869,30.618345,,,
QQQI,NEOS NASDAQ-100(R) High Income ETF,Derivative Income,Neos Funds,1326643456.0,0.153,,,1326643460.0,49.6137,49.91,49.39,,1316917,857263,31.02936,,15.3,
QQQJ,Invesco NASDAQ Next Gen 100 ETF,Mid-Cap Growth,Invesco,575797248.0,0.0074,0.0824511,,575797250.0,30.53,30.58,30.16,,138752,113123,21.015013,,0.74,
QQQM,Invesco NASDAQ 100 ETF,Large Growth,Invesco,42173755392.0,0.0064,0.2108304,,42173755000.0,209.63,211.67,208.3,,3365863,3299884,31.96516,,0.64,
QQQP,Tradr 2X Long Innovation 100 Quarterly ETF,,,,,,,,,25.9793,25.39,,7414,13123,,,,
QQQS,Invesco NASDAQ Future Gen 200 ETF,Small Blend,Invesco,7186118.0,0.0095999995,,,7186118.0,23.7,23.96,23.52,,2412,4349,,,0.96,
QQQT,Defiance Nasdaq 100 Income Target ETF,Derivative Income,Defiance ETFs,20148060.0,,,,20148060.0,17.2348,17.39,17.15,,9151,19996,31.273478,,,
QQQU,Direxion Shares ETF Trust - Direxion Daily Magnificent 7 Bull 2X Shares,,,,,,,,,38.66,37.19,,110370,171385,33.303192,,,
QQQY,Defiance Nasdaq 100 Enhanced Options & 0DTE Income ETF,Trading--Miscellaneous,Defiance ETFs,135125184.0,0.91160005,,,135125184.0,25.2524,25.44,25.13,,85633,108215,,,91.16,
QQWZ,Pacer Cash COWZ 100-Nasdaq 100 Rotator ETF,,,,,,,,,21.1672,20.93,,230,2266,,,,
QQXT,First Trust NASDAQ-100 Ex-Technology Sector Index Fund,Large Blend,First Trust,1030644672.0,0.0088,0.1142477,0.1145459,1030644670.0,96.91,97.68,96.43,,8099,237158,25.204115,,0.88,
QRFT,QRAFT AI-Enhanced U.S. Large Cap ETF,Large Blend,Exchange Traded Concepts,12739087.0,0.0055,0.1341929,0.145689,12739087.0,53.08,53.3962,52.99,,1486,6626,26.329782,,0.55,
QRMI,Global X NASDAQ 100 Risk Managed Income ETF,Derivative Income,Global X Funds,18972802.0,0.0639,0.0439985,,18972802.0,15.83,15.9,15.85,,3320,9987,29.487309,,6.39,
QSIG,WisdomTree U.S. Short-Term Corporate Bond Fund,Short-Term Bond,WisdomTree,48578416.0,0.044,0.040461503,0.0174975,48578416.0,48.49,48.48,48.5399,,311,4317,,,4.4,
QSIX,Pacer Metarus Nasdaq 100 Dividend Multiplier 600 ETF,,,,,,,,,32.68,32.4101,,748,2736,31.74332,,,
QSML,Wisdomtree U.S. Smallcap Quality Growth Fund,Small Blend,WisdomTree,7616228.0,0.0037,,,7616228.0,25.093,25.2494,25.02,,3263,2325,16.86568,,0.37,
QSPT,FT Vest Nasdaq-100 Buffer ETF – September,Defined Outcome,First Trust,376916192.0,0.0,0.171844,,376916192.0,28.02,28.1802,27.96,,6690,35723,37.78779,,0.0,
QTAP,Innovator Growth-100 Accelerated Plus ETF – April,Defined Outcome,Innovator ETFs,14279700.0,0.0,0.1730047,,14279700.0,39.9596,40.2822,39.96,,3828,12938,31.317951,,0.0,
QTEC,First Trust NASDAQ-100-Technology Sector Index Fund,Technology,First Trust,2429074688.0,0.0002,0.16402611,0.1406033,2429074690.0,191.61,193.68,189.59,,245008,387865,32.529987,,0.02,
QTJA,Innovator Growth Accelerated Plus ETF - January,Defined Outcome,Innovator ETFs,14263068.0,0.0,0.1119806,,14263068.0,25.4191,25.6221,25.45,,3119,9252,31.933073,,0.0,
QTJL,Innovator Growth Accelerated Plus ETF - July,Defined Outcome,Innovator ETFs,12404833.0,0.0,0.1751089,,12404833.0,33.6807,34.0028,33.62,,1241,4258,32.48903,,0.0,
QTOC,Innovator Growth Accelerated Plus ETF - October,Defined Outcome,Innovator ETFs,13968641.0,0.0,0.1479438,,13968641.0,29.8638,30.04,29.72,,630,5411,31.92742,,0.0,
QTOP,iShares Nasdaq Top 30 Stocks ETF,,,,,,,,,26.11,25.7,,47585,98433,34.168266,,,
QTPI,North Square RCIM Tax-Advantaged Preferred and Income Securities ETF,Preferred Stock,North Square,11627893.0,,,,11627893.0,25.01,25.0992,25.06,,0,1253,,,,
QTR,Global X NASDAQ 100 Tail Risk ETF,Equity Hedged,Global X Funds,2315499.0,0.0054,0.17453569,,2315499.0,30.66,30.9318,30.6702,,17,711,31.629713,,0.54,
QTUM,Defiance Quantum ETF,Technology,Defiance ETFs,1035281152.0,0.0073,0.2587504,0.2631569,1035281150.0,86.1357,86.92,85.0,,424933,246022,26.152107,,0.73,
QUAL,iShares MSCI USA Quality Factor ETF,Large Blend,iShares,48154574848.0,0.0108,0.15809089,0.150821,48154575000.0,173.98756,175.82,173.23,20985606144.0,1292405,1870271,26.189638,,1.08,
QUP,DailyDelta Q100 Upside Option Strategy ETF,Defined Outcome,DailyDelta,266622.0,,,,266622.0,29.95,31.3091,31.08,,56,889,37.983097,,,
QUS,SPDR MSCI USA StrategicFactors ETF,Large Blend,SPDR State Street Global Advisors,1445097472.0,0.015,0.1368043,0.14791721,1445097470.0,156.8064,157.63,156.3,,13960,27287,22.74807,,1.5,
QUSA,VistaShares Target 15 USA Quality Income ETF,Derivative Income,VistaShares Advisors LLC,,,,,,20.2893,20.449,20.34,,11091,32864,,,,
QUVU,Hartford Quality Value ETF,Large Value,Hartford Mutual Funds,166886720.0,0.0212,0.0598535,0.1262323,166886720.0,24.5769,24.6273,24.34,,4096,12366,18.627605,,2.12,
QVAL,Alpha Architect U.S. Quantitative Value ETF,Mid-Cap Value,Alpha Architect,343223680.0,0.0177,0.1045932,0.1782215,343223680.0,43.3656,43.97,43.1758,,5805,29039,11.362644,,1.77,
QVML,Invesco S&P 500 QVM Multi-factor ETF,Large Blend,Invesco,1151303680.0,0.0125,0.14854221,,1151303680.0,34.33,34.5768,34.152,,6590,6430,23.732098,,1.25,
QVMM,Invesco S&P MidCap 400 QVM Multi-factor ETF,Mid-Cap Blend,Invesco,322705056.0,0.0145000005,0.100072496,,322705056.0,27.63,27.691,27.65,,4651,2350,18.347897,,1.45,
QVMS,Invesco S&P SmallCap 600 QVM Multi-factor ETF,Small Blend,Invesco,174339168.0,0.015800001,0.053268,,174339168.0,24.5,24.6275,24.37,,6005,1288,15.714243,,1.58,
QVOY,Q3 All-Season Active Rotation ETF,Tactical Allocation,Q3 Asset Management Corporation,44261800.0,0.0058,,,44261800.0,24.86,24.8,24.78,,6634,11925,18.718554,,0.58,
QWLD,SPDR MSCI World StrategicFactors ETF,Global Large-Stock Blend,SPDR State Street Global Advisors,157120064.0,0.0168,0.1286876,0.1361759,157120064.0,130.91095,131.0703,129.97,,3294,7031,19.768242,,1.68,
QXQ,SGI Enhanced Nasdaq-100 ETF,Derivative Income,Summit Global Investments,28529556.0,,,,28529556.0,26.2073,26.46,26.1858,,1819,10125,31.375195,,,
QYLD,Global X NASDAQ 100 Covered Call ETF,Derivative Income,Global X Funds,8210208768.0,0.1149,0.0950849,0.0767386,8210208800.0,16.1,16.2,16.025,,6132515,9027146,29.47544,,11.49,
QYLG,Global X Nasdaq 100 Covered Call & Growth ETF,Derivative Income,Global X Funds,90848784.0,0.0608,0.1540537,,90848784.0,26.23,26.43,26.14,,29765,37877,30.7372,,6.08,
RAA,SMI 3Fourteen REAL Asset Allocation ETF,,,,,,,,,24.7149,24.628,,17661,346266,24.669018,,,
RAAX,VanEck Real Assets ETF,Global Moderate Allocation,VanEck,114453128.0,0.0182,0.0658307,0.1440983,114453128.0,30.67,30.288,30.14,,27893,26252,20.809437,,1.82,
RAFE,PIMCO RAFI ESG U.S. ETF PIMCO RAFI ESG U.S. ETF,Large Value,PIMCO,79022568.0,0.0188,0.0997259,0.1432088,79022568.0,35.86,36.0697,35.81,,2696,10003,19.31722,,1.88,
RATE,Global X Interest Rate Hedge ETF,Nontraditional Bond,Global X Funds,2571256.0,0.045500003,,,2571256.0,19.12,19.5065,19.301,,6583,1780,,,4.55,
RAVI,FlexShares Ultra-Short Income Fund,Ultrashort Bond,Flexshares Trust,1232169984.0,0.0517,0.046955,0.0281817,1232169980.0,75.3182,75.33,75.31,,34422,80069,,,5.17,
RAYC,Rayliant Quantamental China Equity ETF,China Region,Rayliant,17399142.0,0.0418,-0.0680255,,17399142.0,14.71,14.7327,14.66,,5992,4438,12.789468,,4.18,
RAYD,Rayliant Quantitative Developed Market Equity ETF,Global Large-Stock Blend,Rayliant,83992680.0,0.0094,0.1678952,,83992680.0,34.23,34.34,34.09,,12020,19787,21.011185,,0.94,
RAYE,Rayliant Quantamental Emerging Market Equity ETF,Diversified Emerging Mkts,Rayliant,64476392.0,0.037,0.0696844,,64476392.0,24.57,24.49,24.33,,3055,9844,12.366341,,3.7,
RAYJ,Rayliant SMDAM Japan Equity ETF,Japan Stock,Rayliant,13323425.0,0.0077,,,13323425.0,29.63,29.2,29.34,,1139,13796,18.190248,,0.77,
RAYS,Global X Solar ETF,Miscellaneous Sector,Global X Funds,3940990.0,0.0082,-0.2442806,,3940990.0,8.42,8.3453,8.26,,1455,10949,16.02162,,0.82,
RBIL,F/m Ultrashort Treasury Inflation-Protected Security (TIPS) ETF,,,,,,,,,50.15,50.17,,3338,35914,,,,
RBLD,First Trust Alerian U.S. NextGen Infrastructure ETF,Industrials,First Trust,13155525.0,0.013099999,0.1322365,0.1463055,13155525.0,68.94,69.0669,70.17,,105,993,22.995537,,1.31,
RBLU,T-Rex 2X Long RBLX Daily Target ETF,Trading--Leveraged Equity,"Tuttle Capital Management, LLC",540373.0,,,,540373.0,39.8797,39.4778,37.71,,3821,5115,,,,
RBUF,Innovator U.S. Small Cap 10 Buffer ETF - Quarterly,Defined Outcome,Innovator ETFs,43454600.0,,,,43454600.0,26.4518,26.49,26.35,,1914,16839,16.07182,,,
RCGE,RockCreek Global Equality ETF,,,,,,,,,26.0288,26.0272,,39,45516,17.269371,,,
RDFI,Rareview Dynamic Fixed Income ETF,Multisector Bond,Rareview Capital,50069688.0,0.0847,0.0701852,,50069688.0,23.13,23.0939,23.03,,4267,11192,22.714483,,8.47,
RDIV,Invesco S&P Ultra Dividend Revenue ETF,Mid-Cap Value,Invesco,749212480.0,0.0429,0.0663065,0.1695299,749212480.0,46.42,46.48,45.97,,26563,46209,14.887429,,4.29,
RDOG,ALPS REIT Dividend Dogs ETF,Real Estate,ALPS,11435333.0,0.066700004,-0.0193837,0.0656605,11435333.0,34.7,34.82,34.5106,,104,1528,21.551764,,6.67,
RDTE,Roundhill Russell 2000 0DTE Covered Call Strategy ETF,Derivative Income,Roundhill Investments,118514848.0,,,,118514848.0,33.0903,33.19,32.84,,87515,83871,,,,
RDTL,GraniteShares 2x Long RDDT Daily ETF,,,,,,,,,12.82,12.04,,774902,300123,,,,
RDTY,YieldMax Russell 2000 0DTE Covered Call Strategy ETF,Derivative Income,YieldMax ETFs,2153953.0,,,,2153953.0,43.9788,44.38,43.7464,,3528,6503,,,,
RDVI,FT Vest Rising Dividend Achievers Target Income ETF,Derivative Income,First Trust,1767776640.0,0.044299997,,,1767776640.0,23.58,23.82,23.59,,311288,583528,15.106448,,4.43,
RDVY,First Trust Rising Dividend Achievers ETF,Large Value,First Trust,13332111360.0,0.0176,0.1218055,0.1771265,13332111400.0,59.41,59.97,59.08,,964163,1117455,15.291459,,1.76,
REAI,Intelligent Real Estate ETF,Real Estate,Armada ETF,2824907.0,0.038599998,,,2824907.0,18.6932,18.78,20.08,,170,2212,23.269537,,3.86,
RECS,Columbia Research Enhanced Core ETF,Large Blend,Columbia Threadneedle,2461868544.0,0.0073,0.1501926,0.17320709,2461868540.0,34.31,34.57,34.1,,253858,840938,22.388765,,0.73,
REET,iShares Global REIT ETF,Global Real Estate,iShares,3825295616.0,0.0358,0.0109568,0.0758578,3825295620.0,24.18368,24.1,24.07,,618632,797039,25.986092,,3.58,
REGL,ProShares S&P MidCap 400 Dividend Aristocrats ETF,Small Value,ProShares,1691063168.0,0.025999999,0.0769552,0.1279872,1691063170.0,80.2216,80.29,79.56,,32328,88222,17.622425,,2.6,
REIT,ALPS Active REIT ETF,Real Estate,ALPS,43733092.0,0.031,0.026477398,,43733092.0,26.0451,26.11,26.1,,3896,14014,31.244625,,3.1,
REK,ProShares Short Real Estate,Trading--Inverse Equity,ProShares,11840971.0,0.061100002,0.0128098,-0.0705386,11840971.0,17.4023,17.41,17.43,,63542,19038,,,6.11,
REKT,Direxion Daily Crypto Industry Bear 1X Shares ETF,Trading--Inverse Equity,Direxion Funds,3250419.0,,,,3250419.0,23.121,22.59,23.0,,11413,2842,,,,
REM,iShares Mortgage Real Estate Capped ETF,Real Estate,iShares,565596224.0,0.096099995,-0.023887802,0.0695647,565596220.0,20.80937,20.77,20.61,,943922,662379,13.3852415,,9.61,
REMX,VanEck Rare Earth and Strategic Metals ETF,Equity Precious Metals,VanEck,261878208.0,0.026400002,-0.2740152,0.047660798,261878208.0,37.43,37.27,37.19,,76333,166784,19.362537,,2.64,
RETL,Direxion Daily Retail Bull 3X Shares,Trading--Leveraged Equity,Direxion Funds,34447500.0,0.0189,-0.0809583,0.093186796,34447500.0,7.006,7.26,6.78,,333319,736331,17.688995,,1.89,
REVS,Columbia Research Enhanced Value ETF,Large Value,Columbia Threadneedle,68616504.0,0.019199999,0.10150871,0.1500257,68616504.0,24.99,25.07,24.92,,2596,14374,17.409021,,1.92,
REW,ProShares UltraShort Technology,Trading--Inverse Equity,ProShares,5130981.0,0.0537,-0.3779752,-0.392054,5130981.0,9.2937,9.07,9.41,,54167,66544,,,5.37,
REZ,iShares Residential and Multisector Real Estate ETF,Real Estate,iShares,820814976.0,0.0226,0.0211854,0.101479195,820814980.0,81.17275,81.01,81.25,,44685,78584,36.79224,,2.26,
RFCI,RiverFront Dynamic Core Income ETF,Corporate Bond,ALPS,21309784.0,0.044299997,0.0282556,-0.00060230005,21309784.0,22.17,22.1434,22.1648,,318,2949,,,4.43,
RFDA,RiverFront Dynamic US Dividend Advantage ETF,Large Value,ALPS,68370576.0,0.0254,0.0888293,0.1472823,68370576.0,53.72,53.96,53.45,,1196,5819,18.567738,,2.54,
RFDI,First Trust RiverFront Dynamic Developed International ETF,Foreign Large Value,First Trust,110812912.0,0.047399998,0.1022105,0.114504404,110812912.0,71.38,71.0902,71.06,,7675,11693,12.896946,,4.74,
RFEM,First Trust RiverFront Dynamic Emerging Markets ETF,Diversified Emerging Mkts,First Trust,29404784.0,0.0352,0.0913339,0.1025907,29404784.0,68.49,68.06,68.12,,372,4233,12.175257,,3.52,
RFEU,First Trust RiverFront Dynamic Europe ETF,Europe Stock,First Trust,6597101.0,0.048800003,0.0605183,0.0938783,6597101.0,68.67,68.4502,68.6186,,108,315,12.641456,,4.88,
RFFC,ALPS Active Equity Opportunity ETF,Large Blend,ALPS,21924424.0,0.0095999995,0.1279483,0.1498428,21924424.0,56.94,57.2466,56.85,,691,11920,24.778545,,0.96,
RFG,Invesco S&P MidCap 400 Pure Growth ETF,Mid-Cap Growth,Invesco,271576512.0,0.0033000002,0.1086405,0.1126361,271576512.0,47.04,46.96,46.62,,2388,18855,20.572468,,0.33,
RFIX,Simplify Bond Bull ETF,Inflation-Protected Bond,Simplify Asset Management,151940400.0,,,,151940400.0,47.2993,47.69,48.45,,200327,91428,,,,
RFLR,Innovator U.S. Small Cap Managed Floor ETF,Defined Outcome,Innovator ETFs,19042260.0,,,,19042260.0,24.1595,24.1932,24.14,,999,7549,15.9803,,,
RFV,Invesco S&P MidCap 400 Pure Value ETF,Small Value,Invesco,229863344.0,0.0174,0.105970204,0.2137302,229863344.0,115.19,115.2087,113.53,,4121,8857,13.013521,,1.74,
RGEF,Rockefeller Global Equity ETF,Global Large-Stock Blend,Rockefeller Asset Management,645728320.0,,,,645728320.0,26.3911,26.4572,26.4,,208,8306,21.252876,,,
RGTX,Defiance Daily Target 2X Long RGTI ETF,,,,,,,,,46.98,41.44,,2000642,450402,,,,
RHRX,RH Tactical Rotation ETF,Tactical Allocation,Adaptive ETF,13971812.0,0.0,0.084866196,0.0863061,13971812.0,15.42462,15.5342,15.4,,2702,4288,23.022018,,0.0,
RHTX,RH Tactical Outlook ETF,Tactical Allocation,Adaptive ETF,8221089.0,0.0,0.0629093,0.0733665,8221089.0,15.93761,16.0377,15.9,,2832,682,21.749645,,0.0,
RIET,Hoya Capital High Dividend Yield ETF,Real Estate,Hoya Capital Real Estate,85745408.0,0.1086,-0.0240287,,85745408.0,9.1761,9.14,9.15,,59400,132569,16.875776,,10.86,
RIFR,Global Infrastructure Active ETF,,,,,,,,,24.6644,24.85,,1118,1712,,,,
RIGS,RiverFront Strategic Income Fund,Multisector Bond,ALPS,88849080.0,0.0471,0.0362962,0.026710998,88849080.0,22.7,22.6431,22.85,,21516,58923,,,4.71,
RILA,Indexperts Gorilla Aggressive Growth ETF,Large Growth,Indexperts,25577792.0,,,,25577792.0,10.43771,10.5028,10.37,,9232,26066,34.866467,,,
RINC,AXS Real Estate Income ETF,Real Estate,AXS,34303224.0,0.111,,,34303224.0,20.8936,20.058,19.96,,3915,4066,13.117009,,11.1,
RINF,ProShares Inflation Expectations ETF,Nontraditional Bond,ProShares,19695050.0,0.045500003,0.0449384,0.099203594,19695050.0,33.1312,33.2662,33.14,,18414,10574,,,4.55,
RING,iShares MSCI Global Gold Miners ETF,Equity Precious Metals,iShares,1427630336.0,0.0098,0.1973558,0.096691504,1427630340.0,42.45465,41.325,42.2,488635008.0,168635,434880,17.616337,,0.98,
RINT,International Developed Equity Active ETF,,,,,,,,,25.7785,25.83,,408,3462,,,,
RIOX,Defiance Daily Target 2X Long RIOT ETF,Trading--Leveraged Equity,Defiance ETFs,14069338.0,,,,14069338.0,10.1123,10.08,9.41,,586450,462409,,,,
RISN,Inspire Tactical Balanced ETF,Tactical Allocation,Inspire,75535096.0,0.0128999995,0.0480154,,75535096.0,26.43,26.494,26.42,,1246,6646,18.295183,,1.29,
RISR,FolioBeyond Alternative Income and Interest Rate Hedge ETF,Nontraditional Bond,FolioBeyond,151076464.0,0.0561,0.117915094,,151076464.0,37.101,37.19,36.97,,30113,65685,,,5.61,
RITA,ETFB Green SRI REITs ETF,Real Estate,Rita ETF,7104216.0,0.0297,-0.0069723,,7104216.0,18.811,18.8713,18.71,,458,1828,29.591803,,2.97,
RJMG,FT Raymond James Multicap Growth Equity ETF,Large Growth,First Trust,11961185.0,0.0,,,11961185.0,22.58,23.2269,22.85,,2,4177,29.68086,,0.0,
RKLX,Defiance Daily Target 2X Long RKLB ETF,,,,,,,,,32.84,31.43,,236727,92809,,,,
RLY,SPDR SSgA Multi-Asset Real Return ETF,Global Moderate Allocation,SPDR State Street Global Advisors,476930624.0,0.0309,0.0166529,0.1265699,476930624.0,28.673,28.4,28.49,,76682,86187,17.400673,,3.09,
RMCA,Rockefeller California Municipal Bond ETF,Muni California Long,Rockefeller Asset Management,14441066.0,,,,14441066.0,23.8044,23.9703,23.83,,2,1314,,,,
RMIF,LHA Risk-Managed Income ETF,Multisector Bond,Little Harbor Advisors,35008168.0,0.0656,,,35008168.0,24.7295,24.71,24.71,,2462,2560,,,6.56,
RMNY,Rockefeller New York Municipal Bond ETF,Muni New York Long,Rockefeller Asset Management,12103999.0,,,,12103999.0,23.9661,23.9161,23.98,,1000,7790,,,,
RMOP,Rockefeller Opportunistic Municipal Bond ETF,High Yield Muni,Rockefeller Asset Management,157237680.0,,,,157237680.0,24.3817,24.3303,24.367,,2000,47247,,,,
RND,First Trust Bloomberg R&D Leaders ETF,Large Blend,First Trust,2314051.0,0.0005,,,2314051.0,24.7,25.1638,24.79,,273,485,34.14355,,0.05,
RNEM,First Trust Emerging Markets Equity Select ETF,Diversified Emerging Mkts,First Trust,15981256.0,0.0319,0.091529995,0.0976711,15981256.0,55.27,54.4852,54.765,,552,2884,15.258895,,3.19,
RNEW,VanEck Green Infrastructure ETF,Infrastructure,VanEck,1769798.0,0.0085,,,1769798.0,24.61,25.02,23.88,,1222,1331,24.945488,,0.85,
RNIN,Bushido Capital US SMID Cap Equity ETF,,,,,,,,,24.7064,24.51,,30169,70500,,,,
RNRG,Global X Renewable Energy Producers ETF,Equity Energy,Global X Funds,22637588.0,0.0145000005,-0.1403511,-0.0577133,22637588.0,9.12,9.0,9.0399,,3957,17947,15.379647,,1.45,
RNTY,Tidal Trust II - YieldMax Target 12 Real Estate Option Income ETF,,,,,,,,,51.3446,51.105,,490,830,,,,
RNWZ,TrueShares Eagle Global Renewable Energy Income ETF,Equity Energy,TrueShares,2292241.0,0.020399999,,,2292241.0,23.4168,22.73,23.74,,4,533,11.914425,,2.04,
ROAM,Hartford Multifactor Emerging Markets ETF,Diversified Emerging Mkts,Hartford Mutual Funds,32204620.0,0.0397,0.101908,0.1166546,32204620.0,25.162,25.0128,25.09,,2807,6984,10.866173,,3.97,
ROBN,T-REX 2X Long HOOD Daily Target ETF,Trading--Leveraged Equity,"Tuttle Capital Management, LLC",77833384.0,,,,77833384.0,25.0299,26.45,24.67,,988523,2249931,,,,
ROBO,Robo Global Robotics and Automation Index ETF,Global Small/Mid Stock,Robo Global,905894592.0,0.006,0.0443711,0.0640336,905894590.0,55.72,56.01,54.96,1076393472.0,50369,76974,24.939594,,0.6,
ROBT,First Trust Nasdaq Artificial Intelligence and Robotics ETF,Technology,First Trust,423947680.0,0.0074,0.0348236,0.059509903,423947680.0,44.15,44.57,43.63,,24316,59868,26.310226,,0.74,
RODE,Hartford Multifactor Diversified International ETF,Foreign Large Value,Hartford Mutual Funds,19346652.0,0.047199998,0.10290749,0.1257763,19346652.0,31.1839,31.0366,31.105,,359,550,10.5398855,,4.72,
RODM,Hartford Multifactor Developed Markets (ex-US) ETF,Foreign Large Value,Hartford Mutual Funds,1100174080.0,0.0359,0.1134981,0.1201414,1100174080.0,33.5428,33.34,33.26,,91421,125039,14.377032,,3.59,
ROE,Astoria US Equal Weight Quality Kings ETF,Large Value,Astoria Capital Partners L P,161386000.0,0.0104,,,161386000.0,30.4602,30.58,30.28,,16321,32741,17.866892,,1.04,
ROIS,Hartford Multifactor International Small Company ETF,Foreign Small/Mid Value,Hartford Mutual Funds,5275177.0,0.0433,,,5275177.0,55.086,50.0411,49.94,,1,84,9.777451,,4.33,
ROKT,SPDR Kensho Final Frontiers ETF,Industrials,SPDR State Street Global Advisors,18567356.0,0.0064999997,0.1633048,0.1572642,18567356.0,56.95605,57.3237,57.14,,657,1628,27.18202,,0.65,
ROM,ProShares Ultra Technology,Trading--Leveraged Equity,ProShares,527963232.0,0.0029,0.24027781,0.24885401,527963232.0,61.4491,62.95,60.84,,121928,88719,38.015366,,0.29,
ROMO,Strategy Shares Newfound/ReSolve Robust Momentum ETF,Moderately Aggressive Allocation,Strategy Shares,34669272.0,0.0078,0.0764185,0.0866861,34669272.0,30.97,30.9377,30.95,,2182,3539,16.850142,,0.78,
ROPE,Coastal Compass 100 ETF,Systematic Trend,Coastal Funds,1644191.0,,,,1644191.0,24.3206,24.3445,24.29,,170,542,19.129763,,,
RORO,ATAC US Rotation ETF,Tactical Allocation,ATAC Fund,3864152.0,0.045300003,0.0227117,,3864152.0,14.2841,14.4299,14.27,,4235,1377,25.602812,,4.53,
ROSC,Hartford Multifactor Small Cap ETF,Small Value,Hartford Mutual Funds,32084988.0,0.0226,0.064083196,0.1342526,32084988.0,40.0988,40.2499,39.73,,1949,2723,12.95375,,2.26,
ROUS,Hartford Multifactor US Equity ETF,Large Value,Hartford Mutual Funds,434494176.0,0.0171,0.1216148,0.14334561,434494176.0,51.6205,51.85,51.29,,8800,41444,18.451956,,1.71,
RPAR,RPAR Risk Parity ETF,Moderately Conservative Allocation,Evoke,511732608.0,0.025899999,0.0029910002,0.0129983,511732608.0,19.3559,19.21,19.251,,4987,65947,15.951135,,2.59,
RPG,Invesco S&P 500 Pure Growth ETF,Large Growth,Invesco,1475568000.0,0.003,0.1156166,0.1213152,1475568000.0,42.28,42.4,41.79,,255400,484838,24.510061,,0.3,
RPHS,Regents Park Hedged Market Strategy ETF,Moderately Conservative Allocation,Regents Park Funds,49960992.0,0.038399998,0.0668984,,49960992.0,9.89,9.9372,9.8645,,6559,13539,24.2876,,3.84,
RPV,Invesco S&P 500 Pure Value ETF,Mid-Cap Value,Invesco,1277359360.0,0.023599999,0.0578853,0.17500031,1277359360.0,89.67,89.97,89.22,,150921,229392,14.295683,,2.36,
RSBA,Return Stacked Bonds & Merger Arbitrage ETF,Miscellaneous Allocation,Return stacked ETFs,19164328.0,,,,19164328.0,20.3907,20.3941,20.4,,6587,13596,49.223873,,,
RSBT,Return Stacked Bonds & Managed Futures ETF,Miscellaneous Allocation,Return stacked ETFs,85083800.0,0.0,,,85083800.0,15.7214,15.675,15.71,,11647,38960,,,0.0,
RSBY,Return Stacked Bonds & Futures Yield ETF,Miscellaneous Allocation,Return stacked ETFs,99574904.0,,,,99574904.0,15.2692,15.315,15.37,,4384,11225,19.53827,,,
RSDE,FT Vest U.S. Equity Equal Weight Buffer ETF - December,Defined Outcome,First Trust,18687156.0,,,,18687156.0,20.12,20.1646,20.1999,,2485,8495,20.798122,,,
RSEE,Rareview Systematic Equity ETF,Equity Hedged,Rareview Capital,51155360.0,0.0105,0.0912294,,51155360.0,28.19,28.3008,27.88,,3527,14419,21.27021,,1.05,
RSHO,Tema American Reshoring ETF,Industrials,Tema Global Limited,132093096.0,0.00059999997,,,132093096.0,37.1318,37.33,36.68,,10778,61274,24.897425,,0.06,
RSJN,FT Vest U.S. Equity Equal Weight Buffer ETF - June,Defined Outcome,First Trust,24850624.0,,,,24850624.0,31.74,31.8526,31.62,,3829,11787,20.748617,,,
RSMC,Rockefeller U.S. Small-Mid Cap ETF,Mid-Cap Growth,Rockefeller Asset Management,695514880.0,,,,695514880.0,25.1033,25.22,25.01,,1262,14796,22.181683,,,
RSMR,FT Vest U.S. Equity Equal Weight Buffer ETF - March,Defined Outcome,First Trust,5931523.0,,,,5931523.0,20.2,20.2309,20.12,,4064,12211,,,,
RSMV,Relative Strength Managed Volatility Strategy ETF,Large Growth,Teucrium,68157272.0,,,,68157272.0,23.4215,23.5252,23.3922,,29183,45425,24.00729,,,
RSP,Invesco S&P 500 Equal Weight ETF,Large Blend,Invesco,69971255296.0,0.0166,0.0863982,0.1447112,69971255000.0,174.39,175.03,173.215,27117553664.0,11013362,9967800,21.017225,,1.66,
RSPA,Invesco S&P 500 Equal Weight Income Advantage ETF,Derivative Income,Invesco,296585824.0,,,,296585824.0,48.06,48.32,47.96,,49242,37698,20.709665,,,
RSPC,Invesco S&P 500 Equal Weight Communication Services ETF,Communications,Invesco,60883600.0,0.0106,0.0795999,0.0971953,60883600.0,35.98,36.0125,35.76,,3048,12374,18.89423,,1.06,
RSPD,Invesco S&P 500 Equal Weight Consumer Discretionary ETF,Consumer Cyclical,Invesco,193316160.0,0.0101,0.11705401,0.13933569,193316160.0,50.96,51.61,50.43,,21503,87749,18.074066,,1.01,
RSPE,Invesco ESG S&P 500 Equal Weight ETF,Large Value,Invesco,27679646.0,0.016900001,0.0830172,,27679646.0,26.14,26.2785,26.01,,982,8295,20.346851,,1.69,
RSPF,Invesco S&P 500 Equal Weight Financials ETF,Financial,Invesco,296670656.0,0.0175,0.1076809,0.1835116,296670656.0,72.06,72.22,71.2,,2087,15000,16.331121,,1.75,
RSPG,Invesco S&P 500 Equal Weight Energy ETF,Equity Energy,Invesco,430714656.0,0.0278,0.0278493,0.24413231,430714656.0,72.35,72.15,71.25,,56726,81363,14.788471,,2.78,
RSPH,Invesco S&P 500 Equal Weight Health Care ETF,Health,Invesco,753873920.0,0.0076,0.007377,0.0600909,753873920.0,28.17,28.26,28.05,,59969,88036,23.170675,,0.76,
RSPM,Invesco S&P 500 Equal Weight Materials ETF,Natural Resources,Invesco,172094064.0,0.0221,-0.0162724,0.1298886,172094064.0,31.63,31.77,31.44,,25260,31274,23.531322,,2.21,
RSPN,Invesco S&P 500 Equal Weight Industrials ETF,Industrials,Invesco,572501248.0,0.0101,0.16189039,0.1991247,572501250.0,51.59,51.86,51.4,,29049,88573,24.574085,,1.01,
RSPR,Invesco S&P 500 Equal Weight Real Estate ETF,Real Estate,Invesco,110173944.0,0.025899999,0.0124339,0.1038534,110173944.0,34.05,34.1056,33.985,,10053,16555,33.430477,,2.59,
RSPS,Invesco S&P 500 Equal Weight Consumer Staples ETF,Consumer Defensive,Invesco,268126512.0,0.028199999,-0.0035141,0.0536488,268126512.0,30.07,30.02,29.98,,40776,65544,19.501986,,2.82,
RSPT,Invesco S&P 500 Equal Weight Technology ETF,Technology,Invesco,3065643520.0,0.0047999998,0.1442358,0.1537621,3065643520.0,37.12,37.41,36.75,,401842,479971,27.553667,,0.48,
RSPU,Invesco S&P 500 Equal Weight Utilities ETF,Utilities,Invesco,435501344.0,0.024500001,0.0881442,0.124911204,435501344.0,71.36,70.55,70.94,,85303,51195,19.053228,,2.45,
RSSB,Return Stacked Global Stocks & Bonds ETF,Miscellaneous Allocation,Return stacked ETFs,259775632.0,0.0093,,,259775632.0,24.2482,24.25,24.21,,10494,50728,19.985588,,0.93,
RSSE,FT Vest U.S. Equity Equal Weight Buffer ETF - September,Defined Outcome,First Trust,20441260.0,,,,20441260.0,19.83,20.1702,19.8801,,679,8912,,,,
RSSL,Global X Russell 2000 ETF,Small Blend,Global X Funds,1415840896.0,,,,1415840900.0,79.6,79.85,78.79,,6699,10923,16.43919,,,
RSST,Return Stacked U.S. Stocks & Managed Futures ETF,Miscellaneous Allocation,Return stacked ETFs,229214672.0,0.0011,,,229214672.0,21.5507,21.71,21.495,,69787,98522,24.750565,,0.11,
RSSY,,Miscellaneous Allocation,Return stacked ETFs,111087448.0,,,,111087448.0,16.8523,17.07,16.7,,6667,22042,24.10319,,,
RTAI,Rareview Tax Advantaged Income ETF,Muni National Long,Rareview Capital,17873296.0,0.0594,0.0341196,,17873296.0,20.27,20.69,20.67,,15,1693,,,5.94,
RTH,VanEck Retail ETF,Consumer Cyclical,VanEck,236578864.0,0.0076,0.1676063,0.1415209,236578864.0,231.76,233.607,230.74,,3734,6550,25.852684,,0.76,
RTRE,Rareview Total Return Bond ETF,Intermediate Core-Plus Bond,Rareview Capital,38006936.0,,,,38006936.0,24.57,24.5496,24.57,,1746,6314,10.103458,,,
RULE,Adaptive Core ETF,Moderate Allocation,Mohrfunds,12397087.0,0.0,0.016758699,,12397087.0,21.36,21.7441,21.42,,282,10401,27.337248,,0.0,
RUNN,Running Oak Efficient Growth ETF,Mid-Cap Blend,Running Oak Capital LLC,321413632.0,0.004,,,321413632.0,32.76,32.985,32.615,,27937,57573,27.152431,,0.4,
RUSC,U.S. Small Cap Equity Active ETF,,,,,,,,,25.9787,25.88,,176,2000,,,,
RVER,Trenchless Fund ETF,Mid-Cap Growth,River1 Asset Management LLC,71696680.0,0.0,,,71696680.0,29.2208,29.62,29.2301,,3308,12649,23.9185,,0.0,
RVNL,GraniteShares 2x Long RIVN Daily ETF,,,,,,,,,49.11,46.63,,4042,5770,,,,
RVNU,Xtrackers Municipal Infrastructure Revenue Bond ETF,Muni National Long,Xtrackers,132981504.0,0.0327,0.0179941,-0.0026932,132981504.0,24.012,23.84,23.94,,8187,41744,,,3.27,
RVRB,Reverb ETF,Large Blend,Reverb ETF,4340140.0,0.020299999,,,4340140.0,30.2296,29.6608,29.55,,8,173,25.642353,,2.03,
RWJ,Invesco S&P SmallCap 600 Revenue ETF,Small Value,Invesco,1396805376.0,0.0136,0.050275303,0.20451559,1396805380.0,40.71,41.03,40.23,,72742,242793,12.819601,,1.36,
RWK,Invesco S&P MidCap 400 Revenue ETF,Mid-Cap Value,Invesco,758859840.0,0.0128,0.1119116,0.190553,758859840.0,111.4,111.53,109.8,,10856,34861,15.456886,,1.28,
RWL,Invesco S&P 500 Revenue ETF,Large Value,Invesco,5211559424.0,0.0148,0.1219089,0.16899161,5211559400.0,99.35,99.89,98.87,,109735,247738,18.705484,,1.48,
RWM,ProShares Short Russell2000,Trading--Inverse Equity,ProShares,201750896.0,0.048,-0.0343149,-0.104403496,201750896.0,20.2265,20.15,20.52,,16266215,9787961,,,4.8,
RWO,SPDR Dow Jones Global Real Estate ETF,Global Real Estate,SPDR State Street Global Advisors,1092473856.0,0.037,0.0062413,0.0698331,1092473860.0,43.37094,43.19,43.14,,28106,82269,26.756353,,3.7,
RWR,SPDR Dow Jones REIT ETF,Real Estate,SPDR State Street Global Advisors,1837698816.0,0.0394,0.019837199,0.091307096,1837698820.0,94.98139,95.03,94.83,2468251904.0,173073,245992,33.107506,,3.94,
RWX,SPDR Dow Jones International Real Estate ETF,Global Real Estate,SPDR State Street Global Advisors,271610688.0,0.0382,-0.018540401,0.0329823,271610688.0,26.30932,26.15,26.17,,9360,121682,17.637222,,3.82,
RXD,ProShares UltraShort Health Care,Trading--Inverse Equity,ProShares,1586484.0,0.040599998,0.0169488,-0.1227357,1586484.0,13.052,12.996,13.22,,11470,15882,,,4.06,
RXI,iShares Global Consumer Discretionary ETF,Consumer Cyclical,iShares,241037248.0,0.0111,0.144344,0.1203823,241037248.0,187.54868,188.7922,187.0,,12018,16217,20.010315,,1.11,
RXL,ProShares Ultra Health Care,Trading--Leveraged Equity,ProShares,75188128.0,0.012999999,-0.0500856,0.061009597,75188128.0,38.0847,38.2618,37.74,,5409,13334,21.527233,,1.3,
RYLD,Global X Russell 2000 Covered Call ETF,Derivative Income,Global X Funds,1293669632.0,0.066,-0.0054378,0.063331395,1293669630.0,14.31,14.32,14.18,,899100,759366,15.521444,,6.6,
RYLG,Global X Russell 2000 Covered Call & Growth ETF,Derivative Income,Global X Funds,6580924.0,0.0714,,,6580924.0,20.14,20.2187,19.97,,7304,5411,15.974486,,7.14,
RYSE,Cboe Vest 10 Year Interest Rate Hedge ETF,Nontraditional Bond,CBOE Vest,1706277.0,0.027,,,1706277.0,24.0107,23.9384,24.07,,15,733,,,2.7,
RZG,Invesco S&P SmallCap 600 Pure Growth ETF,Small Growth,Invesco,99150952.0,0.0082,0.0770924,0.1039586,99150952.0,48.05,48.1641,47.95,,1479,10511,17.883596,,0.82,
RZV,Invesco S&P SmallCap 600 Pure Value ETF,Small Value,Invesco,186183264.0,0.015800001,0.0384321,0.1942499,186183264.0,96.8,97.6217,95.99,,3095,6092,10.264332,,1.58,
SAA,ProShares Ultra SmallCap600,Trading--Leveraged Equity,ProShares,24883264.0,0.0191,-0.0321352,0.13885319,24883264.0,20.0645,20.3053,19.45,,1295,8677,16.835665,,1.91,
SAEF,Schwab Ariel ESG ETF,Mid-Cap Blend,Schwab ETFs,22149208.0,0.0044,0.0500239,,22149208.0,23.91,24.0047,23.7,,7711,4357,1.6557074,,0.44,
SAGP,Strategas Global Policy Opportunities ETF,Global Small/Mid Stock,"Strategas Asset Management, LLC",44975160.0,0.0069,0.1077594,,44975160.0,31.17,31.2424,31.12,,9668,5792,23.273163,,0.69,
SAMM,Strategas Macro Momentum ETF,Large Blend,"Strategas Asset Management, LLC",14466091.0,0.0078,,,14466091.0,25.83,25.6262,25.73,,450,2765,19.08036,,0.78,
SAMT,Strategas Macro Thematic Opportunities ETF,Large Blend,"Strategas Asset Management, LLC",145029520.0,0.0139,0.1106738,,145029520.0,31.79,31.5891,31.35,,3396,30226,25.899,,1.39,
SARK,Tradr 1X Short Innovation Daily ETF,Trading--Inverse Equity,AXS,45237336.0,0.1287,-0.2772317,,45237336.0,45.39,45.19,46.27,,190611,387107,,,12.87,
SATO,Invesco Alerian Galaxy Crypto Economy ETF,Digital Assets,Invesco,9021643.0,0.2022,0.3351127,,9021643.0,17.92,18.4485,17.93,,10343,13066,11.76722,,20.22,
SAUG,FT Vest U.S. Small Cap Moderate Buffer ETF - August,Defined Outcome,First Trust,95552040.0,0.0,,,95552040.0,22.64,22.7,22.5615,,5687,19898,16.058325,,0.0,
SAWG,AAM Sawgrass U.S. Large Cap Quality Growth ETF,Large Blend,AAM,1868673.0,,,,1868673.0,19.396,18.6589,19.38,,113,326,30.210104,,,
SAWS,AAM Sawgrass U.S. Small Cap Quality Growth ETF,Small Growth,AAM,936712.0,,,,936712.0,19.2248,19.237,19.12,,501,577,23.653719,,,
SBAR,Simplify Barrier Income ETF,Equity Hedged,Simplify Asset Management,28519140.0,,,,28519140.0,25.5274,25.45,25.61,,6437,8746,,,,
SBB,ProShares Short SmallCap600,Trading--Inverse Equity,ProShares,5525652.0,0.0435,-0.0207749,-0.122400306,5525652.0,15.9802,15.92,16.04,,1347,7385,,-799.53,4.35,
SBIO,ALPS Medical Breakthroughs ETF,Health,ALPS,84526208.0,0.0396,0.036714498,-0.0695489,84526208.0,28.68,28.6352,28.14,,5737,15638,,,3.96,
SBIT,Proshares Ultrashort Bitcoin ETF,Digital Assets,ProShares,57422160.0,0.012,,,57422160.0,6.8958,6.59,6.89,,10614294,7591485,,,1.2,
SBND,Columbia Short Duration Bond ETF,Short-Term Bond,Columbia Threadneedle,54008808.0,0.0465,0.0442379,,54008808.0,18.55,18.5295,18.55,,380693,24133,,,4.65,
SCAP,Infrastructure Capital Small Cap Income ETF,Small Value,InfraCap,12914774.0,0.072,,,12914774.0,31.9429,31.89,32.025,,1105,2409,15.349747,,7.2,
SCC,ProShares UltraShort Consumer Discretionary,Trading--Inverse Equity,ProShares,5342390.0,0.0547,-0.2984999,-0.2510185,5342390.0,9.6026,9.41,9.78,,40102,78271,,,5.47,
SCCR,Schwab Core Bond ETF,Intermediate Core Bond,Schwab ETFs,168267632.0,,,,168267632.0,25.03,25.06,25.07,,54705,123190,,,,
SCDS,JPMorgan Fundamental Data Science Small Core ETF,Small Blend,JPMorgan,5845172.0,,,,5845172.0,50.4614,50.7309,50.4566,,1,438,15.892319,,,
SCDV,Bahl & Gaynor Small Cap Dividend ETF,Small Value,Bahl & Gaynor Inc.,97100576.0,,,,97100576.0,22.575,22.4667,22.41,,19012,6087,27.83132,,,
SCEC,Sterling Capital Enhanced Core Bond ETF,Intermediate Core-Plus Bond,Sterling Capital Funds,351087872.0,,,,351087872.0,24.69,24.75,24.7662,,89679,348070,,,,
SCHA,Schwab U.S. Small-Cap ETF,Small Blend,Schwab ETFs,15697094656.0,0.0172,0.0650531,0.1078216,15697094700.0,23.91,23.96,23.57,,1938762,3998687,16.857565,,1.72,
SCHB,Schwab U.S. Broad Market ETF,Large Blend,Schwab ETFs,30780430336.0,0.013300001,0.1457874,0.1558595,30780430300.0,22.32,22.47,22.19,,4583282,5978047,24.459803,,1.33,
SCHC,Schwab International Small-Cap Equity ETF,Foreign Small/Mid Blend,Schwab ETFs,4087184896.0,0.033800002,0.074773304,0.103796,4087184900.0,39.72,39.39,39.31,,207835,555974,15.34532,,3.38,
SCHD,Schwab U.S. Dividend Equity ETF,Large Value,Schwab ETFs,66914000896.0,0.0403,0.046623703,0.12789449,66914001000.0,25.87,25.96,25.79,,16017776,18752550,15.553142,,4.03,
SCHE,Schwab Emerging Markets Equity ETF,Diversified Emerging Mkts,Schwab ETFs,9425272832.0,0.0292,0.0778185,0.0883936,9425272800.0,29.19,29.06,28.99,,669591,1287573,15.165954,,2.92,
SCHF,Schwab International Equity ETF,Foreign Large Blend,Schwab ETFs,45219958784.0,0.0293,0.108786695,0.123084895,45219959000.0,21.35,21.31,21.19,,8302262,11941742,16.316462,,2.93,
SCHG,Schwab U.S. Large-Cap Growth ETF,Large Growth,Schwab ETFs,37470777344.0,0.0044,0.2197353,0.182274,37470777000.0,26.95,27.24,26.82,,10514816,13691349,33.530895,,0.44,
SCHH,Schwab U.S. REIT ETF,Real Estate,Schwab ETFs,7740255232.0,0.0318,0.0099192,0.0735098,7740255200.0,20.73,20.72,20.68,,6241776,7288533,31.48306,,3.18,
SCHI,Schwab 5-10 Year Corporate Bond ETF,Corporate Bond,Schwab ETFs,8426639360.0,0.0507,0.039034702,0.0085474,8426639400.0,22.24,22.2,22.26,,1372295,1298960,,,5.07,
SCHJ,Schwab 1-5 Year Corporate Bond ETF,Short-Term Bond,Schwab ETFs,514416256.0,0.0414,0.0421367,0.020193301,514416256.0,24.6,24.58,24.63,,52351,102923,,,4.14,
SCHK,Schwab 1000 ETF,Large Blend,Schwab ETFs,3890748160.0,0.0128,0.1497635,0.1571866,3890748160.0,27.94,28.12,27.78,,804284,916996,24.794966,,1.28,
SCHM,Schwab U.S. Mid-Cap ETF,Mid-Cap Blend,Schwab ETFs,10630632448.0,0.0152,0.0772294,0.1175548,10630632400.0,26.81,26.88,26.48,,792081,1500836,18.740479,,1.52,
SCHO,Schwab Short-Term U.S. Treasury ETF,Short Government,Schwab ETFs,11367066624.0,0.042,0.0300411,0.011456899,11367066600.0,24.28,24.27,24.3,,3366906,4371033,,,4.2,
SCHP,Schwab U.S. TIPS ETF,Inflation-Protected Bond,Schwab ETFs,12863597568.0,0.0317,0.0091269,0.014279701,12863597600.0,26.33,26.3,26.36,3053965056.0,3252286,3488719,,,3.17,
SCHQ,Schwab Long-Term U.S. Treasury ETF,Long Government,Schwab ETFs,975433856.0,0.0438,-0.0554641,-0.0917173,975433860.0,30.67,30.6,30.74,,345039,586360,,,4.38,
SCHR,Schwab Intermediate-Term U.S. Treasury ETF,Intermediate Government,Schwab ETFs,10815720448.0,0.0372,0.015498101,-0.010718401,10815720400.0,24.67,24.63,24.71,1938275968.0,1551667,2321585,,,3.72,
SCHV,Schwab U.S. Large-Cap Value ETF,Large Value,Schwab ETFs,11766247424.0,0.0231,0.0877703,0.1314927,11766247400.0,26.45,26.5,26.26,,1524332,1859725,19.278072,,2.31,
SCHX,Schwab U.S. Large-Cap ETF,Large Blend,Schwab ETFs,50696855552.0,0.0128999995,0.1518645,0.1596369,50696856000.0,22.91,23.06,22.76,,13489309,13847765,25.039965,,1.29,
SCHY,Schwab International Dividend Equity ETF,Foreign Large Value,Schwab ETFs,1010714816.0,0.0398,0.081406295,,1010714820.0,27.04,27.01,26.91,,285122,369914,14.849161,,3.98,
SCHZ,Schwab U.S. Aggregate Bond ETF,Intermediate Core Bond,Schwab ETFs,8571576320.0,0.0395,0.0141546,-0.011231801,8571576300.0,22.77,22.73,22.79,,1038262,1608646,,,3.95,
SCIO,First Trust Structured Credit Income Opportunities ETF,Multisector Bond,First Trust,10248421.0,0.0732,,,10248421.0,20.34,20.26,20.31,,858,8055,,,7.32,
SCJ,iShares MSCI Japan Small-Cap ETF,Japan Stock,iShares,120395240.0,0.0164,0.097046606,0.0636463,120395240.0,82.05004,81.39,81.54,147852000.0,42146,40803,13.561878,,1.64,
SCLZ,Swan Enhanced Dividend Income ETF,Derivative Income,Swan Capital Management LLC,12930074.0,0.054,,,12930074.0,52.1,52.3516,51.94,,1078,2504,24.233553,,5.4,
SCMB,Schwab Municipal Bond ETF,Muni National Interm,Schwab ETFs,1902826368.0,0.0341,,,1902826370.0,25.01,24.92,25.01,,591594,1887936,,,3.41,
SCO,ProShares UltraShort Bloomberg Crude Oil,Trading--Inverse Commodities,ProShares,123330368.0,0.0,-0.043594196,-0.4778431,123330368.0,20.054,20.41,20.62,,1890754,1427698,,,0.0,
SCOM,ProShares UltraPro Short Communication Services Select Sector,Trading--Inverse Equity,ProShares,697385.0,0.009,,,697385.0,27.89,34.746,34.02,,14,6379570,,,0.9,
SCUS,Schwab Ultra-Short Income ETF,Ultrashort Bond,Schwab ETFs,90702456.0,,,,90702456.0,25.17,25.15,25.16,,27138,104550,,,,
SCY,Simplify US Small Cap PLUS Income ETF,Derivative Income,Simplify Asset Management,2522207.0,,,,2522207.0,22.107,22.1194,22.18,,203,285,17.204987,,,
SCYB,Schwab High Yield Bond ETF,High Yield Bond,Schwab ETFs,1012816320.0,0.072,,,1012816320.0,25.99,26.02,26.0,,230405,501211,60.034203,,7.2,
SCZ,iShares MSCI EAFE Small-Cap ETF,Foreign Small/Mid Blend,iShares,9388180480.0,0.0318,0.073804304,0.094938494,9388180500.0,69.78233,69.31,68.96,,594411,1514060,14.554395,,3.18,
SDCI,USCF SummerHaven Dynamic Commodity Strategy No K-1 Fund,Commodities Broad Basket,USCF Investments,157072608.0,0.056799997,0.0748481,0.23605841,157072608.0,21.039,21.01,21.23,,43247,165158,,,5.68,
SDCP,Virtus Newfleet Short Duration Core Plus Bond ETF,Short-Term Bond,Virtus,10980614.0,0.0545,,,10980614.0,25.76053,25.8079,25.82,,1767,518,,,5.45,
SDD,ProShares UltraShort SmallCap600,Trading--Inverse Equity,ProShares,2168770.0,0.036,-0.115107,-0.2818731,2168770.0,17.6315,17.3967,17.8145,,2869,7612,,,3.6,
SDEM,Global X MSCI SuperDividend Emerging Markets ETF,Diversified Emerging Mkts,Global X Funds,36813368.0,0.0639,0.055381298,0.0570658,36813368.0,26.58,26.5169,26.54,,1468,12542,8.666105,,6.39,
SDFI,AB Short Duration Income ETF,Short-Term Bond,AllianceBernstein,117438720.0,0.047,0.0459811,0.029198699,117438720.0,35.5163,35.525,35.56,,114335,16806,10.961414,,4.7,
SDG,iShares MSCI Global Sustainable Development Goals ETF,Global Large-Stock Blend,iShares,167867424.0,0.0191,-0.0163451,0.054381598,167867424.0,75.11381,74.51,74.04,,10183,11314,17.85746,,1.91,
SDIV,Global X SuperDividend ETF,Global Small/Mid Stock,Global X Funds,785959552.0,0.111,-0.0162125,0.032067202,785959550.0,21.19,21.17,21.02,,346568,361133,8.023827,,11.1,
SDOG,ALPS Sector Dividend Dogs ETF,Large Value,ALPS,1154368896.0,0.0395,0.054502703,0.14854221,1154368900.0,56.07,55.97,55.63,,20670,46287,16.660418,,3.95,
SDOW,ProShares UltraPro Short Dow30,Trading--Inverse Equity,ProShares,204912256.0,0.0716,-0.2574568,-0.3492493,204912256.0,49.6233,48.66,50.45,,2223203,3791136,,,7.16,
SDP,ProShares UltraShort Utilities,Trading--Inverse Equity,ProShares,1908436.0,0.048699997,-0.122932196,-0.2131539,1908436.0,14.3185,14.66,14.55,,7110,24022,,,4.87,
SDS,ProShares UltraShort S&P500,Trading--Inverse Equity,ProShares,424125184.0,0.0695,-0.2248233,-0.2753874,424125184.0,19.1133,18.83,19.32,,19464251,14901193,,,6.95,
SDSI,American Century Short Duration Strategic Income ETF,Short-Term Bond,American Century Investments,77035024.0,0.053600002,,,77035024.0,51.0547,51.015,51.1,,8710,10965,,,5.36,
SDTY,YieldMax S&P 500 0DTE Covered Call Strategy ETF,,,,,,,,,43.0443,42.72,,11156,11938,24.476244,,,
SDVD,FT Vest SMID Rising Dividend Achievers Target Income ETF,Derivative Income,First Trust,409497408.0,0.0525,,,409497408.0,19.86,19.97,19.79,,109846,216052,13.589247,,5.25,
SDVY,First Trust SMID Cap Rising Dividend Achievers ETF,Small Value,First Trust,7539681280.0,0.019299999,0.121206,0.1807808,7539681300.0,34.0,34.13,33.67,,1183522,1983177,13.69186,,1.93,
SDY,SPDR S&P Dividend ETF,Mid-Cap Value,SPDR State Street Global Advisors,20016338944.0,0.026600001,0.0532307,0.119499594,20016338900.0,133.08643,133.23,132.32,,185203,282573,20.53379,,2.66,
SEA,U.S. Global Sea to Sky Cargo ETF,Industrials,U.S. Global Investors,6783674.0,0.19459999,0.0028202,,6783674.0,14.1791,14.27,14.1077,,3693,9133,4.75999,-109.168465,19.46,
SECR,NYLI MacKay Securitized Income ETF,Intermediate Core-Plus Bond,New York Life Investment Management LLC,149778112.0,,,,149778112.0,25.666,25.6833,25.59,,75,5985,,,,
SECT,Main Sector Rotation ETF,Large Blend,Main Management ETFs,1845859072.0,0.0039,0.124872,0.1550665,1845859070.0,53.67,54.08,53.26,,83809,152828,25.031124,,0.39,
SEEM,SEI Select Emerging Markets Equity ETF,,,,,,,,,26.06,25.9,,23096,22128,11.409931,,,
SEF,ProShares Short Financials,Trading--Inverse Equity,ProShares,9314398.0,0.0551,-0.1031149,-0.1538932,9314398.0,33.926,33.8,34.3,,17064,16919,,,5.51,
SEIE,SEI Select International Equity ETF,,,,,,,,,28.47,28.13,,40479,72704,15.084292,,,
SEIM,SEI Enhanced US Large Cap Momentum Factor ETF,Large Growth,SEI Investments Co,555576896.0,0.006,0.16600491,,555576900.0,39.05,39.15,38.55,,43858,64393,27.688955,,0.6,
SEIQ,SEI Enhanced US Large Cap Quality Factor ETF,Large Blend,SEI Investments Co,289810656.0,0.0106,0.1351027,,289810656.0,35.86,36.13,35.73,,24205,23523,26.930758,,1.06,
SEIS,SEI Select Small Cap ETF,,,,,,,,,24.3133,24.11,,30011,32806,15.178903,,,
SEIV,SEI Enhanced US Large Cap Value Factor ETF,Large Value,SEI Investments Co,547601280.0,0.019199999,0.123385094,,547601280.0,33.68,33.8958,33.39,,46357,58130,15.128701,,1.92,
SEIX,Virtus Seix Senior Loan ETF,Bank Loan,Virtus,300976480.0,0.0774,0.078734696,0.0657342,300976480.0,23.44487,23.45,23.47,,76125,159839,,,7.74,
SELV,SEI Enhanced Low Volatility US Large Cap ETF,Large Value,SEI Investments Co,155216144.0,0.0187,0.089790896,,155216144.0,30.64,30.6225,30.5,,5749,16587,20.60138,,1.87,
SEMG,Suncoast Select Growth ETF,Large Growth,"Suncoast Equity Management, LLC",,,,,,25.0363,25.1896,25.1052,,5501,25950,,,,
SEMI,Columbia Select Technology ETF,Technology,Columbia Threadneedle,33319562.0,0.0109,0.1393439,,33319562.0,24.74,24.9922,24.52,,730,7469,35.70577,,1.09,
SEPM,,Defined Outcome,First Trust,22314884.0,,,,22314884.0,30.16,30.1938,30.1007,,1200,3823,,,,
SEPP,PGIM S&P 500 Buffer 12 ETF - Sep,Defined Outcome,PGIM Investments,6289852.0,,,,6289852.0,26.958,27.3522,27.15,,5,8186,24.821222,,,
SEPT,AllianzIM U.S. Large Cap Buffer10 Sep ETF,Defined Outcome,AllianzIM,17808432.0,0.0,,,17808432.0,30.7534,30.7578,30.6,,674,3441,24.568945,,0.0,
SEPU,AllianzIM U.S. Equity Buffer15 Uncapped Sep ETF,Defined Outcome,AllianzIM,23639398.0,,,,23639398.0,25.5806,25.59,25.48,,701,1787,24.339672,,,
SEPW,AllianzIM U.S. Large Cap Buffer20 Sep ETF,Defined Outcome,AllianzIM,68386704.0,0.0,,,68386704.0,29.1983,29.2055,29.1,,940,13269,24.32555,,0.0,
SEPZ,TrueShares Structured Outcome (September) ETF,Defined Outcome,TrueShares,20803618.0,0.0375,0.121040404,,20803618.0,37.8403,38.0587,37.7701,,21635,36692,25.46087,,3.75,
SETH,ProShares Short Ether ETF,Digital Assets,ProShares,3334074.0,0.032899998,,,3334074.0,15.5152,15.06,15.54,,37177,39560,,,3.29,
SETM,Sprott Critical Materials ETF,Natural Resources,Sprott,35620504.0,0.0218,,,35620504.0,15.16,14.51,14.75,,39145,22769,25.741447,,2.18,
SFEB,FT Vest U.S. Small Cap Moderate Buffer ETF – February,Defined Outcome,First Trust,73421776.0,0.0,,,73421776.0,20.57,20.6077,20.46,,126039,24022,16.09088,,0.0,
SFLO,Victoryshares Small Cap Free Cash Flow ETF,Small Value,Victory Capital,230534288.0,0.015800001,,,230534288.0,24.72,24.81,24.41,,57907,153392,10.647165,,1.58,
SFLR,Innovator Equity Managed Floor ETF,Defined Outcome,Innovator ETFs,795683008.0,0.0043,,,795683010.0,31.908,32.08,31.87,,86646,211504,25.089752,,0.43,
SFY,SoFi Select 500 ETF,Large Growth,SoFi,445556480.0,0.0105,0.1749855,0.16930442,445556480.0,108.9352,109.64,108.2,,34018,48088,27.996384,11.751887,1.05,
SFYF,SoFi Social 50 ETF,Large Growth,SoFi,23632588.0,0.0034,0.2365761,0.2013656,23632588.0,43.5304,43.91,43.2,,3626,5493,30.644154,,0.34,
SFYX,SoFi Next 500 ETF,Mid-Cap Blend,SoFi,24026176.0,0.0136,0.081973,0.10696901,24026176.0,14.1431,14.12,13.99,,14133,10769,19.595036,,1.36,
SGDJ,Sprott Junior Gold Miners ETF,Equity Precious Metals,Sprott,154600528.0,0.0479,0.1510028,0.102187596,154600528.0,48.4,46.95,47.81,,27622,28419,19.627823,,4.79,
SGDM,Sprott Gold Miners ETF,Equity Precious Metals,Sprott,374068864.0,0.0069999998,0.16618972,0.0787028,374068864.0,42.88,41.84,42.69,,41331,82339,20.835508,,0.7,
SGLC,SGI U.S. Large Cap Core ETF,Large Blend,Summit Global Investments,78804504.0,0.092700005,,,78804504.0,32.0232,32.23,32.12,,2820,15409,22.954853,,9.27,
SGOL,abrdn Physical Gold Shares ETF,Commodities Focused,Aberdeen Standard Investments,5166884864.0,0.0,0.2175043,0.1392643,5166884900.0,31.88935,31.38,31.97,,4907794,5295303,,,0.0,
SGOV,iShares 0-3 Month Treasury Bond ETF,Ultrashort Bond,iShares,44862984192.0,0.0479,0.0452383,,44862984000.0,100.64649,100.61,100.65,,8836273,12786995,,,4.79,
SH,ProShares Short S&P500,Trading--Inverse Equity,ProShares,1491740288.0,0.0535,-0.0888192,-0.1270614,1491740290.0,42.6389,42.31,42.87,,7255011,8931004,,,5.35,
SHAG,WisdomTree Yield Enhanced U.S. Short-Term Aggregate Bond Fund,Short-Term Bond,WisdomTree,38207132.0,0.0469,0.0321755,0.011040799,38207132.0,47.58,47.6,47.64,,1514,9463,,,4.69,
SHDG,Soundwatch Hedged Equity ETF,Equity Hedged,Soundwatch Capital,144594864.0,0.0064999997,0.1121496,0.1068676,144594864.0,28.5572,28.6878,28.5,,4962,5053,24.912897,,0.65,
SHE,SPDR MSCI USA Gender Diversity ETF,Large Blend,SPDR State Street Global Advisors,238665824.0,0.012200001,0.15485421,0.1309853,238665824.0,118.30235,118.8652,117.86,,1620,3933,24.770945,,1.22,
SHEH,Shell PLC ADRhedged,,,,,,,,,47.49,47.0,,968,8633,6.7854686,,,
SHLD,Global X Defense Tech ETF,Industrials,Global X Funds,1692198912.0,0.0038,,,1692198910.0,55.03,55.04,54.78,,652581,742990,31.341352,-5.652352,0.38,
SHM,SPDR Nuveen Bloomberg Short Term Municipal Bond ETF,Muni National Short,SPDR State Street Global Advisors,3385196032.0,0.023,0.0201039,0.0030679,3385196030.0,47.49687,47.41,47.44,,213428,488261,,,2.3,
SHOC,Strive U.S. Semiconductor ETF,Technology,Strive AM,70111760.0,0.0032,,,70111760.0,45.2263,45.826,45.1,,13176,22177,37.028687,,0.32,
SHPP,Pacer Industrials and Logistics ETF,Industrials,Pacer,1021515.0,0.0276,,,1021515.0,27.2625,27.5771,27.28,,657,626,17.32769,,2.76,
SHRT,Gotham Short Strategies ETF,Trading--Inverse Equity,Gotham,11531897.0,0.0081,0.0010509,0.0091638,11531897.0,8.062,8.0298,8.14,,110,17760,16.97956,,0.81,
SHRY,First Trust Bloomberg Shareholder Yield ETF,Large Value,First Trust,17856636.0,0.018099999,0.1248965,0.1571361,17856636.0,41.13,41.3423,40.97,,1506,1333,16.193138,,1.81,
SHUS,Stratified LargeCap Hedged ETF,Mid-Cap Value,Syntax,24937204.0,0.0026,0.053877,,24937204.0,42.52,43.6191,43.3701,,0,1788,19.751513,,0.26,
SHV,iShares Short Treasury Bond ETF,Ultrashort Bond,iShares,22701137920.0,0.0478,0.0428719,0.025032101,22701137900.0,110.36786,110.33,110.37,,1969786,6500947,,,4.78,
SHY,iShares 1-3 Year Treasury Bond ETF,Short Government,iShares,24483835904.0,0.039300002,0.028762901,0.010635001,24483835900.0,82.45646,82.44,82.57,17265156096.0,5128164,4872068,3749.5454,,3.93,
SHYD,VanEck Short High Yield Muni ETF,High Yield Muni,VanEck,318256736.0,0.0328,0.0339764,0.023260301,318256736.0,22.36,22.4,22.46,,48079,83741,,,3.28,
SHYG,iShares 0-5 Year High Yield Corporate Bond ETF,High Yield Bond,iShares,5881224192.0,0.0714,0.072434,0.061844703,5881224200.0,42.25479,42.4,42.29,2746872064.0,856945,2209317,10.79379,,7.14,
SHYL,Xtrackers Short Duration High Yield Bond ETF,High Yield Bond,Xtrackers,148609216.0,0.074099995,0.0755497,0.0643854,148609216.0,44.495,44.555,44.49,,18684,30196,,,7.41,
SHYM,BlackRock ETF Trust II - iShares High Yield Muni Income Active ETF,,,,,,,,,22.23,22.21,,69567,166158,,,,
SIFI,Harbor Scientific Alpha Income ETF,Multisector Bond,Harbor,33524936.0,0.059699997,0.053109597,,33524936.0,42.93352,42.9709,43.19,,0,647,,,5.97,
SIHY,Harbor Scientific Alpha High-Yield ETF,High Yield Bond,Harbor,172916512.0,0.0757,0.0781087,,172916512.0,44.83775,44.665,44.79,,13073,43604,,,7.57,
SIJ,ProShares UltraShort Industrials,Trading--Inverse Equity,ProShares,2137072.0,0.056900002,-0.2508749,-0.2910904,2137072.0,7.019,6.98,7.075,,2700,18493,,,5.69,
SIL,Global X Silver Miners ETF,Equity Precious Metals,Global X Funds,1584463232.0,0.0188,0.1298882,0.048979804,1584463230.0,42.63,41.92,42.55,,1022554,1161342,36.763412,,1.88,
SILJ,Amplify Junior Silver Miners ETF,Equity Precious Metals,Amplify ETFs,1083320576.0,0.0586,0.0715303,0.0431719,1083320580.0,12.8368,12.63,12.81,,1881790,3337580,22.8334,,5.86,
SIMS,SPDR S&P Kensho Intelligent Structures ETF,Infrastructure,SPDR State Street Global Advisors,8236753.0,0.0093,-0.0054614004,0.0538782,8236753.0,33.00614,33.0939,32.8,,1086,1466,24.4678,,0.93,
SIO,Touchstone Strategic Income ETF,Multisector Bond,Touchstone,192150096.0,0.0461,,,192150096.0,25.578,25.6259,25.615,,3589,7431,18.930204,,4.61,
SIVR,abrdn Physical Silver Shares ETF,Commodities Focused,Aberdeen Standard Investments,1625816064.0,0.0,0.1506934,0.1391526,1625816060.0,31.55753,31.49,31.63,,835508,759092,,,0.0,
SIXA,ETC 6 Meridian Mega Cap Equity ETF,Large Value,Exchange Traded Concepts,424255904.0,0.019199999,0.1421599,0.1535989,424255904.0,46.71,46.69,46.4,,5112,53673,19.947989,,1.92,
SIXD,AllianzIM U.S. Large Cap 6 Month Buffer10 Jun/Dec ETF,Defined Outcome,AllianzIM,118098288.0,,,,118098288.0,26.6948,26.66,26.6701,,16464,25833,24.589333,,,
SIXF,Allianzim U.S. Large Cap 6 Month Buffer10 Feb/Aug ETF,Defined Outcome,AllianzIM,43777788.0,0.0,,,43777788.0,28.5886,28.5968,28.55,,3651,7039,24.798956,,0.0,
SIXG,Defiance Connective Technologies ETF,Technology,Defiance ETFs,518193920.0,0.0088,0.1218106,0.13956371,518193920.0,45.7898,46.22,45.41,,16573,25595,31.678099,,0.88,
SIXH,ETC 6 Meridian Hedged Equity-Index Option Strategy ETF,Derivative Income,Exchange Traded Concepts,571563776.0,0.018,0.1013988,0.108767405,571563780.0,38.35,38.1,38.34,,12472,60865,19.55815,,1.8,
SIXJ,AllianzIM U.S. Large Cap 6 Month Buffer10 Jan/Jul ETF,Defined Outcome,AllianzIM,143297008.0,0.0,0.0972774,,143297008.0,30.6436,30.6636,30.479742,,15068,32246,24.724586,,0.0,
SIXL,ETC 6 Meridian Low Beta Equity Strategy ETF,Mid-Cap Blend,Exchange Traded Concepts,189166848.0,0.015800001,0.0502807,0.0859825,189166848.0,36.3,36.2527,36.11,,1457,4277,18.799389,,1.58,
SIXO,AllianzIM U.S. Large Cap 6 Month Buffer10 Apr/Oct ETF,Defined Outcome,AllianzIM,239809616.0,0.0,0.0941126,,239809616.0,32.2773,32.3,32.08,,61691,49790,24.697863,,0.0,
SIXP,Allianzim U.S. Large Cap 6 Month Buffer10 Mar/Sep ETF,Defined Outcome,AllianzIM,30077728.0,0.0,,,30077728.0,28.1897,28.1862,28.0,,16435,27284,24.80898,,0.0,
SIXS,ETC 6 Meridian Small Cap Equity ETF,Small Value,Exchange Traded Concepts,91472760.0,0.012999999,0.0329404,0.1257672,91472760.0,45.53,45.517,44.89,,1174,3934,11.590768,,1.3,
SIXZ,AllianzIM U.S. Large Cap 6 Month Buffer10 May/Nov ETF,Defined Outcome,AllianzIM,20142616.0,0.0,,,20142616.0,27.608,27.6255,27.49,,699,5507,24.758749,,0.0,
SIZE,iShares MSCI USA Size Factor ETF,Mid-Cap Blend,iShares,313890240.0,0.0156,0.0969394,0.139337,313890240.0,147.66513,148.3,146.58,,17247,11673,21.70168,,1.56,
SJB,ProShares Short High Yield,Trading--Inverse Debt,ProShares,137185072.0,0.0543,-0.022508599,-0.0335286,137185072.0,16.0609,16.05,16.08,,158583,543260,,,5.43,
SJCP,SanJac Alpha Core Plus Bond ETF,,,,,,,,,24.96,25.0,,8,138,15.602685,,,
SJLD,SanJac Alpha Low Duration ETF,,,,,,,,,25.16,25.19,,8,9,,,,
SJNK,SPDR Bloomberg Short Term High Yield Bond ETF,High Yield Bond,SPDR State Street Global Advisors,4177075968.0,0.0753,0.0752035,0.066973,4177075970.0,25.02965,25.07,25.01,,3695625,5215701,0.908992,,7.53,
SKF,ProShares UltraShort Financials,Trading--Inverse Equity,ProShares,12853040.0,0.08,-0.2484778,-0.4096385,12853040.0,31.1965,30.91,31.9,,15685,35685,,,8.0,
SKOR,FlexShares Credit-Scored US Corporate Bond Index Fund,Corporate Bond,Flexshares Trust,507519616.0,0.048499998,0.042043,0.0151237,507519616.0,47.998,48.015,48.11,,51566,59773,,,4.85,
SKRE,Tuttle Capital Daily 2X Inverse Regional Banks ETF,Trading--Inverse Equity,"Tuttle Capital Management, LLC",3701904.0,0.028399998,,,3701904.0,13.48,13.37,13.98,,30479,35588,,,2.84,
SKYU,ProShares Ultra Cloud Computing,Trading--Inverse Equity,ProShares,2155664.0,0.0032,0.2110948,,2155664.0,29.7328,30.38,29.71,,728,2695,33.872738,,0.32,
SKYY,First Trust Cloud Computing ETF,Technology,First Trust,3072557824.0,0.0,0.18981159,0.1078095,3072557820.0,113.32,114.4,112.11,,111370,249636,31.432747,,0.0,
SLDR,Global X Short-Term Treasury Ladder ETF,Short Government,Global X Funds,11595800.0,,,,11595800.0,50.07,50.06,50.1,,908,1952,,,,
SLNZ,TCW Senior Loan ETF,,,,,,,,,47.24,47.1071,,1855,34268,,,,
SLQD,iShares 0-5 Year Investment Grade Corporate Bond ETF,Short-Term Bond,iShares,2212831232.0,0.038,0.042595502,0.021088801,2212831230.0,50.19144,50.19,50.25,,183981,276958,,,3.8,
SLT,Pacer Salt High truBeta US Market ETF,Large Blend,Pacer,6326291.0,0.015800001,0.1709,,6326291.0,39.47,39.4748,39.34,,3960,1921,,,1.58,
SLV,iShares Silver Trust,Commodities Focused,iShares,14655506432.0,0.0,0.14849849,0.1367804,14655506400.0,30.08999,30.03,30.19,10397152256.0,15013087,20770222,,,0.0,
SLVP,iShares MSCI Global Silver and Metals Miners ETF,Equity Precious Metals,iShares,271233376.0,0.007900001,0.11337499,0.0559343,271233376.0,15.50289,15.21,15.47,109482000.0,76996,198526,28.32099,,0.79,
SLVR,Sprott Silver Miners & Physical Silver ETF,,,,,,,,,25.14,25.26,,102542,94346,26.746252,,,
SLX,VanEck Steel ETF,Natural Resources,VanEck,70800864.0,0.0345,0.0480133,0.2587735,70800864.0,62.2,61.69,61.37,,9077,13326,13.542017,,3.45,
SLYG,SPDR S&P 600 Small Cap Growth ETF,Small Growth,SPDR State Street Global Advisors,2993751296.0,0.0139999995,0.061633702,0.1095483,2993751300.0,84.56969,85.01,83.55,2774551808.0,107098,272320,19.52747,,1.4,
SLYV,SPDR S&P 600 Small Cap Value ETF,Small Value,SPDR State Street Global Advisors,3473428992.0,0.0273,0.0172363,0.1279757,3473428990.0,75.83141,76.36,74.95,2653159168.0,225297,303239,13.591174,,2.73,
SMAP,Amplify Small-Mid Cap Equity ETF,Small Blend,Amplify ETFs,1130953.0,,,,1130953.0,23.3836,23.4468,23.38,,0,400,22.387125,,,
SMAX,iShares Large Cap Max Buffer Sep ETF,Defined Outcome,iShares,90444240.0,,,,90444240.0,25.42674,25.4938,25.42,,4220,79563,24.513828,,,
SMAY,FT Vest U.S. Small Cap Moderate Buffer ETF - May,Defined Outcome,First Trust,81343816.0,0.0,,,81343816.0,23.09,23.16,22.98,,29495,38226,15.682168,,0.0,
SMB,VanEck Short Muni ETF,Muni National Short,VanEck,264875872.0,0.0242,0.026542598,0.0094291,264875872.0,17.12,17.115,17.11,,83307,109619,,,2.42,
SMBS,Schwab Mortgage-Backed Securities ETF,Intermediate Government,Schwab ETFs,5014138880.0,,,,5014138900.0,24.92,24.85,24.89,,280112,3231739,,,,
SMCF,Themes US Small Cap Cash Flow Champions ETF,Small Value,Themes ETF Trust,3795551.0,0.0069999998,,,3795551.0,28.3761,28.4922,28.3732,,3,2212,10.316372,,0.7,
SMCL,GraniteShares 2x Long SMCI Daily ETF,,,,,,,,,14.11,13.0,,1832680,1379550,,,,
SMCO,Hilton Small-Midcap Opportunity ETF,Mid-Cap Blend,"Hilton Capital Management, LLC",98661432.0,0.0052,,,98661432.0,24.3446,24.4262,24.19,,158,8306,27.04473,,0.52,
SMCX,Defiance Daily Target 2X Long SMCI ETF,Trading--Leveraged Equity,Defiance ETFs,189198304.0,,,,189198304.0,35.7756,38.17,35.0,,3676763,4430852,,,,
SMCY,,Derivative Income,YieldMax ETFs,126214952.0,,,,126214952.0,19.2502,19.77,19.18,,345379,388649,,,,
SMCZ,Defiance Daily Target 2X Short SMCI ETF,,,,,,,,,8.11,8.73,,2286861,2073255,,,,
SMDD,ProShares UltraPro Short MidCap400,Trading--Inverse Equity,ProShares,3471940.0,0.0368,-0.3094562,-0.4299445,3471940.0,8.9228,8.88,9.36,,54781,56919,,,3.68,
SMDV,ProShares Russell 2000 Dividend Growers ETF,Small Value,ProShares,639335296.0,0.03,0.044712,0.085800305,639335300.0,63.4,63.52,62.94,,42004,33592,16.754484,,3.0,
SMDX,Intech S&P Small-Mid Cap Diversified Alpha ETF,Mid-Cap Blend,Intech,56399508.0,,,,56399508.0,19.7941,19.84,19.74,,13201,57418,16.240019,,,
SMH,VanEck Semiconductor ETF,Technology,VanEck,19152148480.0,0.0050999997,0.2826178,0.2891632,19152148500.0,237.36,240.81,235.231,2771138560.0,6472823,8472682,32.611084,,0.51,
SMHX,VanEck Fabless Semiconductor ETF,Technology,VanEck,36158060.0,,,,36158060.0,27.24,27.5807,26.83,,59005,44796,39.22338,,,
SMI,VanEck HIP Sustainable Muni ETF,Muni National Long,VanEck,11261121.0,0.0277,0.0151523,,11261121.0,44.59,44.3593,44.26,,16,382,,-4438.0,2.77,
SMIG,Bahl & Gaynor Small/Mid Cap Income Growth ETF,Mid-Cap Value,Bahl & Gaynor Inc.,975181504.0,0.0208,0.0977979,,975181500.0,28.3768,28.57,28.22,,369168,274592,20.890379,,2.08,
SMIN,iShares MSCI India Small-Cap ETF,India Equity,iShares,794439616.0,0.075100005,0.1511602,0.2658878,794439620.0,73.619,72.59,73.19,,83415,291588,25.466253,,7.51,
SMIZ,Zacks Small/Mid Cap ETF,Small Blend,Zacks Funds,111462752.0,0.0049,,,111462752.0,32.14,32.28,32.1249,,7658,27300,19.134886,,0.49,
SMLF,iShares U.S. Small-Cap Equity Factor ETF,Small Blend,iShares,1577057024.0,0.0147,0.102221206,0.1508909,1577057020.0,64.30599,64.64,63.5,,108143,306611,17.136227,,1.47,
SMLL,Harbor Active Small Cap ETF,Small Blend,Harbor,14715890.0,,,,14715890.0,20.63817,20.7479,20.51,,2131,3787,20.942331,,,
SMLV,SPDR SSGA US Small Cap Low Volatility Index ETF,Small Value,SPDR State Street Global Advisors,187578464.0,0.0313,0.0749441,0.1419366,187578464.0,121.44935,122.0729,121.25,,3602,6252,15.663628,,3.13,
SMMD,iShares Russell 2500 ETF,Small Blend,iShares,1330432384.0,0.0145000005,0.070624396,0.115922004,1330432380.0,64.26159,64.44,63.38,,85815,224639,18.493538,,1.45,
SMMU,PIMCO Short Term Municipal Bond Active Exchange-Traded Fund,Muni National Short,PIMCO,801312832.0,0.0297,0.0309148,0.0151991,801312830.0,49.88,49.82,49.82,,46890,131885,,,2.97,
SMMV,iShares MSCI USA Small-Cap Min Vol Factor ETF,Small Blend,iShares,296331648.0,0.0198,0.0867036,0.098561294,296331648.0,41.52822,41.49,41.22,,8004,34544,18.380806,,1.98,
SMN,ProShares UltraShort Materials,Trading--Inverse Equity,ProShares,1264991.0,0.049099997,-0.082673594,-0.2798276,1264991.0,15.2297,15.1534,15.305,,443,8482,,,4.91,
SMOG,VanEck Low Carbon Energy ETF,Miscellaneous Sector,VanEck,114069312.0,0.015800001,-0.0286624,0.0952139,114069312.0,110.02,112.24,109.525,,356,2531,19.54433,,1.58,
SMOT,VanEck Morningstar SMID Moat ETF,Mid-Cap Blend,VanEck,343333728.0,0.0128999995,,,343333728.0,32.91,33.17,32.64,,64951,127661,18.421799,,1.29,
SMRI,Bushido Capital US Equity ETF,Large Value,Bushido,405100416.0,0.0148,,,405100416.0,31.0562,31.2009,31.0,,13441,19823,15.463084,,1.48,
SMST,Defiance Daily Target 2X Short MSTR ETF,Trading--Inverse Equity,Defiance ETFs,36166500.0,,,,36166500.0,26.122,26.0,27.04,,1327665,28537773,,,,
SMTH,ALPS Smith Core Plus Bond ETF,Intermediate Core-Plus Bond,ALPS,1746004096.0,0.0465,,,1746004100.0,25.2981,25.33,25.36,,210801,354217,,,4.65,
SNAV,Mohr Sector Nav ETF,Large Blend,Mohrfunds,22536140.0,0.0098,,,22536140.0,30.35,30.5372,30.22,,788,6036,23.167664,,0.98,
SNOU,T-Rex 2X Long SNOW Daily Target ETF,Trading--Leveraged Equity,"Tuttle Capital Management, LLC",290446.0,,,,290446.0,36.2261,46.005,44.83,,36764,12136,,,,
SNOV,FT Vest U.S. Small Cap Moderate Buffer ETF - November,Defined Outcome,First Trust,102509968.0,0.0,,,102509968.0,22.29,22.37,22.23,,4703,19444,16.119705,,0.0,
SNOY,YieldMax SNOW Option Income Strategy ETF,Derivative Income,YieldMax ETFs,47302136.0,,,,47302136.0,16.8312,16.95,16.75,,70504,92755,,,,
SNPD,Xtrackers S&P Dividend Aristocrats Screened ETF,Mid-Cap Value,Xtrackers,5583494.0,0.0294,,,5583494.0,25.811,26.5089,25.96,,42,1084,20.358734,,2.94,
SNPE,Xtrackers S&P 500 Scored & Screened ETF,Large Blend,Xtrackers,1716409600.0,0.0128999995,0.144289,0.1628093,1716409600.0,51.516,51.92,51.26,,353265,406717,24.95095,,1.29,
SNPG,Xtrackers S&P 500 Growth Scored & Screened ETF,Large Growth,Xtrackers,15210392.0,0.0057,,,15210392.0,44.334,45.295,44.8,,261,3671,30.991827,,0.57,
SNPV,Xtrackers S&P 500 Value Scored & Screened ETF,Large Value,Xtrackers,7048935.0,0.0224,,,7048935.0,31.066,31.9675,30.94,,482,1014,19.739862,,2.24,
SNSR,Global X Internet of Things ETF,Technology,Global X Funds,202508336.0,0.007900001,0.0792076,0.1005167,202508336.0,35.03,35.37,34.73,,20474,24838,27.338568,,0.79,
SNTH,MRP SynthEquity ETF,Equity Hedged,"Measured Risk Portfolios, Inc.",16004787.0,,,,16004787.0,25.6615,25.8727,25.65,,10602,21245,24.92013,,,
SOCL,Global X Social Media ETF,Communications,Global X Funds,114315488.0,0.0011,0.088513404,0.0432961,114315488.0,46.11,45.99,45.69,,7729,7290,18.674303,,0.11,
SOFR,Amplify ETF Trust - Amplify Samsung SOFR ETF,,,,,,,,,100.46,100.47,,953,29538,,,,
SOFX,Defiance Daily Target 2X Long SOFI ETF,,,,,,,,,11.13,10.45,,126818,290457,31.183844,,,
SOLR,SmartETFs Sustainable Energy II ETF,Equity Energy,SmartETFs,3834327.0,0.0095,-0.0148552,,3834327.0,25.6523,25.6597,25.48,,44,1185,21.644722,,0.95,
SOLT,2x Solana ETF,,,,,,,,,22.38,22.26,,783418,299467,,,,
SOLZ,Solana ETF,,,,,,,,,20.18,20.11,,262810,132513,,,,
SOVF,Sovereign's Capital Flourish Fund,Mid-Cap Blend,"Sovereign's Capital, LLC",103209632.0,0.0033000002,,,103209632.0,29.1104,29.39,29.14,,12302,17242,21.15792,,0.33,
SOXL,Direxion Daily Semiconductor Bull 3X Shares,Trading--Leveraged Equity,Direxion Funds,9305999360.0,0.028800001,-0.0783906,0.1121381,9305999400.0,15.705,16.51,15.21,,177383755,208177668,33.87236,,2.88,
SOXQ,Invesco PHLX Semiconductor ETF,Technology,Invesco,378690688.0,0.008,0.18676649,,378690688.0,37.05,37.61,36.72,,716075,560414,30.215836,,0.8,
SOXS,Direxion Daily Semiconductor Bear 3X Shares,Trading--Inverse Equity,Direxion Funds,767014464.0,0.052800003,-0.6914595,-0.72349745,767014460.0,13.535,12.89,13.93,,131208900,68893906,,,5.28,
SOXX,iShares Semiconductor ETF,Technology,iShares,10794058752.0,0.0081,0.161203,0.2101384,10794058800.0,202.4656,205.75,200.45,1549584000.0,9451010,5360071,28.819553,,0.81,
SOXY,YieldMax Target 12 Semiconductor Option Income ETF,Derivative Income,YieldMax ETFs,5331566.0,,,,5331566.0,46.0435,46.6845,45.84,,2330,2980,31.51963,,,
SOYB,Teucrium Soybean Fund,Commodities Focused,Teucrium,24764392.0,0.0,-0.078325704,0.103246495,24764392.0,22.0564,22.1301,22.08,,10386,21638,,,0.0,
SPAB,SPDR Portfolio Aggregate Bond ETF,Intermediate Core Bond,SPDR State Street Global Advisors,8627211264.0,0.038399998,0.0139768,-0.0106011,8627211300.0,25.06391,25.05,25.1,,1883181,2696222,,,3.84,
SPAM,Themes Cybersecurity ETF,Technology,Themes ETF Trust,1764277.0,0.0013,,,1764277.0,31.0159,31.3316,30.71,,699,733,30.178827,,0.13,
SPAQ,Horizon Kinetics SPAC Active ETF,Health,Horizon Kinetics,16993736.0,0.0291,,,16993736.0,102.5411,102.465,102.7131,,6,484,41.557133,,2.91,
SPBC,Simplify US Equity PLUS Bitcoin Strategy ETF,Digital Assets,Simplify Asset Management,27535740.0,0.0098,0.2327346,,27535740.0,38.8897,39.2,38.86,,3823,15136,25.76204,,0.98,
SPBO,SPDR Portfolio Corporate Bond ETF,Corporate Bond,SPDR State Street Global Advisors,1564731392.0,0.0523,0.029576499,0.0016886,1564731390.0,28.43754,28.45,28.5,,393116,1302438,,,5.23,
SPBU,AllianzIM Buffer15 Uncapped Allocation ETF,Derivative Income,AllianzIM,21773188.0,,,,21773188.0,24.8791,24.9098,24.76,,2024,23517,24.728357,,,
SPBW,AllianzIM Buffer20 Allocation ETF,Defined Outcome,AllianzIM,27009928.0,,,,27009928.0,25.1662,25.1792,25.09,,8265,10893,24.621117,,,
SPBX,AllianzIM 6 Month Buffer10 Allocation ETF,Defined Outcome,AllianzIM,22581888.0,,,,22581888.0,25.0253,25.0391,24.9401,,4200,3961,24.713917,,,
SPC,CrossingBridge Pre-Merger SPAC ETF,Financial,CrossingBridge,30473884.0,0.052399997,0.0524174,,30473884.0,21.2592,21.195,21.28,,1612,8353,45.359615,,5.24,
SPCX,SPAC and New Issue ETF,Event Driven,SPAC,9073875.0,0.0067000003,-0.0159644,,9073875.0,25.21,25.08,25.61,,8910,1019,,,0.67,
SPCY,STKd 100% SMCI & 100% NVDA ETF,,,,,,,,,20.892,19.535,,3016,4275,,,,
SPCZ,RiverNorth Enhanced Pre-Merger SPAC ETF,Financial,TrueShares,5257236.0,0.0307,,,5257236.0,27.3259,26.025,26.05,,0,52,37.414173,,3.07,
SPD,Simplify US Equity PLUS Downside Convexity ETF,Large Blend,Simplify Asset Management,69282608.0,0.0104,0.1055837,,69282608.0,36.0949,36.4689,36.1965,,14158,60842,25.18812,,1.04,
SPDG,SPDR Portfolio S&P Sector Neutral Dividend ETF,Large Value,SPDR State Street Global Advisors,10127761.0,0.029000001,,,10127761.0,37.02093,37.16,36.8462,,609,2623,18.397282,,2.9,
SPDN,Direxion Daily S&P 500 Bear 1X Shares,Trading--Inverse Equity,Direxion Funds,169416592.0,0.0456,-0.0854583,-0.1230688,169416592.0,11.095,11.02,11.16,,14354035,12602198,,,4.56,
SPDV,AAM S&P 500 High Dividend Value ETF,Mid-Cap Value,AAM,63922760.0,0.0397,0.044831,0.1378631,63922760.0,31.2963,31.394,31.08,,2161,5573,15.774325,,3.97,
SPDW,SPDR Portfolio Developed World ex-US ETF,Foreign Large Blend,SPDR State Street Global Advisors,24906522624.0,0.028800001,0.1055073,0.1200327,24906522600.0,39.39285,39.29,39.0,,2168096,4405303,16.24802,,2.88,
SPEM,SPDR Portfolio Emerging Markets ETF,Diversified Emerging Mkts,SPDR State Street Global Advisors,10625243136.0,0.0271,0.085839,0.0949883,10625243100.0,41.62769,41.47,41.39,3197184000.0,2228716,2562479,14.996572,,2.71,
SPEU,SPDR Portfolio Europe ETF,Europe Stock,SPDR State Street Global Advisors,1103667968.0,0.0286,0.12816611,0.1372036,1103667970.0,47.61952,47.79,47.3,,233932,476901,17.28641,,2.86,
SPFF,Global X SuperIncome Preferred ETF,Preferred Stock,Global X Funds,130562432.0,0.0683,0.0079955,0.0242607,130562432.0,8.73,8.71,8.65,,37418,37149,,,6.83,
SPGM,SPDR Portfolio MSCI Global Stock Market ETF,Global Large-Stock Blend,SPDR State Street Global Advisors,969441408.0,0.02,0.1255404,0.1435363,969441410.0,65.58131,65.76,65.24,,78988,130357,20.510862,,2.0,
SPGP,Invesco S&P 500 GARP ETF,Large Value,Invesco,2782078976.0,0.015800001,0.0786818,0.1522325,2782078980.0,100.42,101.44,99.61,,110695,234879,15.895825,,1.58,
SPHB,Invesco S&P 500 High Beta ETF,Mid-Cap Blend,Invesco,303429184.0,0.0075,0.1134888,0.2031145,303429184.0,86.76,87.43,85.54,,259929,449193,24.782434,,0.75,
SPHD,Invesco S&P 500 High Dividend Low Volatility ETF,Large Value,Invesco,3291452672.0,0.0342,0.042650398,0.1253478,3291452670.0,46.89,46.74,46.68,,442188,903673,17.674004,,3.42,
SPHQ,Invesco S&P 500 Quality ETF,Large Blend,Invesco,12403997696.0,0.0116,0.1684598,0.1674655,12403997700.0,68.95,69.49,68.69,,935783,1409053,27.438375,,1.16,
SPHY,SPDR Portfolio High Yield Bond ETF,High Yield Bond,SPDR State Street Global Advisors,7593701888.0,0.078,0.0756076,0.061842397,7593701900.0,23.28216,23.33,23.28,,2593230,7258979,7.364249,,7.8,
SPIB,SPDR Portfolio Intermediate Term Corporate Bond ETF,Corporate Bond,SPDR State Street Global Advisors,9057763328.0,0.044299997,0.040247303,0.0152601,9057763300.0,33.03663,33.03,33.1,,1903630,7146042,,,4.43,
SPIN,SPDR SSGA US Equity Premium Income ETF,Derivative Income,SPDR State Street Global Advisors,10365474.0,,,,10365474.0,28.65184,28.7752,28.645,,2668,4284,24.830833,,,
SPIP,SPDR Portfolio TIPS ETF,Inflation-Protected Bond,SPDR State Street Global Advisors,998103296.0,0.0349,0.0067855,0.012263301,998103300.0,25.69252,25.69,25.72,,158915,217195,,,3.49,
SPLB,SPDR Portfolio Long Term Corporate Bond ETF,Long-Term Bond,SPDR State Street Global Advisors,1142031872.0,0.052600004,0.0035706,-0.028448801,1142031870.0,21.49107,21.52,21.57,,2043738,2846360,,,5.26,
SPLG,SPDR Portfolio S&P 500 ETF,Large Blend,SPDR State Street Global Advisors,61824921600.0,0.0137,0.1515486,0.1618597,61824922000.0,68.11228,68.57,67.74,,6503120,12148441,25.239775,,1.37,
SPLV,Invesco S&P 500 Low Volatility ETF,Large Value,Invesco,7739598336.0,0.0173,0.0688193,0.1096545,7739598300.0,72.53,72.42,72.36,,2054255,3026334,23.878784,,1.73,
SPMB,SPDR Portfolio Mortgage Backed Bond ETF,Intermediate Government,SPDR State Street Global Advisors,5877112320.0,0.0373,0.0112396,-0.0121963,5877112300.0,21.57445,21.55,21.58,,587508,1055193,,,3.73,
SPMD,SPDR Portfolio S&P 400 Mid Cap ETF,Mid-Cap Blend,SPDR State Street Global Advisors,11831161856.0,0.0159,0.090412,0.13597551,11831161900.0,52.27328,52.37,51.65,,1153740,1994600,18.71951,,1.59,
SPMO,Invesco S&P 500 Momentum ETF,Large Blend,Invesco,6019696128.0,0.0054,0.24976271,0.213239,6019696100.0,102.87,103.19,101.91,,1171438,1392015,28.429626,,0.54,
SPMV,Invesco S&P 500 Minimum Variance ETF,Large Blend,Invesco,5518523.0,0.015,0.102027796,0.1230607,5518523.0,46.78,46.8481,46.7601,,142,1109,23.60816,,1.5,
SPPP,Sprott Physical Platinum & Palladium Tr,,,,,,,,,10.36,10.33,204446624.0,511183,375104,inf,,,
SPQ,Simplify US Equity Plus QIS ETF,Large Blend,Simplify Asset Management,2414923.0,0.1925,,,2414923.0,25.6164,25.9431,25.84,,826,1187,26.053194,,19.25,
SPRE,SP Funds S&P Global REIT Sharia ETF,Real Estate,SP Funds,144977904.0,0.0433,-0.0143261,,144977904.0,19.035,19.05,19.01,,36444,47815,32.55828,,4.33,
SPRX,Spear Alpha ETF,Technology,Spear,45460512.0,0.0,0.220578,,45460512.0,26.619,26.66,25.99,,36853,48144,43.74089,,0.0,
SPSB,SPDR Portfolio Short Term Corporate Bond ETF,Short-Term Bond,SPDR State Street Global Advisors,7949752832.0,0.048299998,0.042033702,0.022514801,7949752800.0,30.00048,30.01,30.03,,2765966,4237309,,,4.83,
SPSK,SP Funds Dow Jones Global Sukuk ETF,Global Bond,SP Funds,305981824.0,0.0349,0.0262829,0.0081792,305981824.0,18.0096,18.05,18.15,,52000,137261,,,3.49,
SPSM,SPDR Portfolio S&P 600 Small Cap ETF,Small Blend,SPDR State Street Global Advisors,10506256384.0,0.0215,0.040891,0.120946996,10506256400.0,40.564,40.78,40.12,,1075316,2381638,16.369535,,2.15,
SPTB,SPDR Portfolio Treasury ETF,Intermediate Government,SPDR State Street Global Advisors,91912024.0,,,,91912024.0,29.99139,29.9627,30.04,,2502,9511,,,,
SPTE,SP Funds S&P Global Technology ETF,Technology,SP Funds,49525664.0,0.0054,,,49525664.0,27.8442,28.3756,27.96,,9222,15371,31.720161,,0.54,
SPTI,SPDR Portfolio Intermediate Term Treasury ETF,Intermediate Government,SPDR State Street Global Advisors,8728758272.0,0.037,0.015550099,-0.010593999,8728758300.0,28.33602,28.3,28.4,,2848207,6252206,,,3.7,
SPTL,SPDR Portfolio Long Term Treasury ETF,Long Government,SPDR State Street Global Advisors,11309666304.0,0.0397,-0.055708397,-0.0917999,11309666300.0,25.51805,25.48,25.59,,4627946,5174593,,,3.97,
SPTM,SPDR Portfolio S&P 1500 Composite Stock Market ETF,Large Blend,SPDR State Street Global Advisors,9405929472.0,0.0138,0.1457623,0.1598266,9405929500.0,70.30701,70.75,69.84,6675948544.0,527638,963574,24.510052,,1.38,
SPTS,SPDR Portfolio Short Term Treasury ETF,Short Government,SPDR State Street Global Advisors,6007414272.0,0.0416,0.0297813,0.011490099,6007414300.0,29.14812,29.14,29.19,,785114,2164306,,,4.16,
SPUC,Simplify US Equity PLUS Upside Convexity ETF,Large Blend,Simplify Asset Management,101450272.0,0.0098,0.1459271,,101450272.0,40.6675,40.98,40.62,,4361,12133,26.425941,,0.98,
SPUS,SP Funds S&P 500 Sharia Industry Exclusions ETF,Large Growth,SP Funds,1139959936.0,0.0078,0.1591746,0.16556111,1139959940.0,41.0274,41.47,40.85,,419188,445630,29.686691,,0.78,
SPUT,Innovator Equity Premium Income - Daily PutWrite ETF,Equity Hedged,Innovator ETFs,4878058.0,,,,4878058.0,25.0939,25.2189,25.03,,4093,11324,25.168474,,,
SPUU,Direxion Daily S&P 500 Bull 2X Shares,Trading--Leveraged Equity,Direxion Funds,131628872.0,0.0070999996,0.21333349,0.2568763,131628872.0,137.811,139.63,136.3,,33492,76423,26.263037,,0.71,
SPVM,Invesco S&P 500 Value with Momentum ETF,Mid-Cap Value,Invesco,49603620.0,0.0209,0.0681308,0.1531909,49603620.0,57.29,57.43,57.19,,6388,7177,13.883398,,2.09,
SPVU,Invesco S&P 500 Enhanced Value ETF,Large Value,Invesco,100916480.0,0.0276,0.0813682,0.16549589,100916480.0,49.79,49.9676,49.565,,10103,9976,12.764983,,2.76,
SPWO,SP Funds S&P World ETF,Foreign Large Growth,SP Funds,46431976.0,0.0138,,,46431976.0,23.3253,23.4808,23.39,,13732,19811,21.618837,,1.38,
SPXE,ProShares S&P 500 ex-Energy ETF,Large Blend,ProShares,59961392.0,0.012,0.1593383,0.1601373,59961392.0,62.5956,63.074,63.06,,155,2446,25.827559,,1.2,
SPXL,Direxion Daily S&P500 Bull 3X Shares,Trading--Leveraged Equity,Direxion Funds,4033932800.0,0.0104,0.2383512,0.319302,4033932800.0,144.093,147.15,141.73,,5181799,6400795,27.229147,,1.04,
SPXN,ProShares S&P 500 ex-Financials ETF,Large Blend,ProShares,57181848.0,0.012200001,0.1522525,0.156574,57181848.0,61.7614,62.2096,61.9,,648,1595,27.267403,,1.22,
SPXS,Direxion Daily S&P 500 Bear 3X Shares,Trading--Inverse Equity,Direxion Funds,404059264.0,0.0513,-0.35667512,-0.415057,404059264.0,5.754,5.62,5.85,,99405512,89050993,,,5.13,
SPXT,ProShares S&P 500 ex-Technology ETF,Large Blend,ProShares,198822800.0,0.0139,0.1164721,0.13790129,198822800.0,91.8508,92.3761,91.555,,2192,9012,22.04098,,1.39,
SPXU,ProShares UltraPro Short S&P500,Trading--Inverse Equity,ProShares,538196672.0,0.0757,-0.3617654,-0.4174043,538196670.0,20.636,20.19,20.96,,16118279,17345366,,,7.57,
SPXV,ProShares S&P 500 ex-Health Care ETF,Large Blend,ProShares,26928416.0,0.012200001,0.17392111,0.17479241,26928416.0,63.2575,64.644,63.69,,118,1312,25.449,,1.22,
SPY,SPDR S&P 500 ETF,Large Blend,SPDR State Street Global Advisors,572926853120.0,0.0128999995,0.15094809,0.16094999,572926850000.0,579.0896,583.09,575.98,531496730624.0,74615849,80929000,25.232693,,1.29,
SPYC,Simplify US Equity PLUS Convexity ETF,Large Blend,Simplify Asset Management,71884512.0,0.0098,0.1241322,,71884512.0,38.5482,39.12,38.7,,13099,17322,25.253513,,0.98,
SPYD,SPDR Portfolio S&P 500 High Dividend ETF,Mid-Cap Value,SPDR State Street Global Advisors,6629395968.0,0.0456,0.035327498,0.1442892,6629396000.0,41.82516,41.82,41.61,,789465,1007500,17.552912,,4.56,
SPYG,SPDR Portfolio S&P 500 Growth ETF,Large Growth,SPDR State Street Global Advisors,31351408640.0,0.0066000004,0.18368539,0.1669398,31351408600.0,87.80286,88.52,87.28,12138105856.0,3115540,3139517,31.146471,,0.66,
SPYH,NEOS S&P 500 Hedged Equity Income ETF,Equity Hedged,Neos Funds,983639.0,,,,983639.0,50.3252,50.5517,50.23,,3579,2247,24.717812,,,
SPYI,Neos S&P 500(R) High Income ETF,Derivative Income,Neos Funds,3232199424.0,0.12979999,,,3232199420.0,48.3939,48.61,48.31,,1510246,1294115,24.591879,,12.98,
SPYQ,Tradr 2X Long SPY Quarterly ETF,,,,,,,,,24.73,24.0201,,1573,18474,,,,
SPYT,,Large Blend,Defiance ETFs,105168640.0,0.2305,,,105168640.0,17.4041,17.47,17.34,,74855,94092,24.72587,,23.05,
SPYV,SPDR Portfolio S&P 500 Value ETF,Large Value,SPDR State Street Global Advisors,24725942272.0,0.0222,0.1092297,0.1458255,24725942300.0,50.01288,50.29,49.75,4466930688.0,3159172,3379111,20.8061,,2.22,
SPYX,SPDR S&P 500 Fossil Fuel Reserves Free ETF,Large Blend,SPDR State Street Global Advisors,1989807360.0,0.0112,0.1538782,0.1585433,1989807360.0,47.61888,47.92,47.39,,109511,128990,25.683874,,1.12,
SQEW,LeaderShares Equity Skew ETF,Mid-Cap Blend,"Redwood Investment Management, LLC",60128856.0,0.0147,0.0368468,0.0796526,60128856.0,31.44,31.4379,31.35,,9776,19942,17.256386,,1.47,
SQLV,Royce Quant Small-Cap Quality Value ETF,Small Value,Franklin Templeton Investments,23531246.0,0.0135,0.0331174,0.1403069,23531246.0,37.84,38.095,37.2,,990,2519,12.080835,,1.35,
SQMX,FT Vest U.S. Equity Quarterly Max Buffer ETF,Defined Outcome,First Trust,3832606.0,,,,3832606.0,31.15,31.1951,31.17,,2748,1571,24.549938,,,
SQQQ,ProShares UltraPro Short QQQ,Trading--Inverse Equity,ProShares,2778971648.0,0.092,-0.5278448,-0.52647597,2778971650.0,25.1834,24.44,25.6,,163876946,113382703,,,9.2,
SRET,Global X SuperDividend REIT ETF,Real Estate,Global X Funds,180986624.0,0.0864,0.0045126,0.0716023,180986624.0,20.28,20.21,20.24,,29643,29612,16.798368,,8.64,
SRHQ,SRH U.S. Quality GARP ETF,Mid-Cap Blend,Paralel Advisors LLC,154634848.0,0.0070999996,,,154634848.0,35.7517,36.4503,36.36,,0,469,21.707808,,0.71,
SRHR,SRH REIT Covered Call ETF,Real Estate,Paralel Advisors LLC,48845416.0,0.0698,,,48845416.0,53.1919,55.455,55.5,,32,266,29.340631,,6.98,
SRLN,SPDR Blackstone Senior Loan ETF,Bank Loan,SPDR State Street Global Advisors,6546798592.0,0.0849,0.0689679,0.060963,6546798600.0,41.28853,41.23,41.23,,3810326,7878282,,,8.49,
SROI,Calamos Antetokounmpo Global Sustainable Equities ETF,Global Large-Stock Blend,Calamos,13203215.0,0.0068,,,13203215.0,30.46,30.795,30.6,,2034,892,,,0.68,
SRS,ProShares UltraShort Real Estate,Trading--Inverse Equity,ProShares,22296102.0,0.0643,-0.0446848,-0.1824697,22296102.0,50.6135,50.6,50.63,,76756,42209,,,6.43,
SRTY,ProShares UltraPro Short Russell2000,Trading--Inverse Equity,ProShares,93303736.0,0.067600004,-0.29034388,-0.5785924,93303736.0,21.0789,20.88,21.98,,2668932,3456790,,,6.76,
SRVR,Pacer Benchmark Data & Infrastructure Real Estate SCTR ETF,Real Estate,Pacer,398714784.0,0.0166,-0.0220825,0.0079226,398714784.0,31.153,31.1,30.99,,36289,68188,35.611393,,1.66,
SSFI,Day Hagan Smart Sector Fixed Income ETF,Nontraditional Bond,Day Hagan,36949220.0,0.0358,0.0068649,,36949220.0,21.08,21.0348,21.08,,308,8120,7.2238884,,3.58,
SSG,ProShares UltraShort Semiconductors,Trading--Inverse Equity,ProShares,8336833.0,0.069,-0.6815281,-0.6362052,8336833.0,19.1221,18.72,19.61,,158158,119530,,,6.9,
SSO,ProShares Ultra S&P500,Trading--Leveraged Equity,ProShares,4879051264.0,0.0097,0.2063749,0.2513411,4879051300.0,86.1093,87.34,85.17,,3013038,3719846,26.256248,109.02531,0.97,
SSPX,Janus Henderson U.S. Sustainable Equity ETF,Large Growth,Janus Henderson,8149762.0,0.004,0.1387909,,8149762.0,28.25,28.3314,28.23,,2408,1352,29.336712,,0.4,
SSPY,Stratified LargeCap Index ETF,Large Value,Syntax,88831296.0,0.0343,0.0973336,0.14940679,88831296.0,78.75,81.087,78.52,,5440,8838,19.93387,,3.43,
SSUS,Day Hagan Smart Sector ETF,Large Blend,Day Hagan,541697664.0,0.0070999996,0.107503794,0.1382484,541697660.0,42.13,42.33,41.97,,24786,66028,24.669758,,0.71,
SSXU,Day Hagan Smart Sector International ETF,Foreign Large Blend,Day Hagan,38584616.0,0.0256,,,38584616.0,30.94,30.83,30.8,,315,6238,16.971508,,2.56,
STAX,Macquarie Tax-Free USA Short Term ETF,Muni National Short,Macquarie,5015451.0,0.0319,,,5015451.0,25.17,25.219,25.2296,,19,85,,,3.19,
STBF,Performance Trust Short Term Bond ETF,Short-Term Bond,Performance Trust Asset Management,16701579.0,0.053000003,,,16701579.0,25.1025,25.06,25.07,,4802,9120,,,5.3,
STCE,Schwab Crypto Thematic ETF,Digital Assets,Schwab ETFs,94006752.0,0.008,,,94006752.0,43.71,45.16,43.66,,22433,38795,14.526201,,0.8,
STHH,Precidian ETFs Trust - STMicroelectronics NV ADRhedged,,,,,,,,,51.3225,49.6,,106,527,,,,
STIP,iShares 0-5 Year TIPS Bond ETF,Short-Term Inflation-Protected Bond,iShares,11894779904.0,0.0332,0.033691898,0.0381376,11894779900.0,102.46842,102.43,102.6,,672707,888592,,,3.32,
STNC,Hennessy Sustainable ETF,Large Blend,Hennessy,87308040.0,0.01,0.0754212,,87308040.0,29.7717,29.9758,29.61,,739,4355,20.935184,,1.0,
STOT,SPDR DoubleLine Short Duration Total Return Tactical ETF,Short-Term Bond,SPDR State Street Global Advisors,225380064.0,0.050300002,0.0461589,0.0239795,225380064.0,47.02096,47.34,47.11,,18526,43617,,,5.03,
STPZ,PIMCO 1-5 Year U.S. TIPS Index Exchange-Traded Fund,Short-Term Inflation-Protected Bond,PIMCO,447866208.0,0.024,0.0293908,0.0345563,447866208.0,53.56,53.525,53.58,,52768,75300,,,2.4,
STRV,Strive 500 ETF,Large Blend,Strive AM,800697856.0,0.0115,,,800697860.0,37.4198,37.74,37.26,,69206,123488,25.530159,,1.15,
STXD,Strive 1000 Dividend Growth ETF,Large Blend,Strive AM,49282192.0,0.0116,,,49282192.0,32.7609,32.8763,32.6339,,7924,9255,25.87074,,1.16,
STXE,Strive Emerging Markets Ex-China ETF,Diversified Emerging Mkts,Strive AM,90214512.0,0.036199998,,,90214512.0,29.577,29.27,29.27,,5737,15828,15.370254,,3.62,
STXG,Strive 1000 Growth ETF,Large Growth,Strive AM,111880472.0,0.0058999998,,,111880472.0,42.6705,43.06,42.57,,32014,17658,31.000816,,0.59,
STXI,Strive International Developed Markets ETF,Foreign Large Blend,Strive AM,17550498.0,,,,17550498.0,28.0903,28.0427,27.96,,2369,2880,17.267614,,,
STXK,Strive Small-Cap ETF,Small Blend,Strive AM,53120620.0,0.015800001,,,53120620.0,28.822,28.88,28.73,,6796,11633,15.697018,,1.58,
STXM,Strive Mid-Cap ETF,Mid-Cap Blend,Strive AM,15696589.0,0.012200001,,,15696589.0,25.3013,25.33,25.13,,3650,5007,20.12927,,1.22,
STXT,Strive Total Return Bond ETF,Intermediate Core-Plus Bond,Strive AM,134937968.0,0.0507,,,134937968.0,19.8434,19.84,19.87,,390592,26169,,,5.07,
STXV,Strive 1000 Value ETF,Large Value,Strive AM,62994552.0,0.023699999,,,62994552.0,29.5967,29.6332,29.55,,159557,16015,16.6054,,2.37,
SUB,iShares Short-Term National Muni Bond ETF,Muni National Short,iShares,9305464832.0,0.0219,0.0238743,0.0100259995,9305464800.0,105.53042,105.69,105.71,,479756,665504,,,2.19,
SUPL,ProShares Supply Chain Logistics ETF,Industrials,ProShares,868179.0,0.052600004,0.0276627,,868179.0,37.5065,37.5249,37.45,,21,239,13.749387,,5.26,
SUPP,TCW Transform Supply Chain ETF,Large Blend,TCW ETF,8894391.0,0.0042,,,8894391.0,63.09954,63.0117,62.84,,49,773,34.464924,,0.42,
SURE,AdvisorShares Insider Advantage ETF,Mid-Cap Blend,AdvisorShares,43659340.0,0.0072000003,0.0887724,0.134386,43659340.0,113.08727,115.35,112.89,,308,292,16.218855,,0.72,
SURI,Simplify Propel Opportunities ETF,Health,Simplify Asset Management,63850508.0,0.22469999,,,63850508.0,14.4877,14.518,14.5,,200,2961,,,22.47,
SUSA,iShares MSCI USA ESG Select ETF,Large Blend,iShares,3285400576.0,0.0117999995,0.1378839,0.15244721,3285400580.0,120.14878,120.92,119.5,,70182,121715,26.18748,,1.18,
SUSB,iShares ESG 1-5 Year USD Corporate Bond ETF,Short-Term Bond,iShares,973890304.0,0.04,0.0410873,0.0185598,973890300.0,24.91865,24.94,24.98,,53847,217877,,,4.0,
SUSC,iShares ESG USD Corporate Bond ETF,Corporate Bond,iShares,1118864768.0,0.0436,0.0265579,-0.0024805001,1118864770.0,22.60658,22.62,22.68,,227880,266587,,,4.36,
SUSL,iShares ESG MSCI USA Leaders ETF,Large Blend,iShares,844823488.0,0.0117999995,0.154277,0.1606513,844823490.0,101.93449,102.635,101.65,,11014,39106,26.642843,,1.18,
SVAL,iShares US Small Cap Value Factor ETF,Small Value,iShares,122633232.0,0.0155,0.0367254,,122633232.0,29.56774,29.65,29.45,,10154,21825,11.646292,,1.55,
SVIX,-1x Short VIX Futures ETF,Trading--Inverse Equity,VS TRUST,603952192.0,0.0,0.0790626,,603952190.0,13.2203,14.11,13.13,,11337762,10992512,,,0.0,
SVOL,Simplify Volatility Premium ETF,Large Blend,Simplify Asset Management,917858880.0,0.204,0.08431461,,917858880.0,17.6338,18.16,17.65,,703584,1201541,25.8321,,20.4,
SVXY,ProShares Short VIX Short-Term Futures ETF,Trading--Miscellaneous,ProShares,587085376.0,0.0,0.1737936,0.181017,587085380.0,38.851,40.13,38.72,,2808583,2799265,,,0.0,
SWAN,Amplify BlackSwan Growth & Treasury Core ETF,Equity Hedged,Amplify ETFs,242083360.0,0.0269,0.042787198,0.0243267,242083360.0,29.0552,29.1189,28.93,,6604,18347,,,2.69,
SWP,SWP Growth & Income ETF,,,,,,,,,24.5716,24.45,,5570,12493,25.088316,,,
SXQG,ETC 6 Meridian Quality Growth ETF,Large Growth,Exchange Traded Concepts,53388340.0,0.0007,0.1592999,,53388340.0,31.41,31.84,31.32,,3276,4220,28.904024,,0.07,
SYFI,AB Short Duration High Yield ETF,Multisector Bond,AllianceBernstein,727182336.0,0.0543,0.067511804,0.055520803,727182340.0,35.3275,35.38,35.34,,46429,148934,,,5.43,
SYLD,Cambria Shareholder Yield ETF,Mid-Cap Value,CAMBRIA ETF TRUST,922178688.0,0.0233,0.0385731,0.1845105,922178690.0,62.6608,63.1,62.26,,45802,128082,11.067623,,2.33,
SYNB,Putnam BioRevolution ETF,Health,Franklin Templeton Investments,4849158.0,0.0077,,,4849158.0,27.43569,27.6053,27.71,,1,193,28.617622,,0.77,
SZK,ProShares UltraShort Consumer Staples,Trading--Inverse Equity,ProShares,704976.0,0.056700002,-0.054176603,-0.20489241,704976.0,11.79,11.8531,11.85,,3366,6763,,,5.67,
SZNE,Pacer CFRA-Stovall Equal Weight Seasonal Rotation ETF,Large Blend,Pacer,20619650.0,0.0124,0.0113152005,0.0718958,20619650.0,33.8445,33.8975,33.63,,752,3468,21.394499,,1.24,
TACK,Fairlead Tactical Sector Fund,Tactical Allocation,Fairlead Funds,223597888.0,0.0119,0.0562994,,223597888.0,27.6,27.56,27.4,,121080,40958,22.595222,,1.19,
TAFI,AB Tax-Aware Short Duration ETF,Muni National Short,AllianceBernstein,732667136.0,0.0337,,,732667140.0,24.9752,24.95,24.95,,109275,232038,,,3.37,
TAFL,AB Tax-Aware Long Municipal ETF,Muni National Long,AllianceBernstein,30684996.0,0.040700004,,,30684996.0,24.1961,24.185,24.25,,6084,5495,,,4.07,
TAFM,AB Tax-Aware Intermediate Municipal ETF,Muni National Interm,AllianceBernstein,275254848.0,0.033299997,,,275254848.0,24.7189,24.72,24.75,,87985,115525,,,3.33,
TAGG,T. Rowe Price QM U.S. Bond ETF,Intermediate Core Bond,T. Rowe Price,1286354176.0,0.0418,0.0160041,,1286354180.0,41.98,41.98,42.37,,57961,177279,34.312195,,4.18,
TAGS,Teucrium Agricultural Fund,Commodities Focused,Teucrium,9892149.0,0.0,-0.1108842,0.086611606,9892149.0,24.9958,25.005,24.9965,,930,2395,,,0.0,
TAIL,Cambria Tail Risk ETF,Trading--Inverse Equity,CAMBRIA ETF TRUST,156068112.0,0.0253,-0.083885096,-0.0979826,156068112.0,12.2944,12.21,12.35,,228043,486479,22.9283,,2.53,
TAN,Invesco Solar ETF,Miscellaneous Sector,Invesco,642113984.0,0.0058,-0.2219957,-0.0046689003,642113980.0,31.75,31.44,30.96,,880185,982822,18.37976,,0.58,
TAPR,Innovator Equity Defined Protection ETF - 2 Yr to April 2027,Defined Outcome,Innovator ETFs,5491351.0,,,,5491351.0,24.5991,24.6377,24.65,,935,13063,24.381983,,,
TARK,Tradr 2X Long Innovation ETF,Trading--Leveraged Equity,AXS,69489168.0,0.0,-0.1087473,,69489168.0,37.1294,37.19,36.33,,38073,156112,,,0.0,
TAX,Cambria Tax Aware ETF,,,,,,,,,24.4188,24.3731,,1,1965,20.342884,,,
TAXE,T. Rowe Price Intermediate Municipal Income ETF,Muni National Interm,T. Rowe Price,50585820.0,,,,50585820.0,49.4,49.41,49.499,,2547,1763,,,,
TAXF,American Century Diversified Municipal Bond ETF,Muni National Interm,American Century Investments,504818272.0,0.0354,0.0239458,0.0129393,504818272.0,48.9078,48.61,48.64,,27244,59863,,,3.54,
TAXX,Bondbloxx IR+M Tax-Aware Short Duration ETF,Short-Term Bond,BondBloxx Investment Management,167787824.0,0.0361,,,167787824.0,50.368,50.52,50.52,,3841,12357,,,3.61,
TBF,ProShares Short 20+ Year Treasury,Trading--Inverse Debt,ProShares,68801120.0,0.0433,0.1235888,0.1284956,68801120.0,25.364,25.43,25.3,,199282,179009,,,4.33,
TBFC,The Brinsmere Fund - Conservative ETF,Tactical Allocation,The Brinsmere Funds,299171968.0,0.0323,,,299171968.0,26.2403,26.3853,26.2,,5,1266,18.93046,,3.23,
TBFG,The Brinsmere Fund - Growth ETF,Tactical Allocation,The Brinsmere Funds,287885408.0,0.026600001,,,287885408.0,26.8142,25.48,27.06,,5,57,19.237051,,2.66,
TBG,TBG Dividend Focus ETF,Large Value,TBG ETF,122843008.0,0.0239,,,122843008.0,31.2491,31.29,31.05,,22194,37996,18.335985,,2.39,
TBIL,US Treasury 3 Month Bill ETF,Ultrashort Bond,North Slope Capital,5692906496.0,0.047399998,,,5692906500.0,49.981,49.95,49.98,,1606757,2621890,,,4.74,
TBJL,Innovator 20+ Year Treasury Bond Buffer ETF – July,Defined Outcome,Innovator ETFs,35056944.0,0.0,-0.026455,,35056944.0,19.6553,19.6452,19.58,,918,21023,,,0.0,
TBLL,Invesco Short Term Treasury ETF,Ultrashort Bond,Invesco,2524220672.0,0.047,0.042849302,0.0255224,2524220670.0,105.47,105.44,105.5,,216478,375125,,,4.7,
TBLU,Tortoise Global Water ESG Fund,Natural Resources,"Tortoise Capital Advisors, LLC",51975432.0,0.0127,0.1215616,0.1384539,51975432.0,51.1164,51.1391,51.15,,2889,2925,26.10516,,1.27,
TBT,ProShares UltraShort 20+ Year Treasury,Trading--Inverse Debt,ProShares,288537184.0,0.0461,0.1862233,0.22147079,288537184.0,38.5617,38.75,38.22,,324817,585265,,,4.61,
TBUX,T. Rowe Price Ultra Short-Term Bond ETF,Ultrashort Bond,T. Rowe Price,433845344.0,0.05,0.0534987,,433845344.0,49.75,49.809,49.81,,51090,99087,34.27398,,5.0,
TBX,ProShares Short 7-10 Year Treasury,Trading--Inverse Debt,ProShares,11956517.0,0.0361,0.0807002,0.0718373,11956517.0,28.8757,28.92,28.7,,2129,7395,,,3.61,
TCAF,T. Rowe Price Capital Appreciation Equity ETF,Large Blend,T. Rowe Price,4160923136.0,0.0045,,,4160923140.0,32.98,33.23,32.85,,726092,1115115,30.67196,,0.45,
TCAL,T. Rowe Price Capital Appreciation Premium Income ETF,Derivative Income,T. Rowe Price,52064548.0,,,,52064548.0,24.67,24.6998,24.43,,14410,50260,26.6415,,,
TCHI,iShares MSCI China Multisector Tech ETF,Technology,iShares,22112442.0,0.024300002,0.024103899,,22112442.0,18.93991,19.04,18.87,,7782,41585,17.239056,,2.43,
TCHP,T. Rowe Price Blue Chip Growth ETF,Large Growth,T. Rowe Price,1144409216.0,0.0,0.2185541,,1144409220.0,41.55,41.96,41.34,,63177,216496,35.259212,,0.0,
TCPB,Thrivent Core Plus Bond ETF,Intermediate Core-Plus Bond,Thrivent,248374224.0,,,,248374224.0,49.92329,49.889,49.9101,,12177,76046,,,,
TDEC,FT Vest Emerging Markets Buffer ETF - December,Defined Outcome,First Trust,13321310.0,,,,13321310.0,21.28,21.2997,21.239,,3,8674,,,,
TDI,Touchstone Dynamic International ETF,Foreign Large Blend,Touchstone,53344384.0,0.0304,0.1217277,0.0954924,53344384.0,32.426,32.17,32.2601,,1477,2193,14.8449745,,3.04,
TDIV,First Trust NASDAQ Technology Dividend Index Fund,Technology,First Trust,2673486592.0,0.018099999,0.1668656,0.17604521,2673486590.0,79.85,80.44,79.34,,143128,153247,26.224741,,1.81,
TDSB,Cabana Target Beta ETF,Tactical Allocation,Cabana,73679480.0,0.0311,0.0247912,,73679480.0,21.98,21.9002,21.94,,7465,12160,23.530529,,3.11,
TDSC,Cabana Target Drawdown 10 ETF,Tactical Allocation,Cabana,154282432.0,0.028299998,0.0270479,,154282432.0,23.73,23.74,23.6735,,11455,28063,20.822853,,2.83,
TDTF,FlexShares iBoxx 5-Year Target Duration TIPS Index Fund,Inflation-Protected Bond,Flexshares Trust,793672512.0,0.043,0.0174438,0.022743398,793672510.0,23.7778,23.79,23.85,,167952,192655,,,4.3,
TDTT,FlexShares iBoxx 3-Year Target Duration TIPS Index Fund,Short-Term Inflation-Protected Bond,Flexshares Trust,2397116928.0,0.0437,0.028885601,0.0354639,2397116930.0,24.0791,24.1,24.14,,309669,512374,,,4.37,
TDV,ProShares S&P Technology Dividend Aristocrats ETF,Technology,ProShares,223220576.0,0.0124,0.1250712,0.1599873,223220576.0,76.6904,77.2918,76.13,,8366,10338,29.40073,,1.24,
TDVG,T. Rowe Price Dividend Growth ETF,Large Blend,T. Rowe Price,783382528.0,0.0107,0.110466,,783382530.0,40.56,40.7684,40.33,,69841,65360,25.263094,,1.07,
TDVI,FT Vest Technology Dividend Target Income ETF,Derivative Income,First Trust,76529664.0,0.0414,,,76529664.0,23.84,24.01,23.71,,22974,37374,25.979536,,4.14,
TEC,Harbor Transformative Technologies ETF,Technology,Harbor,3726495.0,,,,3726495.0,23.15572,23.3058,23.515,,112,7869,37.906895,,,
TECB,iShares U.S. Tech Breakthrough Multisector ETF,Technology,iShares,398368416.0,0.0033000002,0.21776381,0.14488849,398368416.0,52.97031,53.45,52.58,,18546,40209,31.48912,,0.33,
TECL,Direxion Daily Technology Bull 3X Shares,Trading--Leveraged Equity,Direxion Funds,2268209408.0,0.0064999997,0.2639143,0.3018387,2268209410.0,68.131,70.6,66.77,,1378810,2301322,40.678932,,0.65,
TECS,Direxion Daily Technology Bear 3X Shares,Trading--Inverse Equity,Direxion Funds,80672528.0,0.0494,-0.553217,-0.5689373,80672528.0,37.595,36.38,38.34,,1264891,1132357,,,4.94,
TEK,iShares Technology Opportunities Active ETF,Technology,BlackRock,19378660.0,,,,19378660.0,25.20035,25.4227,25.205,,2768,5769,39.012146,,,
TEKX,SPDR Galaxy Transformative Tech Accelerators ETF,,,,,,,,,26.8744,26.63,,369,3584,23.707169,,,
TEKY,Lazard Next Gen Technologies ETF,,,,,,,,,31.4517,31.38,,1701,1661,,,,
TEMP,JPMorgan Climate Change Solutions ETF,Global Large-Stock Growth,JPMorgan,5443865.0,0.0153,0.0923282,,5443865.0,46.4013,46.6878,46.53,,731,2088,22.27983,,1.53,
TEMT,Tradr 2X Long TEM Daily ETF,Trading--Leveraged Equity,AXS,,,,,,21.7294,21.74,20.25,,478586,377333,,,,
TEMX,Touchstone Sands Capital Emerging Markets ex-China Growth ETF,Diversified Emerging Mkts,Touchstone,7540227.0,,,,7540227.0,26.625,26.6249,26.56,,3,1910,30.626266,,,
TEQI,T. Rowe Price Equity Income ETF,Large Value,T. Rowe Price,290878400.0,0.0174,0.0756853,,290878400.0,40.82,40.87,40.53,,14545,19103,18.599173,,1.74,
TESL,Simplify Volt TSLA Revolution ETF,Large Growth,Simplify Asset Management,21861798.0,0.015,0.3454298,,21861798.0,24.5649,25.0724,24.95,,21828,36096,74.31636,,1.5,
TFI,SPDR Nuveen Bloomberg Municipal Bond ETF,Muni National Long,SPDR State Street Global Advisors,3164578816.0,0.0313,0.0168648,-0.0071961,3164578820.0,44.36992,44.4,44.42,,895175,1705387,,26.592815,3.13,
TFJL,Innovator 20+ Year Treasury Bond 5 Floor ETF – Quarterly,Defined Outcome,Innovator ETFs,34905044.0,0.0,-0.0280701,,34905044.0,19.8612,19.87,19.82,,34,31709,,,0.0,
TFLO,iShares Treasury Floating Rate Bond ETF,Ultrashort Bond,iShares,7112903680.0,0.0478,0.0461764,0.028155798,7112903700.0,50.60074,50.61,50.63,,1153207,2235395,,,4.78,
TFLR,T. Rowe Price Floating Rate ETF,Bank Loan,T. Rowe Price,281915168.0,0.0775,,,281915168.0,51.25,51.4713,51.59,,34616,52736,,,7.75,
TFPN,Blueprint Chesapeake Multi-Asset Trend ETF,Systematic Trend,Blueprint Chesapeake,113454048.0,0.0106,,,113454048.0,22.2815,22.2736,21.91,,23793,20434,19.695267,,1.06,
TGLR,LAFFER|TENGLER Equity Income ETF,Large Value,"Laffer Tengler Investments, Inc.",13873632.0,0.0105,,,13873632.0,29.71,29.9197,29.5901,,1531,2163,25.280478,,1.05,
TGRT,T. Rowe Price Growth ETF,Large Growth,T. Rowe Price,684413568.0,0.00090000004,,,684413570.0,37.02,37.34,36.73,,23680,74522,35.463398,,0.09,
TGRW,T. Rowe Price Growth Stock ETF,Large Growth,T. Rowe Price,288628736.0,0.0,0.1954792,,288628736.0,38.64,39.0145,38.6,,23678,9526,36.85685,,0.0,
THD,iShares MSCI Thailand ETF,Miscellaneous Region,iShares,191989392.0,0.0347,-0.071915396,-0.0114513,191989392.0,55.15958,54.66,55.0,281928000.0,19021,79887,14.7917795,,3.47,
THEQ,T. Rowe Price Hedged Equity ETF,Equity Hedged,T. Rowe Price,15389179.0,,,,15389179.0,25.15,25.2504,25.17,,1021,558,24.767452,,,
THIR,THOR Index Rotation ETF,,,,,,,,,27.49,27.27,,11922,67236,25.694067,,,
THLV,THOR Equal Weight Low Volatility ETF,Large Blend,THOR,75483456.0,0.0128,,,75483456.0,27.51,27.5557,27.35,,47238,52242,23.084457,,1.28,
THMZ,Lazard Equity Megatrends ETF,,,,,,,,,29.295,29.055,,58,788,,,,
THNQ,Robo Global Artificial Intelligence ETF,Technology,Robo Global,161800224.0,0.0,0.2154138,0.1376349,161800224.0,50.24,50.35,49.87,,6046,23187,35.717056,,0.0,
THNR,Amplify Weight Loss Drug & Treatment ETF,Health,Amplify ETFs,3304796.0,,,,3304796.0,21.593,21.5019,21.59,,1430,1669,25.280193,,,
THRO,iShares U.S. Thematic Rotation Active ETF,Large Blend,iShares,569848512.0,0.0074,0.18262991,,569848510.0,33.45197,33.73,33.32,,3558011,2133271,28.487232,,0.74,
THTA,SoFi Enhanced Yield ETF,Short Government,SoFi,35738980.0,0.155,,,35738980.0,14.9456,14.9,14.9,,8975,71055,23.856625,,15.5,
THY,Toews Agility Shares Dynamic Tactical Income ETF,High Yield Bond,Toews Corporation,36633744.0,0.0505,0.0234228,,36633744.0,21.92,21.9289,21.9199,,3482,12807,10.77041,,5.05,
THYF,T. Rowe Price U.S. High Yield ETF,High Yield Bond,T. Rowe Price,737990976.0,0.073699996,,,737990980.0,51.22,51.3806,51.27,,6842,90550,20.368206,,7.37,
TILL,Teucrium Agricultural Strategy No K-1 ETF,Commodities Focused,Teucrium,4151692.0,0.0257,-0.0967964,,4151692.0,18.908,18.9605,18.84,,831,3650,,,2.57,
TILT,FlexShares Morningstar US Market Factors Tilt Index Fund,Large Blend,Flexshares Trust,1588610816.0,0.013200001,0.1272763,0.1598485,1588610820.0,210.8767,212.0515,209.35,,2914,11533,20.558767,,1.32,
TIME,Clockwise Core Equity & Innovation ETF,Technology,Clockwise Capital Innovation ETF,20965972.0,0.1112,0.2145198,,20965972.0,23.7688,23.8594,23.7305,,4135,6046,28.680262,,11.12,
TINT,ProShares Smart Materials ETF,Natural Resources,ProShares,1379101.0,0.018099999,-0.044338003,,1379101.0,28.3572,26.0408,28.87,,0,165,17.142773,,1.81,
TINY,ProShares Nanotechnology ETF,Technology,ProShares,4625040.0,0.0001,0.0822285,,4625040.0,39.1483,40.6226,40.165,,28,831,19.052885,,0.01,
TIP,iShares TIPS Bond ETF,Inflation-Protected Bond,iShares,13987274752.0,0.030199999,0.0075620003,0.012691099,13987274800.0,108.45309,108.46,108.62,19291111424.0,1596847,2273057,12.197753,,3.02,
TIPX,SPDR Bloomberg 1-10 Year TIPS ETF,Short-Term Inflation-Protected Bond,SPDR State Street Global Advisors,1662822144.0,0.0341,0.0225764,0.027293101,1662822140.0,18.95503,18.94,18.97,,153417,523536,,,3.41,
TIPZ,PIMCO Broad U.S. TIPS Index Exchange-Traded Fund,Inflation-Protected Bond,PIMCO,97994680.0,0.0469,0.0076009,0.0113855,97994680.0,52.55,52.5,52.59,,9480,43406,,,4.69,
TJAN,,Defined Outcome,Innovator ETFs,54084876.0,,,,54084876.0,25.724,25.8085,25.7129,,570,17026,24.492687,,,
TJUL,Innovator Equity Defined Protection ETF – 2 Yr to July 2025,Defined Outcome,Innovator ETFs,159835504.0,0.0,,,159835504.0,28.4238,28.4279,28.29,,2529,45947,24.46707,,0.0,
TLCI,Touchstone International Equity ETF,Foreign Large Blend,Touchstone,33004036.0,,,,33004036.0,26.019,26.0614,26.1594,,224,17777,25.442436,,,
TLH,iShares 10-20 Year Treasury Bond ETF,Long Government,iShares,10153956352.0,0.040799998,-0.0358175,-0.0740616,10153956400.0,97.90739,97.73,98.17,,2697586,2197742,,,4.08,
TLT,iShares 20+ Year Treasury Bond ETF,Long Government,iShares,48141746176.0,0.0421,-0.0693624,-0.1017276,48141746000.0,84.48875,84.41,84.761,9275134976.0,46802295,42716246,,-4227.5005,4.21,
TLTD,FlexShares Morningstar Developed Markets ex-US Factor Tilt Index Fund,Foreign Large Value,Flexshares Trust,481014528.0,0.0357,0.119909495,0.1354199,481014528.0,80.7812,80.61,80.54,,11084,15047,13.259396,,3.57,
TLTE,FlexShares Morningstar Emerging Markets Factor Tilt Index Fund,Diversified Emerging Mkts,Flexshares Trust,249894096.0,0.0358,0.062935,0.0988464,249894096.0,56.09,55.2614,55.274,,10286,13693,11.928839,,3.58,
TLTI,NEOS Enhanced Income 20+ Year Treasury Bond ETF,Long Government,Neos Funds,2832302.0,,,,2832302.0,44.6956,44.64,44.7,,682,2952,22.583252,,,
TLTP,Amplify Bloomberg U.S. Treasury 12% Premium Income ETF,Long Government,Amplify ETFs,9752447.0,,,,9752447.0,22.2188,22.1961,22.254,,9577,9950,,,,
TLTW,iShares 20+ Year Treasury Bond Buywrite Strategy ETF,Derivative Income,iShares,1040434432.0,0.1507,,,1040434430.0,22.48421,22.43,22.54,,500202,886553,,,15.07,
TMAR,FT Vest Emerging Markets Buffer ETF - March,Defined Outcome,First Trust,985295.0,,,,985295.0,20.32,20.266,20.45,,5295,6809,,,,
TMAT,Main Thematic Innovation ETF,Global Small/Mid Stock,Main Management ETFs,135504624.0,0.0,0.14534159,,135504624.0,20.6,20.67,20.25,,23149,25680,31.9986,,0.0,
TMB,Thornburg Multi Sector Bond ETF,,,,,,,,,25.1,25.11,,14405,19346,,,,
TMDV,ProShares Russell US Dividend Growers ETF,Mid-Cap Value,ProShares,4630213.0,0.0286,0.031287,0.0874304,4630213.0,46.5302,46.8721,46.46,,235,274,20.415535,,2.86,
TMET,iShares Transition-Enabling Metals ETF,Commodities Focused,iShares,8976682.0,0.2823,,,8976682.0,23.31515,23.03,23.42,,11,500,,,28.23,
TMF,Direxion Daily 20+ Year Treasury Bull 3X Shares,Trading--Leveraged Debt,Direxion Funds,4818746880.0,0.040599998,-0.3417797,-0.37933528,4818746900.0,34.993,34.88,35.26,,11458528,9380390,,,4.06,
TMFC,Motley Fool 100 Index ETF,Large Growth,Motley Fool,1212228736.0,0.0017,0.2212795,0.18154721,1212228740.0,59.9006,60.41,59.59,,128488,176636,30.579748,,0.17,
TMFE,Motley Fool Capital Efficiency 100 Index ETF,Large Growth,Motley Fool,74183264.0,0.0023999999,0.20946251,,74183264.0,26.9263,27.18,26.88,,146699,29763,32.70509,,0.24,
TMFG,Motley Fool Global Opportunities ETF,Global Large-Stock Growth,Motley Fool,388811104.0,0.0037,0.1384187,0.1041641,388811104.0,29.5306,29.47,29.26,,7146,15928,29.759102,,0.37,
TMFM,Motley Fool Mid-Cap Growth ETF,Mid-Cap Growth,Motley Fool,172929152.0,0.0008,0.118578196,0.0738751,172929152.0,25.7239,25.7718,25.55,,1724,10093,30.18607,,0.08,
TMFS,Motley Fool Small-Cap Growth ETF,Small Growth,Motley Fool,75225376.0,0.0,0.106175005,0.0624642,75225376.0,33.7319,33.9698,33.4782,,3396,11685,21.872063,,0.0,
TMFX,Motley Fool Next Index ETF,Mid-Cap Growth,Motley Fool,28929804.0,0.0007,0.108481,,28929804.0,19.3843,19.4609,19.17,,4588,9926,27.19244,,0.07,
TMH,Precidian Etfs Trust - Anheuser-Bush Inbev Sa/nv Adrhedged Fund,,,,,,,,,49.8758,49.07,,3,288,,,,
TMSL,T. Rowe Price Small-Mid Cap ETF,Mid-Cap Blend,T. Rowe Price,699124224.0,0.0047999998,,,699124220.0,31.08,31.25,30.9,,108447,295015,18.057491,,0.48,
TMV,Direxion Daily 20+ Year Treasury Bear 3X Shares,Trading--Inverse Debt,Direxion Funds,170789472.0,0.0359,0.1165111,0.22226459,170789472.0,42.457,42.62,42.15,,1534937,1312925,,,3.59,
TNA,Direxion Daily Small Cap Bull 3X Shares,Trading--Leveraged Equity,Direxion Funds,1651743104.0,0.0182,-0.0962724,0.0383463,1651743100.0,28.164,28.43,26.95,,14436176,16812788,17.411842,,1.82,
TOAK,Twin Oak Short Horizon Absolute Return ETF,Equity Hedged,Twin Oak ETF Company,37001228.0,,,,37001228.0,27.6898,27.655,27.67,,2,1998,27.690725,,,
TOGA,Tremblant Global ETF,Global Large-Stock Growth,Tremblant Advisors LP,154318544.0,0.0,,,154318544.0,32.1283,32.293,32.04,,1790,15455,27.505524,,0.0,
TOK,iShares MSCI Kokusai ETF,Global Large-Stock Blend,iShares,200814864.0,0.0168,0.14994851,0.1565513,200814864.0,119.78548,121.786,121.804,,312,4673,23.075138,,1.68,
TOKE,Cambria Cannabis ETF,Miscellaneous Sector,CAMBRIA ETF TRUST,12516207.0,0.056500003,-0.1677566,-0.1509306,12516207.0,4.6661,4.71,4.71,,1123,18682,15.823204,,5.65,
TOLL,Tema Monopolies and Oligopolies ETF,Large Growth,Tema Global Limited,52900712.0,0.0037,,,52900712.0,32.8128,33.07,32.84,,2331,7771,29.53922,,0.37,
TOLZ,ProShares DJ Brookfield Global Infrastructure ETF,Infrastructure,ProShares,161536160.0,0.0326,0.0670641,0.1070098,161536160.0,54.3587,53.9118,53.805,,15796,42730,19.38893,,3.26,
TOPC,iShares S&P 500 3% Capped ETF,Large Blend,iShares,7756343.0,,,,7756343.0,26.83383,26.9746,26.9274,,359,3537,24.244999,,,
TOPT,iShares Top 20 U.S. Stocks ETF,Large Blend,iShares,207713888.0,,,,207713888.0,25.22944,25.49,25.15,,189062,341585,29.468079,,,
TOTL,SPDR DoubleLine Total Return Tactical ETF,Intermediate Core-Plus Bond,SPDR State Street Global Advisors,3565595904.0,0.0525,0.022031901,-0.0014373,3565595900.0,39.42991,39.38,39.5,,432680,431719,,,5.25,
TOTR,T. Rowe Price Total Return ETF,Intermediate Core-Plus Bond,T. Rowe Price,554983616.0,0.0514,0.013351999,,554983620.0,39.86,39.9396,39.97,,3617,57046,1.8162198,,5.14,
TOUS,T. Rowe Price International Equity ETF,Foreign Large Blend,T. Rowe Price,619989632.0,0.026300002,,,619989630.0,31.13,31.17,30.9,,101744,346165,16.97105,,2.63,
TOV,JLens 500 Jewish Advocacy U.S. ETF,Large Blend,JLens,126209120.0,,,,126209120.0,24.3516,24.5229,24.4324,,3888,85832,25.530684,,,
TPHD,Timothy Plan High Dividend Stock ETF,Mid-Cap Value,Timothy Plan,278124672.0,0.0214,0.0761514,0.146615,278124672.0,36.73,36.66,36.42,,14705,52660,18.927212,,2.14,
TPHE,Timothy Plan High Dividend Stock Enhanced ETF,Mid-Cap Value,Timothy Plan,26893840.0,0.0229,0.0032808,,26893840.0,24.55,24.5312,24.46,,4027,26746,18.540989,,2.29,
TPIF,Timothy Plan International ETF,Foreign Large Blend,Timothy Plan,128606208.0,0.0232,0.106384695,0.1113267,128606208.0,31.16,31.095,30.98,,15048,22098,15.9556055,,2.32,
TPLC,Timothy Plan US Large/Mid Cap Core ETF,Mid-Cap Blend,Timothy Plan,306865632.0,0.0093,0.1045405,0.1386943,306865632.0,43.3,43.4229,42.89,,154841,51892,22.94175,,0.93,
TPLE,Timothy Plan US Large/Mid Cap Core Enhanced ETF,Mid-Cap Blend,Timothy Plan,17415488.0,0.0105,0.0405022,,17415488.0,25.8,25.8716,25.78,,1918,36307,22.926239,,1.05,
TPLS,Thornburg Core Plus Bond ETF,,,,,,,,,24.845,24.853,,103,6422,,,,
TPMN,Timothy Plan Market Neutral ETF,Equity Market Neutral,Timothy Plan,31355812.0,0.0424,,,31355812.0,24.34,24.2699,24.25,,3833,5753,12.561541,,4.24,
TPOR,Direxion Daily Transportation Bull 3X Shares,Trading--Leveraged Equity,Direxion Funds,13057442.0,0.0195,-0.054064598,0.21149229,13057442.0,22.288,22.77,21.83,,17449,27960,18.853313,,1.95,
TPSC,Timothy Plan US Small Cap Core ETF,Small Blend,Timothy Plan,182269952.0,0.0113,0.0889869,0.1528942,182269952.0,37.2,37.33,36.84,,26224,25542,16.7466,,1.13,
TPYP,Tortoise North American Pipeline Fund,Energy Limited Partnership,"Tortoise Capital Advisors, LLC",706042752.0,0.039100002,0.1481823,0.2139216,706042750.0,35.2248,34.78,34.7,0.0,30108,58434,19.224596,,3.91,
TPZ,Tortoise Essential Energy Fund,Equity Energy,"Tortoise Capital Advisors, LLC",159218416.0,0.0235,0.1606422,0.1817247,159218416.0,19.9302,19.7004,19.64,117391088.0,20192,35680,18.85307,-1993.0001,2.35,
TQQQ,ProShares UltraPro QQQ,Trading--Leveraged Equity,ProShares,21092808704.0,0.0179,0.3399623,0.2836508,21092808700.0,66.278,68.29,65.125,,106215051,118936563,35.95182,,1.79,
TQQY,GraniteShares YieldBOOST QQQ ETF,,,,,,,,,18.4886,17.83,,8066,5669,,,,
TRFK,Pacer Data and Digital Revolution ETF,Technology,Pacer,54487796.0,0.0043,,,54487796.0,50.7257,51.1649,50.66,,4844,10158,37.642555,,0.43,
TRFM,AAM Transformers ETF,Global Large-Stock Growth,AAM,50673284.0,0.0,,,50673284.0,39.2679,39.422,39.21,,2479,6542,31.912832,,0.0,
TRIO,MC Trio Equity Buffered ETF,Derivative Income,"McCarthy & Cox Retirement & Estate Specialists, LLC",94953352.0,,,,94953352.0,60.1742,60.3745,60.15,,1322,31983,,,,
TRND,Pacer Trendpilot Fund of Funds ETF,Tactical Allocation,Pacer,55756984.0,0.0242,0.058003,0.0670649,55756984.0,30.6491,30.726,30.54,,3087,10888,15.459608,,2.42,
TRPA,Hartford Funds Exchange-Traded Trust - Hartford AAA CLO ETF,,,,,,,,,39.06,39.0,,17907,24873,,,,
TRSY,Xtrackers US 0-1 Year Treasury ETF,Short Government,Xtrackers,18087384.0,,,,18087384.0,30.14,30.13,30.14,,332,21776,,,,
TRTY,Cambria Trinity ETF,Tactical Allocation,CAMBRIA ETF TRUST,108961000.0,0.0312,0.0205729,0.0751483,108961000.0,25.8032,25.7,25.75,,2679,4131,11.964438,,3.12,
TSDD,Graniteshares 2x Short TSLA Daily ETF,Trading--Inverse Equity,Graniteshares,74171856.0,0.0,,,74171856.0,22.87,22.64,23.1,,3295415,2582192,,,0.0,
TSEC,Touchstone Securitized Income ETF,Short-Term Bond,Touchstone,113371584.0,0.0574,,,113371584.0,26.084,26.12,26.15,,114,10449,,,5.74,
TSEL,Touchstone Sands Capital US Select Growth ETF,,,,,,,,,25.7523,25.53,,13371,26253,41.05757,,,
TSEP,,Defined Outcome,First Trust,2023778.0,,,,2023778.0,20.99,21.0212,20.98,,0,1258,,,,
TSL,GraniteShares 1.25x Long Tsla Daily ETF,Trading--Leveraged Equity,Graniteshares,23719396.0,0.0,,,23719396.0,13.83,13.92,13.635,,509110,700190,,,0.0,
TSLG,Leverage Shares 2X Long TSLA Daily ETF,,,,,,,,,7.23,7.07,,10061679,3221495,,,,
TSLL,Direxion Daily TSLA Bull 2X Shares,Trading--Leveraged Equity,Direxion Funds,5008799232.0,0.0367,,,5008799200.0,14.467,14.62,14.305,,164547894,209966095,84.744026,,3.67,
TSLP,Kurv Yield Premium Strategy Tesla ETF,Derivative Income,Kurv Investment Management Inc.,19772256.0,0.33990002,,,19772256.0,21.6696,21.7759,21.54,,16789,31722,,,33.99,
TSLQ,Tradr 2X Short TSLA Daily ETF,Trading--Inverse Equity,AXS,363577984.0,0.0482,,,363577984.0,18.19,18.0,18.382,,29980274,18798938,39.693447,,4.82,
TSLR,Graniteshares 2x Long TSLA Daily ETF,Trading--Leveraged Equity,Graniteshares,210168688.0,0.0,,,210168688.0,23.01,23.25,22.741,,2036128,4441061,,,0.0,
TSLS,Direxion Daily TSLA Bear 1X Shares,Trading--Inverse Equity,Direxion Funds,77906416.0,0.0481,,,77906416.0,7.678,7.63,7.72,,13213136,12871507,,,4.81,
TSLT,T-Rex 2X Long Tesla Daily Target ETF,Trading--Leveraged Equity,"Tuttle Capital Management, LLC",348227808.0,0.0,,,348227808.0,19.7,19.88,19.44,,4940345,8058977,84.653564,,0.0,
TSLY,YieldMax TSLA Option Income Strategy ETF,Derivative Income,YieldMax ETFs,995694848.0,1.2847,,,995694850.0,9.1041,9.12,9.04,,3299322,4749109,,,128.47,
TSLZ,T-Rex 2X Inverse Tesla Daily Target ETF,Trading--Inverse Equity,"Tuttle Capital Management, LLC",107568840.0,0.0207,,,107568840.0,1.66,1.645,1.68,,89459748,86316630,,,2.07,
TSME,Thrivent Small-Mid Cap Equity ETF,Mid-Cap Blend,Thrivent,399772704.0,0.0042,,,399772704.0,34.87381,35.0,34.52,,14064,101763,,,0.42,
TSMG,Themes ETF Trust - Leverage Shares 2X Long TSM Daily ETF,,,,,,,,,12.31,11.829,,6098,17222,,,,
TSMU,GraniteShares 2x Long TSM Daily ETF,,,,,,,,,21.01,20.06,,69928,65784,,,,
TSMX,Direxion Daily TSM Bull 2X Shares,,,,,,,,,24.98,23.77,,545564,645336,28.31611,,,
TSMY,YieldMax TSM Option Income Strategy ETF,Derivative Income,YieldMax ETFs,41560076.0,,,,41560076.0,15.2144,15.47,15.14,,22093,42241,,,,
TSMZ,Direxion Daily TSM Bear 1X Shares,,,,,,,,,19.8,20.31,,4354,17120,,,,
TSPA,T. Rowe Price US Equity Research ETF,Large Blend,T. Rowe Price,1503448064.0,0.0053,0.165558,,1503448060.0,36.4,36.67,36.17,,228880,294031,26.304153,,0.53,
TSPX,,,,,,,,,,24.2559,24.68,,1,152518,,,,
TSPY,TappAlpha SPY Growth & Daily Income ETF,,,,,,,,,23.26,23.12,,41211,55371,,,,
TSW,Roundhill TSLA WeeklyPay ETF,Trading--Miscellaneous,Roundhill Investments,5067275.0,,,,5067275.0,40.2066,40.64,40.0,,52435,21950,,,,
TSYY,GraniteShares YieldBOOST TSLA ETF,,,,,,,,,11.3728,11.32,,54262,18600,,,,
TTEQ,T. Rowe Price Technology ETF,,,,,,,,,26.47,25.92,,4446,10733,35.61217,,,
TTT,ProShares UltraPro Short 20+ Year Treasury,Trading--Inverse Debt,ProShares,25144576.0,0.014400001,0.2085977,0.2835778,25144576.0,83.5381,83.8,82.08,,4228,7752,,,1.44,
TUA,Simplify Short Term Treasury Futures Strategy ETF,Intermediate Core Bond,Simplify Asset Management,768130624.0,0.045100003,,,768130620.0,21.684,21.68,21.79,,463632,1128136,,,4.51,
TUG,STF Tactical Growth ETF,Tactical Allocation,STFM,175250448.0,0.002,0.1275619,,175250448.0,33.4808,33.7,33.34,,5109,13403,31.859138,,0.2,
TUGN,STF Tactical Growth & Income ETF,Tactical Allocation,STFM,40888728.0,0.1313,0.092771195,,40888728.0,22.852,23.06,22.86,,27392,19236,31.686197,,13.13,
TUR,iShares MSCI Turkey ETF,Miscellaneous Region,iShares,132351752.0,0.0208,0.187048,0.110735305,132351752.0,31.18493,31.7,31.26,488905984.0,82224,249968,10.303136,,2.08,
TUSB,Thrivent Ultra Short Bond ETF,Ultrashort Bond,Thrivent,116367528.0,,,,116367528.0,50.24583,50.306,50.45,,7459,38928,,,,
TUSI,Touchstone Ultra Short Income ETF,Ultrashort Bond,Touchstone,126488216.0,0.052699998,,,126488216.0,25.352,25.38,25.41,,57825,67253,,,5.27,
TVAL,T. Rowe Price Value ETF,Large Value,T. Rowe Price,429374368.0,0.0116,,,429374368.0,31.29,31.37,31.17,,34835,50088,20.109726,,1.16,
TWM,ProShares UltraShort Russell2000,Trading--Inverse Equity,ProShares,51211272.0,0.0511,-0.1532836,-0.25911868,51211272.0,49.6662,49.3,51.12,,348006,322576,,622.0,5.11,
TWOX,iShares Large Cap Accelerated Outcome ETF,Defined Outcome,iShares,13076375.0,,,,13076375.0,24.38261,24.4699,24.4978,,4,4211,25.202168,,,
TXS,Texas Capital Texas Equity Index ETF,Mid-Cap Blend,Texas Capital Funds Trust,27475196.0,0.0086,,,27475196.0,33.15,32.97,33.12,,102733,5673,20.113026,,0.86,
TXSS,Texas Capital Texas Small Cap Equity Index ETF,Small Blend,Texas Capital Funds Trust,9339514.0,0.0054,,,9339514.0,24.83,24.9633,24.8128,,1969,2180,16.359272,,0.54,
TXUE,Thornburg International Equity ETF,,,,,,,,,28.6,28.6,,21398,39888,,,,
TXUG,Thornburg International Growth ETF,,,,,,,,,25.5019,25.4594,,569,665,,,,
TXXI,BondBloxx IR+M Tax-Aware Intermediate Duration ETF,Muni National Interm,BondBloxx Investment Management,9916105.0,,,,9916105.0,49.156,49.4052,49.28,,28,3478,,,,
TYA,Simplify Intermediate Term Treasury Futures Strategy ETF,Long Government,Simplify Asset Management,166434320.0,0.0424,-0.0826427,,166434320.0,12.8011,12.73,12.88,,471312,220798,,,4.24,
TYD,Direxion Daily 7-10 Year Treasury Bull 3X Shares,Trading--Leveraged Debt,Direxion Funds,50417744.0,0.0317,-0.12194239,-0.1613341,50417744.0,24.06,23.9,24.22,,64654,94053,,,3.17,
TYLD,Cambria Tactical Yield ETF,Multisector Bond,CAMBRIA ETF TRUST,44483492.0,0.0419,,,44483492.0,25.4817,25.465,25.4997,,4536,40652,,,4.19,
TYLG,Global X Information Technology Covered Call & Growth ETF,Derivative Income,Global X Funds,9859587.0,0.0809,,,9859587.0,30.73,31.0244,30.86,,1164,1838,33.801216,,8.09,
TYO,Direxion Daily 7-10 Year Treasury Bear 3X Shares,Trading--Inverse Debt,Direxion Funds,9976397.0,0.0438,0.1205213,0.1480162,9976397.0,14.315,14.4,14.25,,15251,27801,,,4.38,
TZA,Direxion Daily Small Cap Bear 3X Shares,Trading--Inverse Equity,Direxion Funds,255566944.0,0.042600002,-0.2790158,-0.4103788,255566944.0,14.53,14.38,15.14,,22849765,23405371,,,4.26,
UAE,iShares MSCI UAE ETF,Miscellaneous Region,iShares,103344104.0,0.0307,0.0673666,0.1726342,103344104.0,18.39834,18.53,18.42,,32625,201260,10.579001,,3.07,
UAPR,Innovator U.S. Equity Ultra Buffer ETF - April,Defined Outcome,Innovator ETFs,148317600.0,0.0,0.0671442,0.049405597,148317600.0,30.3981,30.47,30.39,,10354,76404,24.66077,,0.0,
UAUG,Innovator U.S. Equity Ultra Buffer ETF - August,Defined Outcome,Innovator ETFs,145681472.0,0.0,0.091690995,0.0723172,145681472.0,35.5479,35.725,35.41,,1278,18634,24.741852,,0.0,
UBND,VictoryShares Core Plus Intermediate Bond ETF,Intermediate Core-Plus Bond,Victory Capital,633722624.0,0.0452,0.0269339,,633722620.0,21.37,21.38,21.3881,,51754,194947,,,4.52,
UBOT,"Direxion Daily Robotics, Artificial Intelligence & Automation Index Bull 2X Shares",Trading--Leveraged Equity,Direxion Funds,20782084.0,0.0168,0.06343,0.0412676,20782084.0,19.313,19.53,18.901,,13042,19942,32.58092,,1.68,
UBR,ProShares Ultra MSCI Brazil Capped,Trading--Leveraged Equity,ProShares,2667706.0,0.056900002,-0.13258721,0.045437597,2667706.0,19.5471,19.583,19.6,,618,3757,,,5.69,
UBRL,GraniteShares 2x Long UBER Daily ETF,,,,,,,,,30.33,29.89,,86891,157761,,,,
UBT,ProShares Ultra 20+ Year Treasury,Trading--Leveraged Debt,ProShares,139219616.0,0.0427,-0.2015377,-0.2419567,139219616.0,15.7103,15.66,15.66,,183853,337244,,,4.27,
UCC,ProShares Ultra Consumer Services,Trading--Leveraged Equity,ProShares,12301481.0,0.0050999997,0.1923309,0.113895,12301481.0,42.7271,43.2324,42.49,,2848,8460,28.658665,,0.51,
UCO,ProShares Ultra Bloomberg Crude Oil,Trading--Leveraged Commodities,ProShares,347502048.0,0.0,-0.21674049,0.2997534,347502048.0,21.132,20.75,20.55,,1519368,2173912,,,0.0,
UCON,First Trust Smith Unconstrained Plus Bond ETF,Nontraditional Bond,First Trust,3196364032.0,0.0476,0.0436133,0.0333471,3196364030.0,24.6,24.51,24.57,,455561,1109123,,,4.76,
UCRD,VictoryShares ESG Corporate Bond ETF,Corporate Bond,Victory Capital,138122560.0,0.0399,0.029194301,,138122560.0,20.88,20.895,20.9148,,203,152,,,3.99,
UCYB,ProShares Ultra Nasdaq Cybersecurity,Trading--Leveraged Equity,ProShares,4435576.0,0.0215,0.24286132,,4435576.0,55.7173,56.855,56.08,,379,1888,,,2.15,
UDEC,Innovator U.S. Equity Ultra Buffer ETF - December,Defined Outcome,Innovator ETFs,397864480.0,0.0,0.0730124,0.0604021,397864480.0,34.9749,35.11,34.84,,21741,180411,24.672295,,0.0,
UDI,USCF ESG Dividend Income Fund,Large Value,USCF Investments,3255442.0,0.0582,,,3255442.0,28.799,28.9543,28.769,,232,1025,16.31691,,5.82,
UDIV,Franklin U.S. Core Dividend Tilt Index ETF,Large Blend,Franklin Templeton Investments,53801728.0,0.0223,0.1252674,0.15819511,53801728.0,44.95,45.24,44.72,,2360,6798,23.610504,,2.23,
UDN,Invesco DB US Dollar Index Bearish Fund,Trading--Miscellaneous,Invesco,135282016.0,0.048499998,0.029103799,0.008668,135282016.0,18.45,18.3,18.38,,254209,291853,,,4.85,
UDOW,ProShares UltraPro Dow30,Trading--Leveraged Equity,ProShares,615073152.0,0.0143,0.1468274,0.24778509,615073150.0,80.5451,82.12,79.14,,2002441,2760068,22.604948,,1.43,
UEVM,VictoryShares Emerging Markets Value Momentum ETF,Diversified Emerging Mkts,Victory Capital,191441184.0,0.059699997,0.09887689,0.119562104,191441184.0,50.13,50.14,50.374,,552,9168,10.685436,,5.97,
UFEB,Innovator U.S. Equity Ultra Buffer ETF - February,Defined Outcome,Innovator ETFs,242551680.0,0.0,0.0754846,0.067055605,242551680.0,33.033,33.09,33.04,,15443,96241,24.690695,,0.0,
UFIV,"The RBB Fund, Inc.- US Treasury 5 Year Note ETF",Intermediate Government,North Slope Capital,49397324.0,0.039100002,,,49397324.0,48.5623,48.515,48.5959,,1708,26114,,,3.91,
UFO,Procure Space ETF,Industrials,Procure ETF Trust II,49462712.0,0.021300001,0.0585164,0.0735882,49462712.0,24.0979,24.35,24.0,,162416,47641,15.81341,,2.13,
UGA,"United States Gasoline Fund, LP",Commodities Focused,USCF Investments,68368592.0,0.0,-0.043754,0.2921581,68368592.0,59.819,60.0049,59.75,,3744,21941,,,0.0,
UGE,ProShares Ultra Consumer Goods,Trading--Leveraged Equity,ProShares,7832299.0,0.0155,0.0104711,0.1424451,7832299.0,18.8409,18.9092,18.66,,2036,18350,22.748087,1880.0,1.55,
UGL,ProShares Ultra Gold,Trading--Leveraged Commodities,ProShares,523571680.0,0.0,0.34161258,0.1851239,523571680.0,144.867,138.48,143.7,,506020,523887,,,0.0,
UITB,VictoryShares Core Intermediate Bond ETF,Intermediate Core Bond,Victory Capital,2404544768.0,0.0388,0.0219894,0.0026675998,2404544770.0,46.09,46.05,46.19,,97940,199438,,,3.88,
UIVM,VictoryShares International Value Momentum ETF,Foreign Large Value,Victory Capital,243977264.0,0.0416,0.1316634,0.1351724,243977264.0,56.04,55.72,55.86,,10941,4265,12.220768,,4.16,
UJAN,Innovator U.S. Equity Ultra Buffer ETF - January,Defined Outcome,Innovator ETFs,247625344.0,0.0,0.0985682,0.0753251,247625344.0,38.9645,39.0953,38.91,,4005,27347,24.711214,,0.0,
UJB,ProShares Ultra High Yield,Trading--Leveraged Debt,ProShares,4345678.0,0.0318,0.0824399,0.056627203,4345678.0,73.5481,73.6549,73.51,,1386,12598,,,3.18,
UJUL,Innovator U.S. Equity Ultra Buffer ETF - July,Defined Outcome,Innovator ETFs,135621296.0,0.0,0.1014044,0.071454704,135621296.0,34.4347,34.675,34.27,,2661,23287,24.946564,,0.0,
UJUN,Innovator U.S. Equity Ultra Buffer ETF - June,Defined Outcome,Innovator ETFs,62388484.0,0.0,0.0808008,0.0567262,62388484.0,34.179,34.45,34.15,,1697,6371,24.964334,,0.0,
ULE,ProShares Ultra Euro,Trading--Miscellaneous,ProShares,8085989.0,0.0,0.0257671,-0.0047029,8085989.0,12.498,12.32,12.45,,35134,35539,,,0.0,
ULST,SPDR SSgA Ultra Short Term Bond ETF,Ultrashort Bond,SPDR State Street Global Advisors,622299648.0,0.048499998,0.0479244,0.0317008,622299650.0,40.56113,40.57,40.59,,869747,221147,,,4.85,
ULTY,YieldMax Ultra Option Income Strategy ETF,Derivative Income,YieldMax ETFs,226379696.0,1.6552,,,226379696.0,6.0837,6.1,6.02,,2869944,1994822,26.701918,,165.52,
ULVM,VictoryShares US Value Momentum ETF,Large Value,Victory Capital,152339648.0,0.0184,0.104397096,0.1536385,152339648.0,80.61,80.78,80.1745,,2151,3242,17.872965,,1.84,
UMAR,Innovator U.S. Equity Ultra Buffer ETF - March,Defined Outcome,Innovator ETFs,127922256.0,0.0,0.0824539,0.0685367,127922256.0,36.2941,36.4126,36.215,,6808,69020,24.66249,,0.0,
UMAY,Innovator U.S. Equity Ultra Buffer ETF - May,Defined Outcome,Innovator ETFs,45047292.0,0.0,0.0846081,0.0565792,45047292.0,33.9988,34.1,33.9,,9034,14514,24.638298,,0.0,
UMDD,ProShares UltraPro MidCap400,Trading--Leveraged Equity,ProShares,22841662.0,0.012,0.013026,0.18631439,22841662.0,20.3622,20.43,19.43,,12464,16584,20.079895,,1.2,
UMI,USCF Midstream Energy Income Fund,Energy Limited Partnership,USCF Investments,358935232.0,0.040700004,0.18368179,,358935232.0,49.8,49.3392,49.05,,9891,19646,18.327929,,4.07,
UMMA,Wahed Dow Jones Islamic World ETF,Foreign Large Growth,Wahed Invest,121029680.0,0.0089,0.092998,,121029680.0,25.437,25.57,25.34,,17173,31979,23.396221,,0.89,
UNG,"United States Natural Gas Fund, LP",Commodities Focused,USCF Investments,450356000.0,0.0,-0.48084518,-0.1841426,450356000.0,16.914,16.65,16.7,203383824.0,6403212,6960096,,,0.0,
UNIY,WisdomTree Voya Yield Enchanced USD Universal Bond Fund,Intermediate Core Bond,WisdomTree,1254449408.0,0.0513,,,1254449410.0,47.903,47.8716,47.96,,215,41203,,,5.13,
UNL,"United States 12 Month Natural Gas Fund, LP",Commodities Focused,USCF Investments,12033791.0,0.0,-0.2980586,0.0298262,12033791.0,9.159,9.0448,9.0,,10649,69115,,,0.0,
UNOV,Innovator U.S. Equity Ultra Buffer ETF - November,Defined Outcome,Innovator ETFs,139068352.0,0.0,0.0786497,0.0637697,139068352.0,34.7379,34.8805,34.72,,2745,52603,24.743864,,0.0,
UOCT,Innovator U.S. Equity Ultra Buffer ETF October,Defined Outcome,Innovator ETFs,206447152.0,0.0,0.09497461,0.0763613,206447152.0,35.332,35.43,35.21,,5317,54041,24.710457,,0.0,
UPAR,UPAR Ultra Risk Parity ETF,Moderate Allocation,Evoke,57658580.0,0.0348,-0.0196562,,57658580.0,13.4774,13.43,13.38,,23281,14403,15.783396,,3.48,
UPGD,Invesco Bloomberg Analyst Rating Improvers ETF,Mid-Cap Blend,Invesco,103553912.0,0.012999999,0.0993397,0.1544197,103553912.0,69.72,69.8,69.38,,2933,2112,22.122793,,1.3,
UPGR,Xtrackers US Green Infrastructure Select Equity ETF,Infrastructure,Xtrackers,3466970.0,0.0117999995,,,3466970.0,17.25,17.11,17.25,,10,673,27.28257,,1.18,
UPRO,ProShares UltraPro S&P500,Trading--Leveraged Equity,ProShares,3343936000.0,0.013099999,0.23405689,0.3170547,3343936000.0,75.8926,77.54,74.64,,5775564,7331198,27.219177,,1.31,
UPSD,Etf Series Solutions - Aptus Large Cap Upside Etf,,,,,,,,,23.2306,23.16,,21325,14442,,,,
UPV,ProShares Ultra FTSE Europe,Trading--Leveraged Equity,ProShares,7998034.0,0.0199,0.1584534,0.2000677,7998034.0,75.4195,75.7576,74.3195,,964,5409,,,1.99,
UPW,ProShares Ultra Utilities,Trading--Leveraged Equity,ProShares,16338630.0,0.0182,0.0355636,0.1354095,16338630.0,79.5727,77.97,78.97,,5424,10487,21.503262,,1.82,
URA,Global X Uranium ETF,Natural Resources,Global X Funds,2673637376.0,0.0305,0.1771212,0.289954,2673637380.0,31.71,28.52,30.5,,13795659,3231938,24.415236,,3.05,
URAA,Direxion Daily Uranium Bull 2X ETF,Trading--Leveraged Equity,Direxion Funds,6784167.0,,,,6784167.0,16.784,16.8499,19.12,,258300,39117,27.411676,,,
URAN,Themes Uranium & Nuclear ETF,Miscellaneous Sector,Themes ETF Trust,5269699.0,,,,5269699.0,30.6304,30.504,32.01,,16253,2214,21.669107,,,
URE,ProShares Ultra Real Estate,Trading--Leveraged Equity,ProShares,60948652.0,0.0241,-0.0654507,0.0653034,60948652.0,60.3874,60.3506,60.18,,4813,3250,33.75268,,2.41,
URNJ,Sprott Junior Uranium Miners ETF,Natural Resources,Sprott,230518224.0,0.051799998,,,230518224.0,17.91,15.81,17.22,,697084,355830,,,5.18,
URNM,Sprott Uranium Miners ETF,Natural Resources,Sprott,1313818112.0,0.0369,0.0987156,0.2852361,1313818110.0,40.72,36.65,38.765,,2500023,647630,8.428811,,3.69,
URTH,iShares MSCI World ETF,Global Large-Stock Blend,iShares,4318803456.0,0.0149,0.1395157,0.1484029,4318803500.0,160.80688,161.49,159.73,1110624000.0,204181,420333,22.354788,,1.49,
URTY,ProShares UltraPro Russell2000,Trading--Leveraged Equity,ProShares,282520672.0,0.0234,-0.1042289,0.0348407,282520672.0,32.9917,33.33,31.57,,999037,1542587,17.39086,,2.34,
USAF,Atlas America Fund,,,,,,,,,26.375,26.44,,1207,7746,32.40213,,,
USAI,Pacer American Energy Independence ETF,Energy Limited Partnership,Pacer,89781328.0,0.0419,0.1627226,0.2626726,89781328.0,39.0987,38.693,38.44,,5623,12379,19.015179,,4.19,
USCA,Xtrackers MSCI USA Climate Action Equity ETF,Large Blend,Xtrackers,2672993792.0,0.013200001,,,2672993790.0,36.409,36.6383,36.35,,4019,9809,25.360638,,1.32,
USCI,"United States Commodity Index Fund, LP",Commodities Broad Basket,USCF Investments,220117056.0,0.0,0.0698241,0.2210459,220117056.0,71.373,71.2728,70.96,,6614,26165,34.30257,,0.0,
USCL,Ishares Climate Conscious & Transition MSCI USA ETF,Large Blend,iShares,2145992832.0,0.0128999995,,,2145992830.0,69.16729,69.5946,69.21,,41,12138,25.404112,,1.29,
USD,ProShares Ultra Semiconductors,Trading--Leveraged Equity,ProShares,721126144.0,0.003,0.6244288,0.5123018,721126140.0,52.1605,53.47,51.04,,635556,853822,47.638527,,0.3,
USDU,WisdomTree Bloomberg U.S. Dollar Bullish Fund,Trading--Miscellaneous,WisdomTree,197048464.0,0.0418,0.0458472,0.0223568,197048464.0,26.101,26.3,25.88,,64011,293450,,,4.18,
USDX,SGI Enhanced Core ETF,Intermediate Core Bond,Summit Global Investments,467224064.0,0.0378,,,467224064.0,25.6321,25.65,25.65,,28252,193319,,,3.78,
USE,USCF Energy Commodity Strategy Absolute Return Fund,Commodities Focused,USCF Investments,2496953.0,0.4294,,,2496953.0,24.241,23.4394,24.41,,50,949,,,42.94,
USEP,Innovator U.S. Equity Ultra Buffer ETF - September,Defined Outcome,Innovator ETFs,130322992.0,0.0,0.0962257,0.0724717,130322992.0,35.2393,35.395,35.2599,,2803,12723,24.786608,,0.0,
USFI,Brandywineglobal-U.S. Fixed Income ETF,,,,,,,,,24.06,24.07,,3,146,,,,
USFR,WisdomTree Floating Rate Treasury Fund,Ultrashort Bond,WisdomTree,18591322112.0,0.0477,0.0463897,0.028378898,18591322100.0,50.462,50.45,50.47,,3910528,6577820,,,4.77,
USG,USCF Gold Strategy Plus Income Fund,Commodities Focused,USCF Investments,11369825.0,0.0621,0.1807971,,11369825.0,35.601,34.84,35.58,,5575,7258,,,6.21,
USHY,iShares Broad USD High Yield Corporate Bond ETF,High Yield Bond,iShares,21183105024.0,0.0687,0.074275196,0.0583382,21183105000.0,36.65492,36.755,36.61,,8202860,17482903,10.783608,,6.87,
USIG,iShares Broad USD Investment Grade Corporate Bond ETF,Corporate Bond,iShares,13086635008.0,0.045300003,0.030696599,0.0029369,13086635000.0,50.1812,50.16,50.28,,1593973,1936850,,,4.53,
USIN,Wisdomtree 7-10 Year Laddered Treasury Fund ETF,Long Government,WisdomTree,3025663.0,0.0399,,,3025663.0,49.345,49.08,50.2281,,51,426,,,3.99,
USL,"United States 12 Month Oil Fund, LP",Commodities Focused,USCF Investments,38397356.0,0.0,-0.056220002,0.2092174,38397356.0,33.852,33.53,33.5,,9747,11938,,,0.0,
USMC,Principal U.S. Mega-Cap ETF,Large Blend,Principal Funds,2580329728.0,0.0105,0.16720909,0.1662483,2580329730.0,58.69372,59.19,58.55,,136572,132174,25.943108,,1.05,
USMF,WisdomTree U.S. Multifactor Fund,Mid-Cap Blend,WisdomTree,366085856.0,0.013300001,0.1126177,0.1377573,366085856.0,50.079,50.48,49.74,,11710,30742,18.913841,,1.33,
USMV,iShares MSCI USA Min Vol Factor ETF,Large Blend,iShares,23801319424.0,0.015700001,0.10932259,0.111069895,23801319400.0,92.43442,92.56,91.98,,2037779,3261177,23.81054,,1.57,
USNG,Amplify Samsung U.S. Natural Gas Infrastructure ETF,Equity Energy,Amplify ETFs,,,,,,25.0416,24.7011,24.49,,4154,32100,,,,
USNZ,Xtrackers Net Zero Pathway Paris Aligned US Equity ETF,Large Blend,Xtrackers,219409120.0,0.0123000005,,,219409120.0,36.416,37.152,37.04,,28,4865,26.53434,,1.23,
USO,"United States Oil Fund, LP",Commodities Focused,USCF Investments,961946624.0,0.0,-0.060428098,0.21602601,961946620.0,67.842,67.14,66.97,8097608704.0,4284366,4269930,20.57186,,0.0,
USOY,Defiance Oil Enhanced Options Income ETF,Equity Hedged,Defiance ETFs,32799992.0,,,,32799992.0,10.1322,10.04,10.03,,42527,73865,,,,
USPX,Franklin U.S. Equity Index ETF,Large Blend,Franklin Templeton Investments,1030346176.0,0.013200001,0.1320401,0.13926679,1030346180.0,50.86,51.17,50.74,,7688,167400,25.28803,,1.32,
USRD,Themes US R&D Champions ETF,Large Blend,Themes ETF Trust,837341.0,0.025899999,,,837341.0,29.7683,29.9822,29.7845,,100,217,30.094574,,2.59,
USRT,iShares Core U.S. REIT ETF,Real Estate,iShares,2857294336.0,0.0287,0.029972998,0.0965238,2857294340.0,55.55942,55.61,55.41,,294460,333784,31.67908,,2.87,
USSE,Segall Bryant & Hamill Select Equity ETF,Large Blend,Segall Bryant & Hamill,239729536.0,0.0011999999,,,239729536.0,30.58,30.77,30.36,,19677,28392,28.724585,,0.12,
USSG,Xtrackers MSCI USA Selection Equity ETF,Large Blend,Xtrackers,503873376.0,0.0123000005,0.1536583,0.16059999,503873376.0,53.497,53.89,53.23,,10868,41106,26.694439,,1.23,
USSH,Wisdomtree 1-3 Year Laddered Treasury Fund ETF,Short Government,WisdomTree,11691641.0,0.039100002,,,11691641.0,50.585,50.58,50.61,,1333,2444,,,3.91,
UST,ProShares Ultra 7-10 Year Treasury,Trading--Leveraged Debt,ProShares,37809424.0,0.0359,-0.060271602,-0.095358804,37809424.0,41.7177,41.5,41.865,,2334,40993,,,3.59,
USTB,VictoryShares Short-Term Bond ETF,Short-Term Bond,Victory Capital,1186064768.0,0.0484,0.052663203,0.0344968,1186064770.0,50.4,50.44,50.52,,222420,153466,,,4.84,
USVM,VictoryShares US Small Mid Cap Value Momentum ETF,Small Value,Victory Capital,838351168.0,0.0197,0.0968151,0.1491335,838351170.0,79.85,79.95,78.64,,30440,71401,15.392614,,1.97,
USVN,US Treasury 7 Year Note ETF,Intermediate Government,North Slope Capital,7782288.0,0.0399,,,7782288.0,47.5687,47.4849,47.63,,1186,3074,,,3.99,
USXF,iShares ESG Advanced MSCI USA ETF,Large Growth,iShares,1248372224.0,0.0106,0.184462,,1248372220.0,49.90569,50.27,49.64,,105207,178422,28.14592,,1.06,
UTEN,US Treasury 10 Year Note ETF,Long Government,North Slope Capital,193664288.0,0.0401,,,193664288.0,42.8864,42.78,42.98,,53031,77026,,,4.01,
UTES,Virtus Reaves Utilities ETF,Utilities,Virtus,406978592.0,0.014400001,0.17649771,0.17600389,406978592.0,71.77423,70.7,71.18,,94333,83733,21.374277,,1.44,
UTHY,US Treasury 30 Year Bond ETF,Long Government,North Slope Capital,17853476.0,0.0444,,,17853476.0,40.1493,40.0732,40.25,,12701,10638,,,4.44,
UTRE,US Treasury 3 Year Note ETF,Short Government,North Slope Capital,10493698.0,0.039300002,,,10493698.0,49.4124,49.385,49.435,,340,3992,,,3.93,
UTSL,Direxion Daily Utilities Bull 3X Shares,Trading--Leveraged Equity,Direxion Funds,28770256.0,0.0172,-0.0163956,0.1442038,28770256.0,36.127,34.89,35.55,,131740,112857,21.888792,,1.72,
UTWO,US Treasury 2 Year Note ETF,Short Government,North Slope Capital,386188224.0,0.040999997,,,386188224.0,48.3048,48.285,48.36,,46890,87085,,,4.1,
UTWY,US Treasury 20 Year Bond ETF,Long Government,North Slope Capital,15522941.0,0.0442,,,15522941.0,42.3148,42.24,42.4,,3507,17890,,,4.42,
UUP,Invesco DB US Dollar Index Bullish Fund,Trading--Miscellaneous,Invesco,281171808.0,0.0481,0.039961,0.026054299,281171808.0,27.36,27.57,27.44,,1254045,1082596,,,4.81,
UVIX,2x Long VIX Futures ETF,Trading--Leveraged Equity,VS TRUST,147151616.0,0.0,-0.8456769,,147151616.0,35.1911,31.26,35.49,,16301406,7303842,,,0.0,
UVXY,ProShares Ultra VIX Short-Term Futures ETF,Trading--Miscellaneous,ProShares,312201088.0,0.0,-0.6797453,-0.72886145,312201088.0,25.854,23.47,25.965,,24102807,19720053,,,0.0,
UWM,ProShares Ultra Russell2000,Trading--Leveraged Equity,ProShares,284522464.0,0.0163,-0.0028865999,0.0930674,284522464.0,33.35,33.54,32.37,,182078,440636,17.001286,,1.63,
UX,Roundhill Uranium ETF,Trading--Inverse Equity,Roundhill Investments,1415324.0,,,,1415324.0,24.5218,24.5311,24.59,,1961,2160,,,,
UXAP,,Defined Outcome,First Trust,6208952.0,,,,6208952.0,32.55,32.8246,32.77,,0,9168,25.274788,,,
UXI,ProShares Ultra Industrials,Trading--Leveraged Equity,ProShares,20353140.0,0.0041,0.2161776,0.2440703,20353140.0,39.3918,39.7204,39.27,,1439,3760,27.053373,,0.41,
UXJA,FT Vest U.S. Equity Uncapped Accelerator ETF - January,Defined Outcome,First Trust,4120859.0,,,,4120859.0,28.75,28.9753,28.7393,,400,2876,25.225542,,,
UXOC,FT Vest U.S. Equity Uncapped Accelerator ETF - October,Equity Hedged,First Trust,15700094.0,,,,15700094.0,29.79,30.0345,29.885,,140,5885,25.212729,,,
UYG,ProShares Ultra Financials,Trading--Leveraged Equity,ProShares,779636480.0,0.008,0.2150799,0.2900615,779636480.0,87.377,87.99,85.43,,10284,24806,17.433895,,0.8,
UYLD,Angel Oak Ultrashort Income ETF,Ultrashort Bond,Angel Oak,850334784.0,0.0561,,,850334780.0,51.1726,51.17,51.17,,99170,97628,,,5.61,
UYM,ProShares Ultra Materials,Trading--Leveraged Equity,ProShares,31361764.0,0.0115,-0.0315958,0.18103161,31361764.0,22.6138,22.68,22.31,,1309,7704,25.915558,,1.15,
VABS,Virtus Newfleet ABS/MBS ETF,Short-Term Bond,Virtus,52484960.0,0.0511,0.051592004,,52484960.0,24.31746,24.3,24.3,,1433,12257,,,5.11,
VALQ,American Century U.S. Quality Value ETF,Large Value,American Century Investments,237845728.0,0.0168,0.0872162,0.1379175,237845728.0,59.9548,60.2794,59.64,,1584,9109,19.173733,,1.68,
VAMO,Cambria Value and Momentum ETF,Equity Hedged,CAMBRIA ETF TRUST,52072204.0,0.0178,0.0455652,0.14211449,52072204.0,29.4976,29.4844,29.5186,,1707,2857,12.177098,,1.78,
VAW,Vanguard Materials Index Fund ETF Shares,Natural Resources,Vanguard,3576190720.0,0.018,0.030546,0.1280952,3576190720.0,189.56,189.41,187.58,,30210,74263,23.895012,,1.8,
VB,Vanguard Small-Cap Index Fund ETF Shares,Small Blend,Vanguard,139535007744.0,0.0156,0.0807913,0.1204116,139535008000.0,225.82,226.76,222.85,199458095104.0,1226789,1265434,18.685263,,1.56,
VBIL,Vanguard 0-3 Month Treasury Bill ETF,,,,,,,,,75.45,75.46,,543039,591822,,,,
VBK,Vanguard Small-Cap Growth Index Fund ETF Shares,Small Growth,Vanguard,32983590912.0,0.006,0.0875755,0.0735114,32983590900.0,261.36,262.31,257.89,12648387584.0,166180,327798,26.440989,,0.6,
VBND,Vident U.S. Bond Strategy ETF,Intermediate Core-Plus Bond,Vident Financial,452697024.0,0.042600002,0.0200814,-0.00085649994,452697024.0,42.7535,42.69,42.7478,,5739,18649,,,4.26,
VBR,Vanguard Small-Cap Value Index Fund ETF Shares,Small Value,Vanguard,51692646400.0,0.0234,0.0754945,0.1555962,51692646000.0,187.03,187.76,184.56,18956689408.0,407292,611919,15.791316,,2.34,
VCEB,Vanguard ESG U.S. Corporate Bond ETF,Corporate Bond,Vanguard,833910016.0,0.045100003,0.0293687,,833910020.0,61.82,61.8948,62.0,,9039,35785,,,4.51,
VCIT,Vanguard Intermediate-Term Corporate Bond Index Fund ETF Shares,Corporate Bond,Vanguard,54117945344.0,0.044299997,0.0381308,0.0082583,54117945000.0,80.88,80.81,81.03,,8446641,8233601,,,4.43,
VCLN,Virtus Duff & Phelps Clean Energy ETF,Miscellaneous Sector,Virtus,5527862.0,0.0115,-0.0452092,,5527862.0,18.18719,18.744,17.93,,7,347,15.658176,,1.15,
VCLT,Vanguard Long-Term Corporate Bond Index Fund ETF Shares,Long-Term Bond,Vanguard,13156296704.0,0.052800003,0.0038179,-0.027637301,13156296700.0,72.35,72.4,72.66,,2210577,3626785,,,5.28,
VCR,Vanguard Consumer Discretionary Index Fund ETF Shares,Consumer Cyclical,Vanguard,5904441344.0,0.009,0.1516197,0.1480645,5904441300.0,350.35,353.2,347.06,,49643,106384,25.85143,,0.9,
VCRB,Vanguard Core Bond ETF,Intermediate Core Bond,Vanguard,2714776064.0,0.0423,,,2714776060.0,75.89,75.96,76.13,,214212,317436,,,4.23,
VCRM,,Muni National Interm,Vanguard,214882800.0,,,,214882800.0,73.05,72.84,72.99,,79472,66330,,,,
VCSH,Vanguard Short-Term Corporate Bond Index Fund ETF Shares,Short-Term Bond,Vanguard,41404231680.0,0.0405,0.0421645,0.0203829,41404232000.0,78.74,78.74,78.85,,1837071,5098277,,,4.05,
VDC,Vanguard Consumer Staples Index Fund ETF Shares,Consumer Defensive,Vanguard,8779751424.0,0.023699999,0.086754106,0.1130153,8779751400.0,220.38,219.89,219.32,,84701,200760,24.483418,,2.37,
VDE,Vanguard Energy Index Fund ETF Shares,Equity Energy,Vanguard,8087002112.0,0.0349,0.031138401,0.2221476,8087002100.0,114.59,114.19,113.2,4785580032.0,305591,481385,14.083528,,3.49,
VEA,Vanguard FTSE Developed Markets Index Fund ETF Shares,Foreign Large Blend,Vanguard,214056288256.0,0.0295,0.1060372,0.1218566,214056288000.0,55.01,54.84,54.445,,12360413,14501636,16.241852,,2.95,
VEGA,AdvisorShares STAR Global Buy-Write ETF,Derivative Income,AdvisorShares,61492168.0,0.0105,0.085094005,0.0811212,61492168.0,44.06448,44.3866,44.04,,1390,4273,21.931149,,1.05,
VEGI,iShares MSCI Agriculture Producers ETF,Natural Resources,iShares,92233184.0,0.024600001,-0.015902601,0.13693829,92233184.0,39.7609,39.7571,39.55,41853000.0,11200,21784,18.535166,,2.46,
VEGN,US Vegan Climate ETF,Large Growth,Beyond Advisors IC,105282968.0,0.006,0.164736,0.1560036,105282968.0,52.0338,52.5146,51.79,,7696,6126,27.898994,,0.6,
VEMY,Virtus Stone Harbor Emerging Markets High Yield Bond ETF,Emerging Markets Bond,Virtus,13074979.0,0.1034,,,13074979.0,26.44571,26.2611,26.19,,5643,2795,,,10.34,
VERS,ProShares Metaverse ETF,Technology,ProShares,5036416.0,0.0082,0.1265541,,5036416.0,48.1022,48.6234,48.01,,263,460,21.087069,,0.82,
VETZ,Academy Veteran Impact ETF,Intermediate Government,Academy Asset Management,74682120.0,0.059699997,,,74682120.0,19.5413,19.59,19.5004,,812,2061,,,5.97,
VEU,Vanguard FTSE All-World ex-US Index Fund ETF Shares,Foreign Large Blend,Vanguard,62124720128.0,0.0294,0.1017953,0.11501449,62124720000.0,65.04,64.92,64.52,30119034880.0,1745898,3099474,16.027891,,2.94,
VFH,Vanguard Financials Index Fund ETF Shares,Financial,Vanguard,12404415488.0,0.0187,0.1577343,0.2008573,12404415500.0,120.71,121.16,119.59,,244724,589028,16.565912,,1.87,
VFLO,Victoryshares Free Cash Flow ETF,Large Value,Victory Capital,3602757376.0,0.0139,,,3602757380.0,33.62,33.76,33.34,,852499,1439115,13.423465,,1.39,
VFMF,Vanguard U.S. Multifactor ETF Shares,Mid-Cap Value,Vanguard,318526784.0,0.0184,0.1227814,0.1715131,318526784.0,128.7,129.0782,127.65,,6094,15687,10.838501,,1.84,
VFMO,Vanguard U.S. Momentum Factor ETF ETF Shares,Mid-Cap Blend,Vanguard,944779712.0,0.0088,0.138397,0.1602425,944779710.0,161.87,161.6,159.72,,124268,45823,17.741096,,0.88,
VFMV,Vanguard U.S. Minimum Volatility ETF ETF Shares,Mid-Cap Blend,Vanguard,252884704.0,0.0153,0.1074342,0.122256696,252884704.0,125.08,125.26,124.47,,9830,32847,26.107124,,1.53,
VFQY,Vanguard U.S. Quality Factor ETF Shares,Mid-Cap Blend,Vanguard,365347584.0,0.0147,0.1150311,0.1481867,365347584.0,136.93,138.157,135.81,,7384,14012,14.2483,,1.47,
VFVA,Vanguard U.S. Value Factor ETF Shares,Mid-Cap Value,Vanguard,597418304.0,0.027,0.0676399,0.1807178,597418300.0,112.37,113.0,111.24,,155363,49480,8.299194,,2.7,
VGIT,Vanguard Intermediate-Term Treasury Index Fund ETF Shares,Intermediate Government,Vanguard,39649665024.0,0.0367,0.0156549,-0.010754201,39649665000.0,58.88,58.81,59.03,,2097070,4098260,,,3.67,
VGK,Vanguard FTSE Europe ETF,Europe Stock,Vanguard,29944444928.0,0.030299999,0.12983519,0.13905111,29944444900.0,76.17,76.27,75.4,21481381888.0,3982575,5546352,17.254162,,3.03,
VGLT,Vanguard Long-Term Treasury Index Fund ETF Shares,Long Government,Vanguard,14297127936.0,0.043,-0.055927202,-0.0916768,14297127900.0,53.93,53.81,54.06,,3109207,2843796,,,4.3,
VGSH,Vanguard Short-Term Treasury Index Fund ETF Shares,Short Government,Vanguard,27623755776.0,0.0414,0.0299486,0.0114413,27623755800.0,58.49,58.48,58.57,,1990235,4230553,,,4.14,
VGSR,Vert Global Sustainable Real Estate ETF,Global Real Estate,Vert Asset Management,426414368.0,0.0297,0.025610099,0.0800145,426414368.0,10.1739,10.17,10.2,,165649,112050,27.181652,,2.97,
VGT,Vanguard Information Technology Index Fund ETF Shares,Technology,Vanguard,90182369280.0,0.0058,0.2081922,0.19205311,90182369000.0,594.88,602.19,590.71,,537074,781296,35.08471,,0.58,
VGUS,Vanguard Ultra-Short Treasury ETF,,,,,,,,,75.43,75.4417,,33045,65923,,,,
VHT,Vanguard Health Care Index Fund ETF Shares,Health,Vanguard,18292480000.0,0.0156,0.01413,0.060521103,18292480000.0,239.19,239.58,238.2,12985213952.0,268593,289471,23.577805,,1.56,
VICE,AdvisorShares Vice ETF,Miscellaneous Sector,AdvisorShares,6783290.0,0.0146,0.0948225,0.095496,6783290.0,32.79108,32.7994,32.64,,1876,569,15.768732,,1.46,
VIDI,Vident International Equity Strategy ETF,Foreign Large Value,Vident Financial,336781504.0,0.045700002,0.0989385,0.1356482,336781504.0,28.6522,28.5502,28.4745,,5879,20182,10.167401,,4.57,
VIG,Vanguard Dividend Appreciation Index Fund ETF Shares,Large Blend,Vanguard,101790760960.0,0.0186,0.1157635,0.1343521,101790761000.0,194.24,194.92,193.12,,1104550,1324387,23.930248,,1.86,
VIGI,Vanguard International Dividend Appreciation Index Fund ETF Shares,Foreign Large Growth,Vanguard,8175151104.0,0.0189,0.090496995,0.10562959,8175151100.0,88.72,88.3,87.99,,302765,338466,20.863384,,1.89,
VIOG,Vanguard S&P Small-Cap 600 Growth Index Fund ETF Shares,Small Growth,Vanguard,768036608.0,0.0127,0.061181597,0.1089256,768036610.0,108.92,109.32,108.5,,10515,55915,19.572187,,1.27,
VIOO,Vanguard S&P Small-Cap 600 Index Fund ETF Shares,Small Blend,Vanguard,4095962880.0,0.017,0.0405495,0.1203334,4095962880.0,96.02,96.57,94.97,,82723,226182,16.412714,,1.7,
VIOV,Vanguard S&P Small-Cap 600 Value Index Fund ETF Shares,Small Value,Vanguard,1180817152.0,0.0221,0.0171686,0.1280285,1180817150.0,81.19,81.79,80.27,,51685,97041,13.588082,,2.21,
VIS,Vanguard Industrials Index Fund ETF Shares,Industrials,Vanguard,5343115264.0,0.013200001,0.17513439,0.1872822,5343115300.0,265.84,266.69,263.6,6495384576.0,35095,116407,25.076807,,1.32,
VIXM,ProShares VIX Mid-Term Futures ETF,Trading--Miscellaneous,ProShares,22734188.0,0.0,-0.2124828,-0.1545884,22734188.0,17.303,16.94,17.45,,82220,270215,,,0.0,
VIXY,ProShares VIX Short-Term Futures ETF,Trading--Miscellaneous,ProShares,92494032.0,0.0,-0.46749452,-0.5198866,92494032.0,57.457,53.93,57.69,,1179385,1438800,,,0.0,
VLLU,Harbor AlphaEdge Large Cap Value ETF,Large Value,Harbor,2013851.0,,,,2013851.0,20.84949,21.3443,21.31,,32,385,13.455022,,,
VLU,SPDR S&P 1500 Value Tilt ETF,Large Value,SPDR State Street Global Advisors,423553280.0,0.0214,0.1098283,0.167906,423553280.0,182.77946,183.5982,182.0935,,2421,13022,17.308489,,2.14,
VLUE,iShares MSCI USA Value Factor ETF,Large Value,iShares,6221538816.0,0.0279,0.0554985,0.118188106,6221538800.0,105.95957,106.48,105.25,,469657,647115,15.174591,,2.79,
VMAX,Hartford US Value ETF,Large Value,Hartford Mutual Funds,46216280.0,0.021,,,46216280.0,47.9498,49.2016,48.89,,0,2060,13.428735,,2.1,
VMBS,Vanguard Mortgage-Backed Securities Index Fund ETF Shares,Intermediate Government,Vanguard,16068569088.0,0.0397,0.013530999,-0.0103967,16068569100.0,45.31,45.23,45.29,,1083697,3740376,,,3.97,
VNAM,Global X MSCI Vietnam ETF,Miscellaneous Region,Global X Funds,10778754.0,0.0099,-0.057374302,,10778754.0,16.48,16.7,16.4,,7230,17938,15.889822,,0.99,
VNIE,Vontobel International Equity Active ETF,Foreign Large Growth,Vontobel,,,,,,25.67,25.8407,25.62,,2,11714,,,,
VNLA,Janus Henderson Short Duration Income ETF,Ultrashort Bond,Janus Henderson,2590694656.0,0.0493,0.0512812,0.0313377,2590694660.0,49.08,49.02,49.07,,313554,453339,,,4.93,
VNM,VanEck Vietnam ETF,Miscellaneous Region,VanEck,368815776.0,0.0,-0.029724,0.008628,368815776.0,13.16,13.17,13.05,,362578,1192631,15.70255,,0.0,
VNQ,Vanguard Real Estate Index Fund ETF Shares,Real Estate,Vanguard,63129374720.0,0.041100003,0.0088054,0.0743623,63129375000.0,87.09,87.0,86.84,32239060992.0,2122962,3664444,31.93407,,4.11,
VNQI,Vanguard Global ex-U.S. Real Estate Index Fund ETF Shares,Global Real Estate,Vanguard,3569477376.0,0.0475,0.0014921001,0.0348498,3569477380.0,43.66,43.14,43.27,,167330,319531,14.85334,,4.75,
VNSE,Natixis Vaughan Nelson Select ETF,Large Blend,Natixis Funds,12350768.0,0.0,0.0906967,,12350768.0,33.1211,33.2658,33.0,,5559,1980,25.0812,,0.0,
VO,Vanguard Mid-Cap Index Fund ETF Shares,Mid-Cap Blend,Vanguard,175124430848.0,0.0161,0.1004966,0.1319343,175124431000.0,266.47,267.26,264.59,41036881920.0,1146691,992531,21.984114,,1.61,
VOE,Vanguard Mid-Cap Value Index Fund ETF Shares,Mid-Cap Value,Vanguard,29071665152.0,0.024,0.0698826,0.14406359,29071665200.0,159.47,159.78,158.38,,300420,360511,17.960192,,2.4,
VOLT,Tema Electrification ETF,Equity Energy,Tema Global Limited,67496040.0,,,,67496040.0,23.3821,23.18,23.0,,3996,19741,26.0422,,,
VONE,Vanguard Russell 1000 Index Fund ETF Shares,Large Blend,Vanguard,7869791744.0,0.012999999,0.1499279,0.1587685,7869791700.0,263.31,265.01,261.54,,92414,176360,24.855995,,1.3,
VONG,Vanguard Russell 1000 Growth Index Fund ETF Shares,Large Growth,Vanguard,32589801472.0,0.0058999998,0.2073311,0.1760501,32589801500.0,100.51,101.6,99.91,,695917,1526003,33.327297,,0.59,
VONV,Vanguard Russell 1000 Value Index Fund ETF Shares,Large Value,Vanguard,12999859200.0,0.020599999,0.087560505,0.1362229,12999859200.0,81.75,81.95,81.12,,427967,915517,19.122032,,2.06,
VOO,Vanguard S&P 500 ETF,Large Blend,Vanguard,1334539976704.0,0.0137,0.1516806,0.1616943,1334539980000.0,532.29,536.02,529.43,,6436519,8861426,25.262682,,1.37,
VOOG,Vanguard S&P 500 Growth Index Fund ETF Shares,Large Growth,Vanguard,14972347392.0,0.006,0.1836657,0.1666742,14972347400.0,365.66,368.45,363.42,6170975744.0,221426,346936,31.288975,,0.6,
VOOV,Vanguard S&P 500 Value Index Fund ETF Shares,Large Value,Vanguard,5338110464.0,0.0222,0.1088567,0.1452596,5338110500.0,180.21,181.22,179.35,,67564,141588,20.848375,,2.22,
VOT,Vanguard Mid-Cap Growth Index Fund ETF Shares,Mid-Cap Growth,Vanguard,27442509824.0,0.0069999998,0.1358974,0.1201472,27442509800.0,264.25,265.71,262.13,,207322,285209,30.851988,,0.7,
VOTE,TCW Transform 500 ETF,Large Blend,TCW ETF,719608896.0,0.0128,0.1558515,,719608900.0,68.56585,68.56,67.74,,8781,43106,25.39542,,1.28,
VOX,Vanguard Communication Services Index Fund ETF Shares,Communications,Vanguard,4458209280.0,0.0115,0.1692025,0.1231543,4458209300.0,156.64,157.74,155.99,2866926080.0,232439,270293,19.215607,,1.15,
VPC,Virtus Private Credit ETF,Nontraditional Bond,Virtus,54291152.0,0.1188,0.0779156,0.1436122,54291152.0,20.39954,20.38,20.26,,11086,32973,9.235329,,11.88,
VPL,Vanguard FTSE Pacific Index Fund ETF Shares,Diversified Pacific/Asia,Vanguard,10020427776.0,0.0313,0.0727949,0.0872421,10020427800.0,77.88,77.27,77.29,1434120960.0,253812,735625,14.0968685,,3.13,
VPLS,Vanguard Core-Plus Bond ETF,Intermediate Core-Plus Bond,Vanguard,519069504.0,0.0446,,,519069504.0,76.01,76.09,76.26,,42233,76142,,,4.46,
VPU,Vanguard Utilities Index Fund ETF Shares,Utilities,Vanguard,8409955328.0,0.0296,0.0691619,0.1056303,8409955300.0,175.16,173.06,174.06,4678829568.0,156901,203417,20.754692,,2.96,
VRAI,Virtus Real Asset Income ETF,Global Small/Mid Stock,Virtus,13131307.0,0.0733,-0.0064152996,0.085423,13131307.0,22.43447,22.3637,22.35,,2023,2158,12.816462,,7.33,
VRIG,Invesco Variable Rate Investment Grade ETF,Ultrashort Bond,Invesco,1273594112.0,0.056599997,0.0585515,0.0448681,1273594110.0,25.01,25.01,25.02,,138015,691974,,,5.66,
VRP,Invesco Variable Rate Preferred ETF,Preferred Stock,Invesco,2027598464.0,0.059,0.08498201,0.0634168,2027598460.0,24.03,24.08,24.07,,278250,569390,,,5.9,
VRTL,GraniteShares 2x Long VRT Daily ETF,,,,,,,,,26.12,24.41,,16088,27262,,,,
VSDA,VictoryShares Dividend Accelerator ETF,Large Value,Victory Capital,230924592.0,0.026800001,0.076053,0.11693361,230924592.0,50.31,50.39,49.96,,36584,15830,18.642899,,2.68,
VSDB,Vanguard Short Duration Bond ETF Shares,Short-Term Bond,Vanguard,,,,,,75.14,75.27,75.42,,12201,22072,,,,
VSDM,,Muni National Short,Vanguard,88417400.0,,,,88417400.0,75.06,74.845,74.88,,51242,29179,,,,
VSGX,Vanguard ESG International Stock ETF,Foreign Large Blend,Vanguard,4255512064.0,0.0301,0.0955171,0.102912195,4255512060.0,63.4,63.35,62.98,,81035,162223,16.009563,,3.01,
VSHY,Virtus Newfleet Short Duration High Yield Bond ETF,High Yield Bond,Virtus,30988574.0,0.066700004,0.071042396,0.055201102,30988574.0,21.49207,21.5351,21.53,,13736,3726,,,6.67,
VSLU,Applied Finance Valuation Large Cap US ETF,Large Blend,Applied Finance,223831168.0,0.0063,0.1538567,,223831168.0,36.42,36.71,36.33,,4555,27514,25.812092,,0.63,
VSMV,VictoryShares US Multi-Factor Minimum Volatility ETF,Large Value,Victory Capital,110874344.0,0.013300001,0.0987098,0.1215775,110874344.0,48.19,48.48,47.96,,42752,6420,19.280994,,1.33,
VSS,Vanguard FTSE All-World ex-US Small-Cap Index Fund ETF Shares,Foreign Small/Mid Blend,Vanguard,10200023040.0,0.0327,0.068645,0.1030902,10200023000.0,126.87,125.88,125.66,,258023,513196,15.656942,,3.27,
VT,Vanguard Total World Stock Index Fund ETF Shares,Global Large-Stock Blend,Vanguard,56665333760.0,0.019299999,0.1273168,0.1390038,56665334000.0,121.83,122.19,121.15,,1955279,2506114,20.451643,,1.93,
VTC,Vanguard Total Corporate Bond ETF ETF Shares,Corporate Bond,Vanguard,1189873152.0,0.0452,0.0278214,-0.0003788,1189873150.0,75.32,75.32,75.505,,23256,71714,,,4.52,
VTEB,Vanguard Tax-Exempt Bond Index Fund ETF Shares,Muni National Interm,Vanguard,38366720000.0,0.0324,0.0223848,0.0049252002,38366720000.0,48.74,48.7,48.75,,10001414,8711400,,,3.24,
VTEC,Vanguard California Tax-Exempt Bond ETF,Muni California Intermediate,Vanguard,975432512.0,0.0286,,,975432510.0,96.82,96.68,97.01,3928403456.0,101448,213368,857.52216,,2.86,
VTEI,Vanguard Intermediate-Term Tax-Exempt Bond ETF,Muni National Interm,Vanguard,529470016.0,0.0296,,,529470016.0,97.8,97.73,97.87,,30340,72169,,,2.96,
VTEL,Vanguard Long-Term Tax-Exempt Bond ETF Shares,,,,,,,,,99.395,99.95,,5063,3250,,,,
VTES,Vanguard Short-Term Tax-Exempt Bond ETF Shares,Muni National Short,Vanguard,937875008.0,0.0296,,,937875010.0,100.22,100.08,100.2,,78464,100484,,,2.96,
VTHR,Vanguard Russell 3000 Index Fund ETF Shares,Large Blend,Vanguard,4106808576.0,0.012999999,0.1453194,0.1559874,4106808580.0,255.72,257.27,254.12,,12579,60687,24.4643,,1.3,
VTI,Vanguard Total Stock Market Index Fund ETF Shares,Large Blend,Vanguard,1715832750080.0,0.0137,0.1452422,0.1552293,1715832750000.0,284.96,286.72,283.04,591093170176.0,2846387,4466963,24.560213,,1.37,
VTIP,Vanguard Short-Term Inflation-Protected Securities Index Fund ETF Shares,Short-Term Inflation-Protected Bond,Vanguard,58461827072.0,0.0275,0.0336319,0.0377902,58461827000.0,49.9,49.91,49.99,,1323349,2193652,,,2.75,
VTV,Vanguard Value Index Fund ETF Shares,Large Value,Vanguard,183647027200.0,0.0235,0.0934272,0.14555159,183647027000.0,168.98,169.18,167.89,71715389440.0,2619061,3216382,18.492966,,2.35,
VTWG,Vanguard Russell 2000 Growth Index Fund ETF Shares,Small Growth,Vanguard,1096639488.0,0.006,0.0876604,0.0715047,1096639490.0,194.87,195.07,192.02,,11400,31976,21.143637,,0.6,
VTWO,Vanguard Russell 2000 Index Fund ETF Shares,Small Blend,Vanguard,11646051328.0,0.0147,0.0597792,0.1003497,11646051300.0,81.91,82.13,80.74,,1486898,1821138,16.436665,,1.47,
VTWV,Vanguard Russell 2000 Value Index Fund ETF Shares,Small Value,Vanguard,785205824.0,0.0215,0.0302268,0.1260533,785205820.0,131.19,131.49,129.36,,11059,24628,13.480461,,2.15,
VUG,Vanguard Growth Index Fund ETF Shares,Large Growth,Vanguard,269259653120.0,0.0050999997,0.20944041,0.1709587,269259653000.0,404.22,408.5,401.97,97889484800.0,922120,1767453,35.86055,,0.51,
VUSB,Vanguard Ultra-Short Bond ETF,Ultrashort Bond,Vanguard,5226118144.0,0.0505,0.0455652,,5226118100.0,49.7,49.72,49.73,,720983,1335111,,,5.05,
VUSE,Vident U.S. Equity Strategy ETF,Mid-Cap Value,Vident Financial,566398400.0,0.0082,0.1337047,0.19359921,566398400.0,59.5506,60.1217,59.5199,,10676,15001,25.509912,,0.82,
VV,Vanguard Large Cap Index Fund,Large Blend,Vanguard,54895460352.0,0.013300001,0.155099,0.1605576,54895460000.0,266.96,268.36,265.47,28775608320.0,415549,621493,25.432138,,1.33,
VWID,Virtus WMC International Dividend ETF,Foreign Large Value,Virtus,12301060.0,0.0377,0.1098433,0.1247604,12301060.0,31.72357,31.4875,31.33,,960,819,13.460762,,3.77,
VWO,Vanguard Emerging Markets Stock Index Fund,Diversified Emerging Mkts,Vanguard,112076914688.0,0.0313,0.077154495,0.09071,112076915000.0,47.68,47.6,47.43,67786133504.0,7392357,10429028,15.380975,,3.13,
VWOB,Vanguard Emerging Markets Government Bond Index Fund,Emerging Markets Bond,Vanguard,5184743424.0,0.0629,0.0553986,0.016952401,5184743400.0,63.52,63.59,63.64,,536653,670236,,,6.29,
VXF,Vanguard Extended Market Index Fund ETF Shares,Mid-Cap Blend,Vanguard,100637761536.0,0.012999999,0.1043719,0.1181472,100637762000.0,180.7,181.38,178.47,30933760000.0,323898,599000,19.056183,,1.3,
VXUS,Vanguard Total International Stock Index Fund ETF Shares,Foreign Large Blend,Vanguard,469791014912.0,0.0305,0.09805489,0.113404304,469791015000.0,66.67,66.53,66.1634,,4110003,4734933,15.994397,,3.05,
VYM,Vanguard High Dividend Yield Index Fund ETF Shares,Large Value,Vanguard,70415007744.0,0.0297,0.090059996,0.1406346,70415008000.0,127.06,127.24,126.14,,785410,1409701,18.494274,,2.97,
VYMI,Vanguard International High Dividend Yield Index Fund ETF Shares,Foreign Large Value,Vanguard,10207237120.0,0.0432,0.121407,0.1582247,10207237100.0,78.72,78.66,78.08,,1042087,782257,12.167483,,4.32,
WABF,Western Asset Bond ETF,Intermediate Core-Plus Bond,Franklin Templeton Investments,16409054.0,0.0574,,,16409054.0,24.66,24.6252,24.67,,18,8417,,,5.74,
WANT,Direxion Daily Cnsmr Discret Bull 3XShrs,Trading--Leveraged Equity,Direxion Funds,17658154.0,0.0119,0.1376305,0.106623694,17658154.0,38.297,39.47,37.59,,11618,31387,30.12937,,1.19,
WAR,U.S. Global Technology and Aerospace & Defense ETF,Technology,U.S. Global Investors,4046351.0,,,,4046351.0,21.6746,21.895,21.86,,5429,4431,28.40918,,,
WBAT,WisdomTree Battery Value Chain and Innovation Fund,Technology,WisdomTree,2594874.0,0.0135,-0.0850435,,2594874.0,26.804,27.0504,26.59,,18,504,14.804334,,1.35,
WBIF,WBI BullBear Value 3000 ETF,Tactical Allocation,WBI Investments,27953526.0,0.0086,-0.021196598,0.0276005,27953526.0,27.6107,28.2918,27.81,,221,1715,18.174557,,0.86,
WBIG,WBI BullBear Yield 3000 ETF,Tactical Allocation,WBI Investments,33073392.0,0.024600001,-0.0560079,0.007871199,33073392.0,21.2784,21.3576,21.13,,856,2942,15.546791,,2.46,
WBIL,WBI BullBear Quality 3000 ETF,Tactical Allocation,WBI Investments,30597656.0,0.00090000004,0.0201614,0.0421537,30597656.0,30.6178,30.7283,30.63,,447,1906,29.943047,,0.09,
WBIY,WBI Power Factor High Dividend ETF,Mid-Cap Value,WBI Investments,52791004.0,0.053000003,0.0478796,0.1511113,52791004.0,28.2306,28.2953,28.015,,18720,8792,9.442807,,5.3,
WBND,Western Asset Total Return ETF,Intermediate Core-Plus Bond,Franklin Templeton Investments,13008347.0,0.045500003,0.0041010003,-0.0242308,13008347.0,19.72,19.7,19.72,,280,9077,,,4.55,
WCBR,WisdomTree Cybersecurity Fund,Technology,WisdomTree,119414224.0,0.0002,0.1795413,,119414224.0,30.418,30.4058,29.79,,9791,22388,35.050163,,0.02,
WCEO,Hypatia Women Ceo ETF,Small Blend,Hypatia Capital Group,4018070.0,0.01,,,4018070.0,27.76,28.9,28.6,,15,650,16.755112,,1.0,
WCLD,WisdomTree Cloud Computing Fund,Technology,WisdomTree,375644064.0,0.0,0.059878003,0.0058933003,375644064.0,35.237,35.59,34.88,,52851,204655,,,0.0,
WCME,First Trust WCM Developing World Equity ETF,Diversified Emerging Mkts,First Trust,3948109.0,0.0047999998,0.081002995,0.086883605,3948109.0,15.15,15.09,15.21,,128,5023,20.387217,,0.48,
WCMI,First Trust WCM International Equity ETF,Foreign Large Blend,First Trust,143245488.0,0.0238,0.10578611,0.11671641,143245488.0,15.25,15.3,15.09,,73010,161957,24.437468,,2.38,
WDIV,SPDR S&P Global Dividend ETF,Global Large-Stock Value,SPDR State Street Global Advisors,198001040.0,0.043,0.0621233,0.1182912,198001040.0,68.32193,68.1216,67.86,,13991,11242,12.394489,,4.3,
WDNA,WisdomTree BioRevolution Fund,Health,WisdomTree,1977271.0,0.0081,-0.1073575,,1977271.0,12.291,12.36,12.3,,656,966,12.797104,,0.81,
WDTE,Defiance S&P 500 Enhanced Options 0DTE Income ETF,Trading--Miscellaneous,Defiance ETFs,63195352.0,0.5847,,,63195352.0,33.3305,33.4872,33.42,,22076,22009,,,58.47,
WEAT,Teucrium Wheat Fund,Commodities Focused,Teucrium,116166856.0,0.0,-0.2704893,-0.0243079,116166856.0,4.614,4.64,4.64,,489543,1021109,,,0.0,
WEBL,Direxion Daily Dow Jones Internet Bull 3X Shares,Trading--Leveraged Equity,Direxion Funds,117128280.0,0.0011999999,0.2878203,-0.047698304,117128280.0,23.675,24.79,23.3,,295704,370733,36.23761,,0.12,
WEBS,Direxion Daily Dow Jones Internet Bear 3X Shares,Trading--Inverse Equity,Direxion Funds,11542574.0,0.0674,-0.6020025,-0.4892928,11542574.0,26.98,25.74,27.52,,58135,80365,,,6.74,
WEED,Roundhill Cannabis ETF,Miscellaneous Sector,Roundhill Investments,4662808.0,0.0,-0.4409798,,4662808.0,10.7673,10.8997,10.81,,12941,9752,,,0.0,
WEEI,Westwood Salient Enhanced Energy Income ETF,Equity Energy,Westwood,15271737.0,0.137,,,15271737.0,20.07,20.06,19.98,,6287,5838,14.88266,,13.7,
WEEK,,Ultrashort Bond,Roundhill Investments,7000786.0,,,,7000786.0,100.0675,100.03,100.07,,7347,23567,,,,
WEEL,Peerless Option Income Wheel ETF,Derivative Income,Peerless ETFs,11437241.0,,,,11437241.0,18.9417,19.008,18.9,,1132,3003,18.691238,,,
WFH,Direxion Work From Home ETF,Technology,Direxion Funds,19309780.0,0.0052,0.0897916,,19309780.0,63.611,65.0755,63.24,,598,936,28.472366,,0.52,
WGMI,CoinShares Bitcoin Miners ETF,Digital Assets,Valkyrie ETF Trust II,123772736.0,0.0036000002,0.105762795,,123772736.0,17.6295,18.11,17.47,,723490,807265,,,0.36,
WHTX,,Trading--Leveraged Commodities,Volatility Shares LLC,619864.0,,,,619864.0,12.9058,13.14,13.305,,2,1297,,,,
WINC,Western Asset Short Duration Income ETF,Short-Term Bond,Franklin Templeton Investments,12109847.0,0.0481,0.0447895,0.0340911,12109847.0,24.13,24.11,24.12,,223,5063,,,4.81,
WINN,Harbor Long-Term Growers ETF,Large Growth,Harbor,746550720.0,0.0,0.2198637,,746550720.0,26.80076,27.0,26.95,,81403,188892,35.117058,,0.0,
WIP,SPDR FTSE International Government Inflation-Protected Bond ETF,Global Bond,SPDR State Street Global Advisors,345625632.0,0.0346,-0.013029899,0.0040474,345625632.0,38.36415,38.1228,38.28,,29721,62247,,,3.46,
WISE,Themes Generative Artificial Intelligence ETF,Technology,Themes ETF Trust,24890648.0,0.0,,,24890648.0,31.8474,32.17,31.5,,1341,9547,25.729021,,0.0,
WLDR,Affinity World Leaders Equity ETF,Global Large-Stock Value,"Affinity Investment Advisors, LLC",30614048.0,0.0177,0.1458298,0.16713,30614048.0,31.02,31.0852,31.0,,2421,9363,17.191113,,1.77,
WLTG,WealthTrust DBS Long Term Growth ETF,Large Blend,WealthTrust Asset Management,44440512.0,0.00029999999,0.1233522,,44440512.0,29.84,30.0173,29.82,,2862,5898,20.820566,,0.03,
WNDY,Global X Wind Energy ETF,Miscellaneous Sector,Global X Funds,1420406.0,0.0124,-0.1552431,,1420406.0,11.47,11.36,11.3664,,369,1146,23.458519,,1.24,
WNTR,YieldMax MSTR Short Option Income Strategy ETF,Derivative Income,Tidal Investments LLC.,5346043.0,,,,5346043.0,39.3156,38.167,38.86,,192478,40165,,,,
WOMN,Impact Shares YWCA Women's Empowerment ETF,Large Blend,Impact Shares,59340276.0,0.0117,0.1313987,0.1744041,59340276.0,38.0293,38.2976,38.1,,3490,2419,22.790058,,1.17,
WOOD,iShares Global Timber & Forestry ETF,Natural Resources,iShares,200423152.0,0.022,-0.0319015,0.0925652,200423152.0,74.52332,74.5,74.2212,,4392,12207,14.904544,,2.2,
WRND,NYLI Global Equity R&D Leaders ETF,Global Large-Stock Blend,New York Life Investment Management LLC,6617758.0,0.0150999995,0.1456298,,6617758.0,30.559,30.7616,30.55,,165,334,18.034527,,1.51,
WSML,iShares MSCI World Small-Cap ETF,,,,,,,,,26.3055,26.3874,,8,91475,16.46481,,,
WTAI,WisdomTree Artificial Intelligence and Innovation Fund,Technology,WisdomTree,169354832.0,0.0021,0.1009587,,169354832.0,22.034,22.21,21.75,,56435,60541,26.512234,,0.21,
WTBN,Wisdomtree Bianco Fixed Income Total Return Fund,Intermediate Core Bond,WisdomTree,60615252.0,0.033299997,,,60615252.0,24.999,24.975,25.01,,6803,11011,,,3.33,
WTMF,WisdomTree Managed Futures Strategy Fund,Systematic Trend,WisdomTree,154270912.0,0.0364,0.0334635,0.051243402,154270912.0,34.568,34.7,34.48,,8820,29417,20.606642,,3.64,
WTPI,WisdomTree Trust - WisdomTree Equity Premium Income Fund,,,,,,,,,31.54,31.3,,53345,81917,,,,
WTRE,WisdomTree New Economy Real Estate ETF,Global Real Estate,WisdomTree,13914239.0,0.0235,-0.008838001,-0.0106182005,13914239.0,17.913,17.9163,17.8,,1679,1912,29.429026,,2.35,
WTV,WisdomTree U.S. Value Fund,Mid-Cap Value,WisdomTree,853653376.0,0.0167,0.1502423,0.1942369,853653380.0,82.621,83.01,82.0,,82133,158031,15.323125,,1.67,
WUGI,AXS Esoterica NextG Economy ETF,Technology,AXS,29930490.0,0.0428,0.2631422,0.19905381,29930490.0,75.33,75.1101,74.74,,389,2144,32.691116,,4.28,
WUSA,Simplify Wolfe US Equity 150/50 ETF,Long-Short Equity,Simplify Asset Management,23798916.0,,,,23798916.0,24.787,24.6884,24.71,,656,2234,,,,
WWJD,Inspire International ETF,Foreign Large Blend,Inspire,304482048.0,0.0257,0.0960171,0.1432237,304482048.0,33.47,33.38,33.27,,26739,44101,16.137577,,2.57,
WXET,Teucrium 2x Daily Wheat ETF,Trading--Leveraged Commodities,Teucrium,801929.0,,,,801929.0,20.8925,20.9901,21.18,,300,1166,,,,
XAIX,Xtrackers Artificial Intelligence and Big Data ETF,Technology,Xtrackers,38927000.0,,,,38927000.0,34.475,34.7,34.37,,16670,22485,26.641148,,,
XAPR,FT Vest U.S. Equity Enhance & Moderate Buffer ETF - April,Defined Outcome,First Trust,13496685.0,0.0,,,13496685.0,34.28,34.4048,34.24,,5205,17623,24.569159,,0.0,
XAR,SPDR S&P Aerospace & Defense ETF,Industrials,SPDR State Street Global Advisors,2717014272.0,0.0066000004,0.2238788,0.1885818,2717014270.0,186.1509,184.93,183.31,,112825,124306,33.725636,,0.66,
XAUG,FT Vest U.S. Equity Enhance & Moderate Buffer ETF - August,Defined Outcome,First Trust,61140488.0,0.0,,,61140488.0,34.75,34.8628,34.74,,3722,26611,24.715822,,0.0,
XB,BondBloxx B Rated USD High Yield Corporate Bond ETF,High Yield Bond,BondBloxx Investment Management,29064708.0,0.0744,,,29064708.0,38.8465,38.8627,38.8,,1416,2477,,,7.44,
XBAP,Innovator U.S. Equity Accelerated 9 Buffer ETFTM – April,Defined Outcome,Innovator ETFs,236964976.0,0.0,0.11863069,,236964976.0,35.5806,35.708,35.46,,13498,284106,24.692854,,0.0,
XBB,BondBloxx BB Rated USD High Yield Corporate Bond ETF,High Yield Bond,BondBloxx Investment Management,280665728.0,0.0596,,,280665728.0,40.2652,40.2919,40.27,,4201,87461,60.40942,,5.96,
XBI,SPDR S&P Biotech ETF,Health,SPDR State Street Global Advisors,5094949376.0,0.0017,0.0411997,-0.0563326,5094949400.0,79.04973,79.25,78.05,,6076362,11826914,,,0.17,
XBIL,US Treasury 6 Month Bill ETF,Ultrashort Bond,North Slope Capital,771681984.0,0.0465,,,771681980.0,50.1236,50.1,50.13,,66108,189982,,,4.65,
XBJA,Innovator U.S. Equity Accelerated 9 Buffer ETF - January,Defined Outcome,Innovator ETFs,93357104.0,0.0,0.0954422,,93357104.0,28.94,29.0709,28.85,,5229,225060,24.890469,,0.0,
XBJL,Innovator U.S. Equity Accelerated 9 Buffer ETF - July,Defined Outcome,Innovator ETFs,107189432.0,0.0,0.1168363,,107189432.0,34.8751,35.0233,34.79,,4136,46701,24.95772,,0.0,
XBOC,Innovator U.S. Equity Accelerated 9 Buffer ETF - October,Defined Outcome,Innovator ETFs,194853744.0,0.0,0.09622929,,194853744.0,30.5133,30.69,30.47,,5967,176953,24.865046,,0.0,
XBTY,GraniteShares YieldBOOST Bitcoin ETF,,,,,,,,,26.48,26.55,,2654,1166,,,,
XC,WisdomTree Emerging Markets ex-China Fund,Diversified Emerging Mkts,WisdomTree,79480504.0,0.015,,,79480504.0,32.332,32.2991,32.23,,3411,20823,17.791409,,1.5,
XCCC,BondBloxx CCC Rated USD High Yield Corporate Bond ETF,High Yield Bond,BondBloxx Investment Management,123066320.0,0.1096,,,123066320.0,37.8383,37.8,37.79,,38232,76501,3.9858706,,10.96,
XCEM,Columbia EM Core ex-China ETF,Diversified Emerging Mkts,Columbia Threadneedle,1115408896.0,0.0269,0.0663729,0.1145512,1115408900.0,32.17,31.91,31.72,,204394,340966,14.18266,,2.69,
XCLR,Global X S&P 500 Collar 95-110 ETF,Equity Hedged,Global X Funds,2873935.0,0.0126,0.109559,,2873935.0,26.87,27.3583,26.74,,1907,7542,24.956682,,1.26,
XCNY,SPDR S&P Emerging Markets ex-China ETF,,,,,,,,,25.095,25.28,,106,1785,16.578993,,,
XCOR,Fundx ETF,Large Growth,Fund X,150333232.0,0.0,0.109335095,0.1119117,150333232.0,69.003,69.9807,68.91,,1656,3657,,,0.0,
XDAT,Franklin Exponential Data ETF,Technology,Franklin Templeton Investments,4762862.0,0.0014,0.15451661,,4762862.0,25.56,25.6741,25.594,,123,758,40.135696,,0.14,
XDEC,FT Vest U.S. Equity Enhance & Moderate Buffer ETF - December,Defined Outcome,First Trust,189517296.0,0.0,0.096558705,,189517296.0,37.52,37.6409,37.455,,6355,29633,24.73962,,0.0,
XDJL,Innovator U.S. Equity Accelerated ETF - July,Defined Outcome,Innovator ETFs,4204516.0,0.0,0.1442664,,4204516.0,35.4295,36.1963,35.36,,207,2115,25.439981,,0.0,
XDOC,Innovator U.S. Equity Accelerated ETF - October,Defined Outcome,Innovator ETFs,2902986.0,0.0,0.1158276,,2902986.0,30.3677,30.7808,30.8528,,0,1644,25.26708,,0.0,
XDQQ,Innovator Growth-100 Accelerated ETF – Quarterly,Trading--Leveraged Equity,Innovator ETFs,33867668.0,0.0,0.1469643,,33867668.0,33.9234,34.0953,33.95,,2126,11150,31.380846,,0.0,
XDSQ,Innovator U.S. Equity Accelerated ETF – Quarterly,Trading--Leveraged Equity,Innovator ETFs,51792072.0,0.0,0.1466769,,51792072.0,36.0047,36.2015,35.965,,1915,13311,25.095901,,0.0,
XDTE,Roundhill S&P 500 0DTE Covered Call Strategy ETF,Derivative Income,Roundhill Investments,360271200.0,0.3232,,,360271200.0,42.4815,42.815,42.37,,269235,233717,24.458702,,32.32,
XEMD,BondBloxx JP Morgan USD Emerging Markets 1-10 Year Bond ETF,Emerging Markets Bond,BondBloxx Investment Management,343309184.0,0.0642,,,343309184.0,42.2766,42.34,42.3699,,4352,15758,,,6.42,
XES,SPDR S&P Oil & Gas Equipment & Services ETF,Equity Energy,SPDR State Street Global Advisors,141452080.0,0.020399999,-0.056216303,0.1601396,141452080.0,59.9448,59.67,58.36,1192009984.0,54612,63873,11.178424,,2.04,
XFEB,FT Vest U.S. Equity Enhance & Moderate Buffer ETF - February,Defined Outcome,First Trust,48852960.0,0.0,,,48852960.0,32.78,32.878,32.66,,1710,18426,24.691711,,0.0,
XFIV,Bondbloxx Bloomberg Five Year Target Duration US Treasury ETF,Intermediate Government,BondBloxx Investment Management,146262400.0,0.0397,,,146262400.0,48.5232,48.525,48.69,,9258,482701,,,3.97,
XFIX,F/m Opportunistic Income ETF,Intermediate Core-Plus Bond,"F/m investments, LLC",39856228.0,0.056399997,,,39856228.0,51.0978,51.13,51.149,,829,3615,,,5.64,
XFLX,FundX Flexible ETF,Multisector Bond,Fund X,52859968.0,0.0463,0.0082639,0.012060699,52859968.0,23.5686,23.5643,23.5505,,625,9152,19.488241,,4.63,
XHB,SPDR S&P Homebuilders ETF,Consumer Cyclical,SPDR State Street Global Advisors,1364742400.0,0.0081,0.1803918,0.19808121,1364742400.0,94.69593,95.15,94.05,,2469575,2227106,12.445169,,0.81,
XHE,SPDR S&P Health Care Equipment ETF,Health,SPDR State Street Global Advisors,167975216.0,0.0004,-0.0388207,-0.014961801,167975216.0,79.97516,80.4113,79.32,,7956,16826,32.150642,,0.04,
XHLF,Bondbloxx Bloomberg Six Month Target Duration US Treasury ETF,Ultrashort Bond,BondBloxx Investment Management,1325172096.0,0.0469,,,1325172100.0,50.2793,50.28,50.3,,145532,330993,,,4.69,
XHS,SPDR S&P Health Care Services ETF,Health,SPDR State Street Global Advisors,88090832.0,0.0034,0.0424179,0.0744909,88090832.0,95.5116,95.8517,95.6,,12468,6857,21.295582,,0.34,
XHYC,BondBloxx US High Yield Consumer Cyclicals Sector ETF,High Yield Bond,BondBloxx Investment Management,42027616.0,0.0677,0.0716547,,42027616.0,36.7094,36.7201,36.72,,200,14525,,,6.77,
XHYD,BondBloxx US High Yield Consumer Non-Cyclicals Sector ETF,High Yield Bond,BondBloxx Investment Management,23514644.0,0.0622,0.0724772,,23514644.0,37.6712,37.8061,37.87,,10,7436,,,6.22,
XHYE,BondBloxx US High Yield Energy Sector ETF,High Yield Bond,BondBloxx Investment Management,11240926.0,0.0736,0.0643122,,11240926.0,37.4528,37.4585,37.3301,,273,6376,,,7.36,
XHYF,BondBloxx US High Yield Financial & REIT Sector ETF,High Yield Bond,BondBloxx Investment Management,40124732.0,0.0704,0.0764542,,40124732.0,37.3689,37.3996,37.4,,307,11957,60.205643,,7.04,
XHYH,BondBloxx US High Yield Healthcare Sector ETF,High Yield Bond,BondBloxx Investment Management,30380632.0,0.070199996,0.070682906,,30380632.0,34.8961,34.97,35.14,,4,8984,,,7.02,
XHYI,BondBloxx US High Yield Industrial Sector ETF,High Yield Bond,BondBloxx Investment Management,54344852.0,0.0679,0.0743832,,54344852.0,37.5906,37.5814,37.48,,1509,16382,,,6.79,
XHYT,BondBloxx US High Yield Telecom Media Technology Sector ETF,High Yield Bond,BondBloxx Investment Management,77804008.0,0.0789,0.0585221,,77804008.0,34.4069,34.5117,34.6,,17,21777,4.0846744,,7.89,
XIDE,FT Vest U.S. Equity Buffer & Premium Income ETF - December,Defined Outcome,First Trust,25909858.0,0.0159,,,25909858.0,29.91,29.977,29.945,,1113,6725,24.401192,,1.59,
XIDV,Franklin International Dividend Multiplier Index ETF,Foreign Large Value,Franklin Templeton Investments,5896737.0,,,,5896737.0,30.56,30.5416,30.395,,948,18965,12.203429,,,
XIJN,FT Vest U.S. Equity Buffer & Premium Income ETF - June,Defined Outcome,First Trust,7660828.0,,,,7660828.0,30.71,30.715,30.75,,381,1863,24.231571,,,
XIMR,FT Vest U.S. Equity Buffer & Premium Income ETF - March,Defined Outcome,First Trust,36001352.0,0.0216,,,36001352.0,30.83,30.8828,30.88,,1099,9739,24.303211,,2.16,
XISE,FT Vest U.S. Equity Buffer & Premium Income ETF – September,Defined Outcome,First Trust,59752892.0,0.0187,,,59752892.0,30.13,30.1675,30.091,,4102,14522,24.350958,,1.87,
XITK,SPDR FactSet Innovative Technology ETF,Technology,SPDR State Street Global Advisors,86559624.0,0.0,0.16009599,0.0664787,86559624.0,177.58417,181.165,175.36,,788,3165,27.343391,,0.0,
XJAN,FT Vest U.S. Equity Enhance & Moderate Buffer ETF - January,Defined Outcome,First Trust,41214856.0,0.0,,,41214856.0,33.76,33.8502,33.6,,2843,9738,24.69548,,0.0,
XJH,iShares ESG Select Screened S&P Mid-Cap ETF,Mid-Cap Blend,iShares,254097584.0,0.0138,0.0869724,,254097584.0,39.86448,39.99,39.38,,17871,26839,19.246117,,1.38,
XJR,iShares ESG Select Screened S&P Small-Cap ETF,Small Blend,iShares,92423232.0,0.0222,0.0495412,,92423232.0,37.58544,37.8393,37.33,,4287,12726,17.43273,,2.22,
XJUL,FT Vest U.S. Equity Enhance & Moderate Buffer ETF - July,Defined Outcome,First Trust,64309880.0,0.0,,,64309880.0,36.13,36.2535,36.13,,1930,17958,24.772457,,0.0,
XJUN,FT Vest U.S. Equity Enhance & Moderate Buffer ETF - June,Defined Outcome,First Trust,153663376.0,0.0,0.1049303,,153663376.0,39.47,39.5854,39.4564,,3212,12152,24.795336,,0.0,
XLB,The Materials Select Sector SPDR Fund,Natural Resources,SPDR State Street Global Advisors,4980832768.0,0.0202,0.0281808,0.1233252,4980832800.0,85.68875,85.87,85.22,6163860480.0,3670519,6134303,25.284159,,2.02,
XLC,The Communication Services Select Sector SPDR ETF Fund,Communications,SPDR State Street Global Advisors,20291708928.0,0.0108,0.2058082,0.143201,20291708900.0,100.17039,100.65,99.74,,3893989,5465595,19.42437,,1.08,
XLE,The Energy Select Sector SPDR Fund,Equity Energy,SPDR State Street Global Advisors,26328526848.0,0.0355,0.0284534,0.2121917,26328526800.0,81.97303,81.73,81.01,15284902912.0,11749166,18222134,14.737919,,3.55,
XLF,The Financial Select Sector SPDR Fund,Financial,SPDR State Street Global Advisors,49792909312.0,0.0146,0.1585202,0.201766,49792909000.0,50.03366,50.23,49.585,44216422400.0,33609499,52893922,17.080334,,1.46,
XLG,Invesco S&P 500 Top 50 ETF,Large Blend,Invesco,8161517056.0,0.007900001,0.18396339,0.1751848,8161517100.0,48.18,48.66,47.98,,1914415,3089420,27.15234,,0.79,
XLI,The Industrial Select Sector SPDR Fund,Industrials,SPDR State Street Global Advisors,19379372032.0,0.0147,0.1748864,0.1899263,19379372000.0,140.81296,141.29,139.69,19241039872.0,8225979,10563077,25.443314,,1.47,
XLK,The Technology Select Sector SPDR Fund,Technology,SPDR State Street Global Advisors,65099612160.0,0.0074,0.2015474,0.1963522,65099612000.0,226.74248,229.34,225.35,61705019392.0,5993735,6251915,35.430386,,0.74,
XLP,The Consumer Staples Select Sector SPDR Fund,Consumer Defensive,SPDR State Street Global Advisors,16044685312.0,0.0249,0.069924004,0.101183794,16044685300.0,81.58057,81.3,81.26,17150034944.0,10692834,15578066,23.071125,,2.49,
XLRE,The Real Estate Select Sector SPDR Fund,Real Estate,SPDR State Street Global Advisors,7341840384.0,0.033800002,0.0168781,0.0799737,7341840400.0,40.64154,40.63,40.595,,3650083,6551769,34.691486,,3.38,
XLSR,SPDR SSGA US Sector Rotation ETF,Large Blend,SPDR State Street Global Advisors,663327872.0,0.0070999996,0.0977824,0.122956604,663327870.0,51.59093,51.96,51.34,,38077,76855,23.092556,,0.71,
XLU,The Utilities Select Sector SPDR Fund,Utilities,SPDR State Street Global Advisors,18112507904.0,0.028900001,0.0703155,0.1090162,18112507900.0,81.03902,80.1,80.64,13234990080.0,10836763,11719003,21.075161,,2.89,
XLV,The Health Care Select Sector SPDR Fund,Health,SPDR State Street Global Advisors,36566032384.0,0.0166,0.0147157,0.071929105,36566032000.0,130.29147,130.55,129.93,25731072000.0,9124434,10567242,23.482029,,1.66,
XLY,The Consumer Discretionary Select Sector SPDR Fund,Consumer Cyclical,SPDR State Street Global Advisors,19326181376.0,0.009,0.1521043,0.1259374,19326181400.0,210.58998,212.56,209.02,25331294208.0,3747450,4849684,27.049992,,0.9,
XMAG,Defiance Large Cap ex-Mag 7 ETF,,,,,,,,,20.0808,19.92,,6485,30347,23.248161,,,
XMAR,FT Vest U.S. Equity Enhance & Moderate Buffer ETF - March,Defined Outcome,First Trust,173627856.0,0.0,,,173627856.0,37.26,37.31,37.2776,,12804,32026,24.63504,,0.0,
XMAY,FT Vest U.S. Equity Enhance & Moderate Buffer ETF - May,Defined Outcome,First Trust,12667751.0,,,,12667751.0,32.25,32.37,32.153,,11380,19934,24.624025,,,
XME,SPDR S&P Metals and Mining ETF,Natural Resources,SPDR State Street Global Advisors,1448647936.0,0.0058999998,0.056394402,0.2564154,1448647940.0,59.85259,58.21,58.42,1047561984.0,3598251,1619009,16.421318,,0.59,
XMHQ,Invesco S&P MidCap Quality ETF,Mid-Cap Blend,Invesco,4755846656.0,0.0076,0.1555921,0.1651217,4755846700.0,96.43,96.54,95.23,,150459,466822,17.634224,,0.76,
XMLV,Invesco S&P MidCap Low Volatility ETF,Small Blend,Invesco,797200512.0,0.0256,0.0734969,0.106395505,797200510.0,61.01,60.94,60.72,,45485,42234,18.06373,,2.56,
XMMO,Invesco S&P MidCap Momentum ETF,Mid-Cap Blend,Invesco,3419350784.0,0.0053,0.17565069,0.17316419,3419350780.0,122.85,122.37,120.85,,175967,311233,21.702518,,0.53,
XMPT,VanEck CEF Municipal Income ETF,High Yield Muni,VanEck,169948464.0,0.054899998,0.020824,0.0060508,169948464.0,20.73,20.77,20.66,,56383,66490,,,5.49,
XMVM,Invesco S&P MidCap Value with Momentum ETF,Small Value,Invesco,238906864.0,0.0198,0.093291104,0.1780991,238906864.0,53.59,53.6836,52.85,,9032,16888,11.948577,,1.98,
XNAV,FundX Aggressive ETF,Large Growth,Fund X,25368666.0,0.001,0.0934548,0.1046974,25368666.0,68.5066,66.521,68.09,,87,573,17.74137,,0.1,
XNOV,FT Vest U.S. Equity Enhance & Moderate Buffer ETF - November,Defined Outcome,First Trust,25145136.0,0.0,,,25145136.0,34.34,34.474,34.34,,904,4868,24.738165,,0.0,
XNTK,SPDR NYSE Technology ETF,Technology,SPDR State Street Global Advisors,914807296.0,0.0039,0.2560145,0.1941445,914807300.0,213.66522,216.16,213.22,2259915520.0,14098,37257,30.897854,,0.39,
XOCT,FT Vest U.S. Equity Enhance & Moderate Buffer ETF - October,Defined Outcome,First Trust,91034816.0,0.0,,,91034816.0,34.52,34.6,34.57,,2339,21277,24.720694,,0.0,
XOMO,Yieldmax XOM Option Income Strategy ETF,Derivative Income,YieldMax ETFs,46020836.0,0.32009998,,,46020836.0,12.3233,12.34,12.29,,48178,45238,,,32.01,
XOMX,Direxion Daily XOM Bull 2X Shares,,,,,,,,,22.7151,22.4932,,3131,1873,12.941555,,,
XOMZ,Direxion Daily XOM Bear 1X Shares,,,,,,,,,26.1206,26.1146,,44,426,,,,
XONE,Bondbloxx Bloomberg One Year Target Duration US Treasury ETF,Short Government,BondBloxx Investment Management,582245760.0,0.0479,,,582245760.0,49.5354,49.538,49.57,,49514,129400,,,4.79,
XOP,SPDR S&P Oil & Gas Exploration & Production ETF,Equity Energy,SPDR State Street Global Advisors,1650527488.0,0.0293,-0.0283745,0.20812981,1650527490.0,120.83262,120.73,119.35,8519219712.0,2855128,3820338,10.716899,-12084.0,2.93,
XOVR,ERShares Private-Public Crossover ETF,,,,,,,,,17.81,17.56,,149381,248834,35.37411,,,
XPAY,Roundhill ETF Trust - Roundhill S&P 500 Target 20 Managed Distribution ETF,,,,,,,,,51.93,51.36,,5969,19684,,,,
XPH,SPDR S&P Pharmaceuticals ETF,Health,SPDR State Street Global Advisors,148705184.0,0.0159,0.002176,-0.0036153002,148705184.0,39.82395,39.6,39.21,219295760.0,29203,61614,14.5068245,,1.59,
XPND,First Trust Expanded Technology ETF,Technology,First Trust,23048504.0,0.0011,0.2244046,,23048504.0,30.69,31.0007,31.12,,79,8246,32.497673,,0.11,
XPP,ProShares Ultra FTSE China 50,Trading--Leveraged Equity,ProShares,14536441.0,0.0309,-0.0232201,-0.114715,14536441.0,23.7495,23.6625,23.71,,2517,19109,,,3.09,
XRLV,Invesco S&P 500 ex-Rate Sensitive Low Volatility ETF,Large Value,Invesco,45299428.0,0.019,0.073583595,0.1220743,45299428.0,54.88,54.7874,54.6,,1310,2898,23.77276,,1.9,
XRLX,FundX Conservative ETF,Tactical Allocation,Fund X,50626200.0,0.0175,0.0653928,0.0740333,50626200.0,42.5552,42.9054,42.6,,330,2071,22.036888,,1.75,
XRMI,Global X S&P 500 Risk Managed Income ETF,Derivative Income,Global X Funds,46006248.0,0.0642,0.026667299,,46006248.0,17.6,17.6524,17.62,,12031,18223,23.943604,,6.42,
XRPI,XRP ETF,,,,,,,,,15.81,15.405,,269590,280400,,,,
XRPT,2x XRP ETF,,,,,,,,,15.4074,14.65,,84822,53650,,,,
XRT,SPDR S&P Retail ETF,Consumer Cyclical,SPDR State Street Global Advisors,161435136.0,0.018099999,0.0879518,0.1559155,161435136.0,74.70464,75.53,73.87,903642944.0,4834293,7559696,15.315059,,1.81,
XSD,SPDR S&P Semiconductor ETF,Technology,SPDR State Street Global Advisors,1009930624.0,0.0032,0.09499329,0.1680089,1009930620.0,223.05586,226.41,219.57,769867456.0,39003,48130,28.206545,,0.32,
XSEP,FT Vest U.S. Equity Enhance & Moderate Buffer ETF - September,Defined Outcome,First Trust,136742448.0,0.0,,,136742448.0,39.42,39.5466,39.33,,7401,30114,24.722662,,0.0,
XSHD,Invesco S&P SmallCap High Dividend Low Volatility ETF,Small Value,Invesco,66486016.0,0.0777,-0.076430894,0.0325019,66486016.0,13.0,12.99,12.89,,40655,54322,14.619483,,7.77,
XSHQ,Invesco S&P SmallCap Quality ETF,Small Blend,Invesco,314911776.0,0.014099999,0.0859237,0.1239159,314911776.0,39.49,39.79,39.15,,44623,126412,14.348422,,1.41,
XSLV,Invesco S&P SmallCap Low Volatility ETF,Small Blend,Invesco,285275040.0,0.0214,0.0223305,0.0907121,285275040.0,44.9,45.0187,44.725,,23018,25992,19.914143,,2.14,
XSMO,Invesco S&P SmallCap Momentum ETF,Small Blend,Invesco,1378150272.0,0.0089,0.1276429,0.1487713,1378150270.0,65.06,65.14,64.02,,229584,304612,19.541662,,0.89,
XSOE,WisdomTree Emerging Markets ex-State-Owned Enterprises Fund,Diversified Emerging Mkts,WisdomTree,1680676608.0,0.014099999,0.054562103,0.060247898,1680676610.0,32.945,32.84,32.7,,42549,268876,17.82195,,1.41,
XSVM,Invesco S&P SmallCap Value with Momentum ETF,Small Value,Invesco,574196672.0,0.0227,0.0175208,0.1844375,574196670.0,49.29,49.43,48.62,,43448,71861,9.759615,,2.27,
XSVN,Bondbloxx Bloomberg Seven Year Target Duration US Treasury ETF,Long Government,BondBloxx Investment Management,146071088.0,0.041100003,,,146071088.0,46.7883,46.7962,46.98,,20650,30396,,,4.11,
XSW,SPDR S&P Software & Services ETF,Technology,SPDR State Street Global Advisors,435813536.0,0.0011,0.1472976,0.1168687,435813536.0,177.87204,179.9,176.15,,16875,42409,28.100973,,0.11,
XT,iShares Exponential Technologies ETF,Miscellaneous Sector,iShares,3047051008.0,0.0067000003,0.068625,0.087193206,3047051010.0,60.97013,61.12,60.37,,74601,172628,25.540113,,0.67,
XTAP,Innovator U.S. Equity Accelerated Plus ETF – April,Defined Outcome,Innovator ETFs,27314116.0,0.0,0.124975204,,27314116.0,36.5203,36.73,36.33,,4296,15719,25.023281,,0.0,
XTEN,Bondbloxx Bloomberg Ten Year Target Duration US Treasury ETF,Long Government,BondBloxx Investment Management,566731840.0,0.0405,,,566731840.0,44.7054,44.72,44.91,,265582,304053,,,4.05,
XTJA,Innovator U.S. Equity Accelerated Plus ETF - January,Defined Outcome,Innovator ETFs,16577917.0,0.0,0.107102804,,16577917.0,27.741,27.9445,27.69,,110292,6911,25.236244,,0.0,
XTJL,Innovator U.S. Equity Accelerated Plus ETF - July,Defined Outcome,Innovator ETFs,14825313.0,0.0,0.1340251,,14825313.0,34.538,34.7416,34.55,,1112,9009,25.336723,,0.0,
XTL,SPDR S&P Telecom ETF,Communications,SPDR State Street Global Advisors,98948320.0,0.0078,0.0883271,0.0970208,98948320.0,102.4164,103.19,101.62,,3069,15333,18.402927,,0.78,
XTN,SPDR S&P Transportation ETF,Industrials,SPDR State Street Global Advisors,163156992.0,0.0114,0.0082938,0.0992391,163156992.0,75.38225,75.902,74.36,,6764,35690,17.131067,,1.14,
XTOC,Innovator U.S. Equity Accelerated Plus ETF - October,Defined Outcome,Innovator ETFs,13420014.0,0.0,0.0976193,,13420014.0,29.5499,29.75,29.635,,1766,5615,25.262888,,0.0,
XTR,Global X S&P 500 Tail Risk ETF,Equity Hedged,Global X Funds,1812975.0,0.0123000005,0.1241031,,1812975.0,26.82,26.9738,26.77,,136,1157,25.047813,,1.23,
XTRE,Bondbloxx Bloomberg Three Year Target Duration US Treasury ETF,Short Government,BondBloxx Investment Management,151814432.0,0.0402,,,151814432.0,49.312,49.31,49.4,,3622,23149,,,4.02,
XTWO,Bondbloxx Bloomberg Two Year Target Duration US Treasury ETF,Short Government,BondBloxx Investment Management,129264032.0,0.044299997,,,129264032.0,49.2795,49.275,49.3589,,9376,17795,,,4.43,
XTWY,Bondbloxx Bloomberg Twenty Year Target Duration US Treasury ETF,Long Government,BondBloxx Investment Management,60705128.0,0.045500003,,,60705128.0,36.5475,36.5593,36.63,,4696,8746,,,4.55,
XUDV,Franklin U.S. Dividend Multiplier Index ETF,Large Value,Franklin Templeton Investments,1191076.0,,,,1191076.0,24.53,24.58,24.4,,2913,21826,14.916824,,,
XUSP,Innovator Uncapped Accelerated U.S. Equity ETF,Trading--Leveraged Equity,Innovator ETFs,35130332.0,0.0,,,35130332.0,38.7295,39.0199,38.66,,2256,17507,25.292763,,0.0,
XV,Simplify Target 15 Distribution ETF,Equity Hedged,Simplify Asset Management,28164512.0,,,,28164512.0,25.75,25.76,26.79,,143498,21678,,,,
XVOL,Acruence Active Hedge U.S. Equity ETF,Large Blend,Acruence,4014464.0,0.033299997,0.066447504,,4014464.0,21.0433,20.9573,20.945,,102,4334,21.576817,,3.33,
XVV,iShares ESG Select Screened S&P 500 ETF,Large Blend,iShares,300059552.0,0.0113,0.1586846,,300059552.0,44.50355,44.85,44.21,,12999,43220,25.901703,,1.13,
XXCH,Direxion Daily MSCI Emerging Markets ex China Bull 2X Shares,Trading--Leveraged Equity,Direxion Funds,2703883.0,0.1409,,,2703883.0,23.812,24.1677,23.7,,12,3166,16.054996,,14.09,
XXRP,Teucrium 2x Long Daily XRP ETF,Trading--Miscellaneous,Teucrium,50814472.0,,,,50814472.0,34.0991,36.8,34.7,,417473,413575,,,,
XYLD,Global X S&P 500 Covered Call ETF,Derivative Income,Global X Funds,3044175872.0,0.0963,0.065302804,0.091758005,3044175870.0,37.77,37.96,37.6,,992121,1017401,23.804844,,9.63,
XYLG,Global X S&P 500 Covered Call & Growth ETF,Derivative Income,Global X Funds,52083276.0,0.047,0.106762104,,52083276.0,26.27,26.37,26.1,,7524,27819,24.490911,,4.7,
XYZG,Leverage Shares 2X Long XYZ Daily ETF,,,,,,,,,15.35,14.39,,12436,40285,,,,
XYZY,YieldMax XYZ Option Income Strategy ETF,Derivative Income,YieldMax ETFs,59975624.0,0.9438,,,59975624.0,9.8191,9.65,9.4,,32412,80723,,,94.38,
YALL,God Bless America ETF,Large Blend,Curran Investment Partners,83101912.0,0.005,,,83101912.0,39.7089,40.1303,39.64,,3510,12601,24.143032,,0.5,
YANG,Direxion Daily FTSE China Bear 3X Shares,Trading--Inverse Equity,Direxion Funds,225151008.0,0.1175,-0.5174389,-0.4607489,225151008.0,34.59,34.77,35.1,,3344428,3588279,,,11.75,
YBIT,YieldMax Bitcoin Option Income Strategy ETF,Digital Assets,YieldMax ETFs,115209536.0,0.90900004,,,115209536.0,10.8419,11.04,10.85,,267734,271209,,,90.9,
YBTC,Roundhill Bitcoin Covered Call Strategy ETF,Digital Assets,Roundhill Investments,171404208.0,0.4813,,,171404208.0,47.1852,47.21,46.52,,136017,111077,,,48.13,
YCL,ProShares Ultra Yen,Trading--Miscellaneous,ProShares,64632552.0,0.0,-0.1423264,-0.1557893,64632552.0,23.965,23.48,23.81,,117957,129588,,,0.0,
YCS,ProShares UltraShort Yen,Trading--Miscellaneous,ProShares,22075976.0,0.0,0.16354679,0.16684389,22075976.0,40.156,40.97,40.24,,20049,15925,,,0.0,
YDEC,FT Vest International Equity Moderate Buffer ETF – December,Defined Outcome,First Trust,80774600.0,0.0,0.0799763,,80774600.0,24.65,24.6399,24.55,,22841,17768,16.463839,,0.0,
YEAR,AB Ultra Short Income ETF,Ultrashort Bond,AllianceBernstein,1406026112.0,0.0499,,,1406026110.0,50.5228,50.51,50.53,,133936,248533,,,4.99,
YETH,Roundhill Ether Covered Call Strategy ETF,Digital Assets,Roundhill Investments,22854632.0,,,,22854632.0,25.4085,25.86,25.74,,12050,31523,,,,
YFFI,Indexperts Yield Focused Fixed Income ETF,Intermediate Core Bond,Indexperts,15611949.0,,,,15611949.0,9.80099,9.88,9.84,,47840,13371,,,,
YFYA,Yields for You Strategy A ETF,Ultrashort Bond,Teucrium,22872840.0,,,,22872840.0,9.9178,9.908,9.9003,,41993,33588,25.800879,,,
YGLD,Simplify Gold Strategy PLUS Income ETF,Commodities Focused,Simplify Asset Management,23864162.0,,,,23864162.0,35.4859,34.635,35.4,,9776,18309,,,,
YINN,Direxion Daily FTSE China Bull 3X Shares,Trading--Leveraged Equity,Direxion Funds,1140215040.0,0.0177,-0.18130131,-0.2858683,1140215040.0,37.886,37.72,37.28,,2927601,6360222,11.505486,,1.77,
YJUN,FT Vest International Equity Moderate Buffer ETF – June,Defined Outcome,First Trust,144798288.0,0.0,0.0832553,,144798288.0,24.12,24.107,23.95926,,8468,68842,16.657843,,0.0,
YLD,Principal Active High Yield ETF,High Yield Bond,Principal Funds,293439008.0,0.0735,0.0767853,0.076598704,293439008.0,18.88817,18.905,18.9,,99223,136596,,,7.35,
YLDE,Franklin ClearBridge Enhanced Income ETF,Large Value,Franklin Templeton Investments,104831552.0,0.0165,0.1114477,0.13920921,104831552.0,51.09,51.12,50.7,,19392,23268,21.53446,,1.65,
YMAG,YieldMax Magnificent 7 Fund of Option Income ETFs,Large Blend,YieldMax ETFs,298665120.0,0.4987,,,298665120.0,15.2434,15.41,15.23,,524501,446923,,,49.87,
YMAR,FT Vest International Equity Moderate Buffer ETF - March,Defined Outcome,First Trust,117437736.0,0.0,0.0975214,,117437736.0,24.8,25.07,24.92,,9475,49968,17.702005,,0.0,
YMAX,YieldMax Universe Fund of Option Income ETFs,Derivative Income,YieldMax ETFs,710928448.0,0.6322,,,710928450.0,13.4826,13.6,13.47,,2194958,1506814,,,63.22,
YOKE,Yoke Core ETF,,,,,,,,,24.9629,24.93,,7239,13608,26.934591,,,
YOLO,AdvisorShares Pure Cannabis ETF,Miscellaneous Sector,AdvisorShares,26014720.0,0.029000001,-0.33276322,-0.2740328,26014720.0,1.96455,1.98,1.92,,114359,53131,,,2.9,
YQQQ,YieldMax Short N100 Option Income Strategy ETF,Derivative Income,YieldMax ETFs,11550633.0,,,,11550633.0,15.2326,15.11,15.265,,23611,47639,,,,
YSEP,FT Vest International Equity Moderate Buffer ETF - September,Defined Outcome,First Trust,100638088.0,0.0,0.0893215,,100638088.0,23.77,23.82,23.6401,,10989,48300,16.465073,,0.0,
YSPY,GraniteShares YieldBOOST SPY ETF,,,,,,,,,19.4364,18.89,,13229,4863,,,,
YXI,ProShares Short FTSE China 50,Trading--Inverse Equity,ProShares,4061973.0,0.048899997,-0.1227616,-0.0895493,4061973.0,11.2527,11.2679,11.25,,4139,15988,,,4.89,
YYY,Amplify High Income ETF,Tactical Allocation,Amplify ETFs,520499968.0,0.1291,0.090013705,0.1024749,520499968.0,11.3794,11.32,11.3,,218791,338655,22.11382,,12.91,
ZALT,Innovator U.S. Equity 10 Buffer ETF - Quarterly,Defined Outcome,Innovator ETFs,431700928.0,0.0,,,431700928.0,30.2881,30.33,30.25,,50292,183393,24.63906,,0.0,
ZAP,Global X U.S. Electrification ETF,,,,,,,,,25.58,25.7,,11899,18757,22.421026,,,
ZAPR,,Defined Outcome,Innovator ETFs,41680108.0,,,,41680108.0,24.6947,24.7379,24.726,,1116,65276,24.348648,,,
ZAUG,Innovator Equity Defined Protection ETF - 1 Yr August,Defined Outcome,Innovator ETFs,73399992.0,,,,73399992.0,25.1079,25.1616,25.1317,,1877,19625,24.42251,,,
ZDEK,Innovator Equity Defined Protection ETF - 1 Yr December,Defined Outcome,Innovator ETFs,168175136.0,,,,168175136.0,24.0111,24.08,24.0399,,5850,83666,24.420013,,,
ZECP,Zacks Earnings Consistent Portfolio ETF,Large Blend,Zacks Funds,218916240.0,0.0064999997,0.1039253,,218916240.0,30.25,30.41,30.15,,11363,41360,25.052496,,0.65,
ZFEB,Innovator Equity Defined Protection ETF - 1 Yr February,Defined Outcome,Innovator ETFs,135087104.0,,,,135087104.0,23.9177,23.99,23.93,,52622,78109,24.374233,,,
ZHDG,ZEGA Buy and Hedge ETF,Derivative Income,ZEGA Investments LLC,26743460.0,0.027,0.071300805,,26743460.0,20.1797,20.3323,20.18,,2507,5841,26.415136,,2.7,
ZIG,The Acquirers Fund ETF,Mid-Cap Value,Acquirers Funds,33821440.0,0.0226,0.1021463,0.1177193,33821440.0,33.757,33.9864,33.54,,1253,6646,8.777858,,2.26,
ZIPP,STKd 100% UBER & 100% TSLA ETF,,,,,,,,,25.4919,25.331,,890,1103,,,,
ZJAN,,Defined Outcome,Innovator ETFs,53705092.0,,,,53705092.0,25.8331,25.88,25.825,,2394,8014,24.358536,,,
ZJUL,Innovator Equity Defined Protection ETF - 1 Yr July,Defined Outcome,Innovator ETFs,112895088.0,,,,112895088.0,27.3158,27.42,27.24,,784,28152,24.695675,,,
ZMAR,Innovator Equity Defined Protection ETF - 1 Yr March,Defined Outcome,Innovator ETFs,105170640.0,,,,105170640.0,26.0304,26.081,25.97,,1515,98655,24.36759,,,
ZMAY,Innovator Equity Defined Protection ETF - 1 Yr May,Defined Outcome,Innovator ETFs,24.0,,,,24.0,24.3948,24.4,24.422,,9418,91300,,,,
ZNOV,Innovator Equity Defined Protection ETF - 1 Yr November,Defined Outcome,Innovator ETFs,50148944.0,,,,50148944.0,25.3585,25.375,25.38,,4326,18177,24.430504,,,
ZOCT,Innovator Equity Defined Protection ETF - 1 Yr October,Defined Outcome,Innovator ETFs,73202168.0,,,,73202168.0,25.4887,25.5274,25.46,,894,17384,24.434923,,,
ZROZ,PIMCO 25+ Year Zero Coupon U.S. Treasury Index Exchange-Traded Fund,Long Government,PIMCO,1475750400.0,0.046,-0.14100079,-0.16290501,1475750400.0,62.65,62.47,62.73,,456244,478793,,,4.6,
ZSB,USCF Sustainable Battery Metals Strategy Fund,Commodities Focused,USCF Investments,1344402.0,0.028499998,,,1344402.0,13.663,13.675,13.83,,48,5296,14.390232,,2.85,
ZSC,USCF Sustainable Commodity Strategy Fund,Commodities Broad Basket,USCF Investments,2255233.0,0.0215,,,2255233.0,22.938,22.5999,22.56,,5,111,15.021641,,2.15,
ZSEP,Innovator Equity Defined Protection ETF - 1 Yr September,Defined Outcome,Innovator ETFs,81687416.0,,,,81687416.0,25.3029,25.32,25.2822,,751,25025,24.511118,,,
ZSL,ProShares UltraShort Silver,Trading--Inverse Commodities,ProShares,30599844.0,0.0,-0.35482207,-0.38843262,30599844.0,30.142,30.96,30.63,,221967,397738,,,0.0,
ZTAX,X-Square Municipal Income Tax Free ETF,Muni National Interm,Xsquare Capital,4389589.0,0.049000002,,,4389589.0,24.55,24.5,24.9,,55,3117,,,4.9,
ZTEN,F/M 10-Year Investment Grade Corporate Bond ETF,Long-Term Bond,"F/m investments, LLC",61969876.0,0.0529,,,61969876.0,49.255,49.2267,49.31,,417,5550,,,5.29,
ZTRE,F/M 3-Year Investment Grade Corporate Bond ETF,Short-Term Bond,"F/m investments, LLC",164980304.0,0.0469,,,164980304.0,50.6453,50.65,50.7,,12895,2406,,,4.69,
ZTWO,F/M 2-Year Investment Grade Corporate Bond ETF,Short-Term Bond,"F/m investments, LLC",144053616.0,0.0479,,,144053616.0,50.5091,50.555,50.555,,12839,7392,,,4.79,
ZVOL,Volatility Shares Trust - Volatility Premium Plus ETF,,,,,,,,,13.47,13.14,,60131,32385,,,,
ZZZ,CYBER HORNET S&P 500 and Bitcoin 75/25 Strategy ETF,Large Blend,ONEFUND Trust,5157651.0,0.053400002,,,5157651.0,27.5589,27.8635,27.55,,195,1331,25.659834,,5.34,
